# Blender 5.0.1
# www.blender.org
o GEO_GoldMine_B
v 10.000000 0.000000 -12.292799
v 10.000000 0.000000 -10.943628
v 10.000000 0.372746 -10.832776
v 10.000000 0.548389 -12.381083
v 10.000000 0.150533 -12.387096
v 10.000000 0.150533 -10.849331
v 10.000000 0.637472 -10.960485
v 10.000000 0.648264 -10.971618
v 10.000000 0.870368 -12.231343
v 10.000000 0.879140 -12.218429
v 9.625038 0.000000 -11.038178
v 9.614551 0.000000 -11.048666
v 9.705160 0.615328 -11.020448
v 9.692806 0.606637 -11.020061
v 9.703207 0.604903 -11.009818
v 9.602106 0.391913 -10.946006
v 9.591436 0.393692 -10.956512
v 9.614551 0.000000 -12.187761
v 9.625038 0.000000 -12.198249
v 9.692806 0.830070 -12.178250
v 9.705160 0.838564 -12.176297
v 9.703207 0.830070 -12.188651
v 9.602106 0.548389 -12.266106
v 9.591436 0.548389 -12.255437
v 10.385449 0.000000 -11.048666
v 10.374962 0.000000 -11.038178
v 10.307194 0.606637 -11.020061
v 10.294840 0.615328 -11.020448
v 10.296793 0.604903 -11.009818
v 10.397894 0.391913 -10.946006
v 10.408564 0.393692 -10.956512
v 10.374962 0.000000 -12.198249
v 10.385449 0.000000 -12.187761
v 10.456293 0.150533 -10.977874
v 10.445754 0.150533 -10.967335
v 10.445754 0.150533 -12.269093
v 10.456293 0.150533 -12.258554
v 9.543707 0.150533 -12.258554
v 9.554246 0.150533 -12.269093
v 10.294840 0.838564 -12.176297
v 10.307194 0.830070 -12.178250
v 10.296793 0.830070 -12.188651
v 10.408564 0.548389 -12.255437
v 10.397894 0.548389 -12.266106
v 9.543707 0.150533 -10.977874
v 9.554246 0.150533 -10.967335
v 9.446959 0.150533 -11.893090
v 9.446959 0.150533 -11.343337
v 10.553041 0.150533 -11.343337
v 10.553041 0.150533 -11.893090
v 10.000000 0.947815 -11.960499
v 10.000000 0.758893 -11.213206
v 9.499530 0.446713 -11.269737
v 9.499530 0.548389 -11.937380
v 10.500470 0.548389 -11.937380
v 10.500470 0.446713 -11.269737
v 9.540292 0.000000 -11.343157
v 9.540292 0.000000 -11.893270
v 10.459708 0.000000 -11.893270
v 10.459708 0.000000 -11.343157
v 9.674540 0.680092 -11.226144
v 9.674540 0.868054 -11.962011
v 9.661697 0.859434 -11.961987
v 9.661697 0.671606 -11.227728
v 10.325460 0.868054 -11.962011
v 10.325460 0.680092 -11.226144
v 10.338303 0.671606 -11.227728
v 10.338303 0.859434 -11.961987
v 10.522538 0.000000 -12.028480
v 10.522538 0.000000 -11.268159
v 10.522538 0.710458 -11.233676
v 10.522538 0.710458 -12.062963
v 10.067695 0.158059 -11.648319
v 10.977381 0.158059 -11.648319
v 10.522538 1.065259 -11.648319
v 10.522538 0.158059 -12.103163
v 10.107894 0.710458 -11.648319
v 10.522538 0.158059 -11.193476
v 10.937181 0.710458 -11.648319
v 10.142378 0.000000 -11.648319
v 10.902698 0.000000 -11.648319
v 10.522538 0.961842 -11.371209
v 10.522538 0.971053 -11.381438
v 10.522538 0.961842 -11.925428
v 10.522538 0.971053 -11.915200
v 10.225568 0.000000 -11.343043
v 10.217262 0.000000 -11.351349
v 10.289024 0.928449 -11.414805
v 10.279240 0.919530 -11.413260
v 10.287477 0.919530 -11.405022
v 10.207405 0.710458 -11.324737
v 10.198956 0.710458 -11.333187
v 10.217262 0.000000 -11.945290
v 10.225568 0.000000 -11.953595
v 10.279240 0.919530 -11.883379
v 10.289024 0.928449 -11.881832
v 10.287477 0.919530 -11.891617
v 10.207405 0.710458 -11.971901
v 10.198956 0.710458 -11.963451
v 10.827813 0.000000 -11.351349
v 10.819508 0.000000 -11.343043
v 10.765836 0.919530 -11.413260
v 10.756051 0.928449 -11.414805
v 10.757598 0.919530 -11.405022
v 10.837670 0.710458 -11.324737
v 10.846120 0.710458 -11.333187
v 10.819508 0.000000 -11.953595
v 10.827813 0.000000 -11.945290
v 10.883922 0.158059 -11.295282
v 10.875575 0.158059 -11.286936
v 10.875575 0.158059 -12.009703
v 10.883922 0.158059 -12.001356
v 10.161154 0.158059 -12.001356
v 10.169500 0.158059 -12.009703
v 10.756051 0.928449 -11.881832
v 10.765836 0.919530 -11.883379
v 10.757598 0.919530 -11.891617
v 10.846120 0.710458 -11.963451
v 10.837670 0.710458 -11.971901
v 10.161154 0.158059 -11.295282
v 10.169500 0.158059 -11.286936
v 10.255656 0.971053 -11.648319
v 10.245428 0.961842 -11.648319
v 10.789419 0.971053 -11.648319
v 10.799647 0.961842 -11.648319
v 9.715434 0.000000 -12.441790
v 9.419754 0.000000 -11.929657
v 9.406343 0.552578 -11.906429
v 9.728845 0.552578 -12.465017
v 9.261223 0.122935 -12.362607
v 9.873965 0.122935 -12.008840
v 9.567594 0.828535 -12.185723
v 9.744477 0.122935 -12.492094
v 9.288301 0.552578 -12.346973
v 9.390711 0.122935 -11.879352
v 9.846888 0.552578 -12.024473
v 9.311527 0.000000 -12.333563
v 9.823661 0.000000 -12.037883
v 9.459829 0.748100 -11.999069
v 9.463807 0.755264 -12.005959
v 9.675359 0.748100 -12.372377
v 9.671381 0.755264 -12.365488
v 9.248844 0.000000 -12.095586
v 9.246479 0.000000 -12.104410
v 9.319494 0.722127 -12.119246
v 9.312303 0.715190 -12.122008
v 9.314648 0.715190 -12.113256
v 9.229491 0.552578 -12.090318
v 9.227085 0.552578 -12.099296
v 9.477456 0.000000 -12.504474
v 9.486280 0.000000 -12.506838
v 9.495127 0.715190 -12.438669
v 9.501116 0.722127 -12.433823
v 9.503880 0.715190 -12.441015
v 9.481166 0.552578 -12.526232
v 9.472189 0.552578 -12.523827
v 9.657732 0.000000 -11.866973
v 9.648908 0.000000 -11.864609
v 9.640061 0.715190 -11.932776
v 9.634072 0.722127 -11.937624
v 9.631309 0.715190 -11.930431
v 9.654022 0.552578 -11.845215
v 9.662999 0.552578 -11.847620
v 9.886344 0.000000 -12.275861
v 9.888708 0.000000 -12.267036
v 9.673721 0.122935 -11.807388
v 9.664853 0.122935 -11.805012
v 9.945930 0.122935 -12.291850
v 9.948305 0.122935 -12.282982
v 9.461467 0.122935 -12.564058
v 9.470335 0.122935 -12.566435
v 9.815694 0.722127 -12.252201
v 9.822886 0.715190 -12.249438
v 9.820540 0.715190 -12.258190
v 9.908102 0.552578 -12.272151
v 9.905697 0.552578 -12.281129
v 9.186882 0.122935 -12.088464
v 9.189259 0.122935 -12.079597
v 9.387830 0.755264 -12.289511
v 9.380939 0.748100 -12.293489
v 9.747358 0.755264 -12.081936
v 9.754249 0.748100 -12.077958
v 10.071694 0.000000 -10.966178
v 9.327636 0.000000 -11.097375
v 9.303624 0.368056 -11.101609
v 10.095706 0.368056 -10.961944
v 10.123698 0.087811 -10.957008
v 9.275632 0.087811 -11.106545
v 9.399393 0.507714 -11.084723
v 9.406515 0.512832 -11.083467
v 9.999937 0.507714 -10.978830
v 9.992815 0.512832 -10.980086
v 9.416243 0.000000 -11.294970
v 9.423046 0.000000 -11.299733
v 9.458422 0.489162 -11.241972
v 9.458546 0.484208 -11.248975
v 9.451798 0.484208 -11.244250
v 9.405725 0.368056 -11.309864
v 9.412646 0.368056 -11.314711
v 10.051249 0.000000 -11.188964
v 10.056012 0.000000 -11.182161
v 10.000529 0.484208 -11.153409
v 9.998251 0.489162 -11.146786
v 10.005254 0.484208 -11.146661
v 10.070990 0.368056 -11.192560
v 10.066143 0.368056 -11.199482
v 9.348082 0.000000 -10.874589
v 9.343318 0.000000 -10.881392
v 9.398801 0.484208 -10.910145
v 9.401079 0.489162 -10.916768
v 9.394076 0.484208 -10.916892
v 9.328341 0.368056 -10.870993
v 9.333187 0.368056 -10.864072
v 9.983088 0.000000 -10.768583
v 9.976284 0.000000 -10.763820
v 9.302151 0.087811 -10.842403
v 9.297364 0.087811 -10.849240
v 10.015273 0.087811 -10.722653
v 10.008436 0.087811 -10.717866
v 10.097178 0.087811 -11.221149
v 10.101966 0.087811 -11.214314
v 9.940908 0.489162 -10.821581
v 9.940784 0.484208 -10.814578
v 9.947532 0.484208 -10.819303
v 9.986684 0.368056 -10.748842
v 9.993605 0.368056 -10.753689
v 9.390894 0.087811 -11.345687
v 9.384057 0.087811 -11.340899
v 9.905037 0.087811 -11.310045
v 9.601852 0.087811 -11.363504
v 9.494293 0.087811 -10.753508
v 9.797478 0.087811 -10.700048
v 9.850569 0.552892 -11.005168
v 9.548761 0.552892 -11.058385
v 9.596990 0.368056 -11.334468
v 9.899674 0.368056 -11.281096
v 9.802341 0.368056 -10.729086
v 9.499656 0.368056 -10.782457
v 9.592677 0.000000 -11.312050
v 9.896060 0.000000 -11.258554
v 9.806653 0.000000 -10.751504
v 9.503270 0.000000 -10.804998
v 9.579576 0.506365 -11.238021
v 9.883052 0.506365 -11.184510
v 9.884287 0.501336 -11.191595
v 9.580838 0.501336 -11.245101
v 9.819755 0.506365 -10.825532
v 9.516278 0.506365 -10.879044
v 9.515043 0.501336 -10.871959
v 9.818492 0.501336 -10.818453
v 9.757985 0.415120 -11.087088
v 9.757985 0.415120 -10.779888
v 9.757985 0.601494 -10.765955
v 9.757985 0.601494 -11.101021
v 9.574210 0.480351 -10.933488
v 9.941760 0.480351 -10.933488
v 9.757985 0.747920 -10.933488
v 9.757985 0.480351 -11.117263
v 9.590453 0.601494 -10.933488
v 9.757985 0.480351 -10.749713
v 9.925518 0.601494 -10.933488
v 9.604385 0.415120 -10.933488
v 9.911586 0.415120 -10.933488
v 9.757985 0.705240 -10.821524
v 9.757985 0.709041 -10.825657
v 9.757985 0.705240 -11.045451
v 9.757985 0.709041 -11.041319
v 9.637998 0.415120 -10.810144
v 9.634642 0.415120 -10.813499
v 9.663636 0.691459 -10.839139
v 9.659683 0.687778 -10.838514
v 9.663012 0.687778 -10.835186
v 9.630659 0.601494 -10.802748
v 9.627245 0.601494 -10.806162
v 9.634642 0.415120 -11.053475
v 9.637998 0.415120 -11.056831
v 9.659683 0.687778 -11.028461
v 9.663636 0.691459 -11.027837
v 9.663012 0.687778 -11.031790
v 9.630659 0.601494 -11.064228
v 9.627245 0.601494 -11.060814
v 9.881330 0.415120 -10.813499
v 9.877974 0.415120 -10.810144
v 9.856288 0.687778 -10.838514
v 9.852334 0.691459 -10.839139
v 9.852960 0.687778 -10.835186
v 9.885312 0.601494 -10.802748
v 9.888725 0.601494 -10.806162
v 9.877974 0.415120 -11.056831
v 9.881330 0.415120 -11.053475
v 9.903999 0.480351 -10.790846
v 9.900627 0.480351 -10.787474
v 9.900627 0.480351 -11.079501
v 9.903999 0.480351 -11.076129
v 9.611972 0.480351 -11.076129
v 9.615344 0.480351 -11.079501
v 9.852334 0.691459 -11.027837
v 9.856288 0.687778 -11.028461
v 9.852960 0.687778 -11.031790
v 9.888725 0.601494 -11.060814
v 9.885312 0.601494 -11.064228
v 9.611972 0.480351 -10.790846
v 9.615344 0.480351 -10.787474
v 9.650155 0.709041 -10.933488
v 9.646022 0.705240 -10.933488
v 9.865816 0.709041 -10.933488
v 9.869949 0.705240 -10.933488
v 10.390553 0.612539 -11.438873
v 10.338018 0.468202 -11.172831
v 10.390840 0.613326 -11.067577
v 10.448139 0.770755 -11.357753
v 10.210915 0.656310 -11.273236
v 10.556299 0.530600 -11.273236
v 10.462860 0.811202 -11.139452
v 10.415034 0.679801 -11.432390
v 10.262060 0.749340 -11.212666
v 10.352180 0.507109 -11.114082
v 10.576919 0.634741 -11.212666
v 10.219949 0.592905 -11.305852
v 10.508622 0.487836 -11.305852
v 10.431071 0.723864 -11.063828
v 10.432904 0.728899 -11.065507
v 10.469365 0.829075 -11.257755
v 10.469785 0.830227 -11.252275
v 10.230441 0.523456 -11.199034
v 10.227861 0.526180 -11.201940
v 10.341343 0.753194 -11.085975
v 10.336431 0.751257 -11.087274
v 10.338989 0.748555 -11.084391
v 10.277484 0.674161 -11.099441
v 10.274859 0.676933 -11.102398
v 10.268899 0.638932 -11.409764
v 10.272627 0.639361 -11.412671
v 10.368914 0.840503 -11.251773
v 10.373612 0.841852 -11.249392
v 10.372611 0.840928 -11.254655
v 10.322200 0.797017 -11.325890
v 10.318407 0.796580 -11.322933
v 10.459671 0.441808 -11.201940
v 10.455944 0.441379 -11.199034
v 10.521178 0.684014 -11.087274
v 10.518661 0.688655 -11.085975
v 10.517482 0.683589 -11.084391
v 10.516779 0.587065 -11.099441
v 10.520571 0.587501 -11.102398
v 10.498130 0.557285 -11.412671
v 10.500710 0.554560 -11.409764
v 10.496422 0.476496 -11.149706
v 10.492676 0.476065 -11.146785
v 10.542616 0.613273 -11.399688
v 10.545208 0.610535 -11.396768
v 10.270792 0.710414 -11.396768
v 10.274537 0.710845 -11.399688
v 10.550930 0.777314 -11.249392
v 10.553661 0.773260 -11.251773
v 10.551103 0.775962 -11.254655
v 10.564118 0.707149 -11.322933
v 10.561495 0.709921 -11.325890
v 10.222006 0.576375 -11.149706
v 10.224598 0.573637 -11.146785
v 10.350017 0.816443 -11.158892
v 10.345007 0.814763 -11.160792
v 10.552672 0.742682 -11.158892
v 10.555429 0.738175 -11.160792
v 9.809258 0.592416 -12.297791
v 9.572301 0.592416 -12.015397
v 9.491238 0.844610 -12.061591
v 9.749689 0.844610 -12.369601
v 9.507421 0.605258 -12.310450
v 9.824917 0.756110 -12.044040
v 9.565219 1.042747 -12.261951
v 9.807923 0.680684 -12.346181
v 9.475746 0.775850 -12.337029
v 9.524415 0.680684 -12.008309
v 9.765181 0.913369 -12.094164
v 9.558097 0.529375 -12.267927
v 9.823462 0.655458 -12.045260
v 9.494959 0.984994 -12.145517
v 9.496713 0.990138 -12.150519
v 9.667685 0.984994 -12.351362
v 9.663062 0.990138 -12.348767
v 9.491991 0.543171 -12.130180
v 9.491681 0.541793 -12.135697
v 9.432246 0.927623 -12.225733
v 9.429737 0.921020 -12.226859
v 9.430045 0.922386 -12.221387
v 9.409632 0.792352 -12.187702
v 9.409316 0.790951 -12.193316
v 9.676785 0.541793 -12.356297
v 9.682273 0.543171 -12.356949
v 9.576253 0.921020 -12.401468
v 9.577797 0.927623 -12.399194
v 9.581696 0.922386 -12.402116
v 9.611323 0.792352 -12.428069
v 9.605741 0.790951 -12.427405
v 9.704774 0.643040 -11.956892
v 9.699286 0.641662 -11.956240
v 9.599567 1.001711 -12.084354
v 9.595246 1.005069 -12.088960
v 9.594125 1.000345 -12.083708
v 9.629604 0.896867 -12.003123
v 9.635186 0.898269 -12.003787
v 9.889567 0.641662 -12.183008
v 9.889877 0.643040 -12.177490
v 9.682272 0.740612 -11.940287
v 9.676758 0.739228 -11.939631
v 9.902012 0.739228 -12.208078
v 9.902324 0.740612 -12.202534
v 9.650065 0.620757 -12.414203
v 9.655580 0.622141 -12.414859
v 9.740797 1.005069 -12.262421
v 9.746082 1.001711 -12.258965
v 9.745775 1.000345 -12.264437
v 9.831612 0.898269 -12.237877
v 9.831296 0.896867 -12.243490
v 9.430015 0.620757 -12.151956
v 9.430326 0.622141 -12.146412
v 9.486742 0.945882 -12.327802
v 9.484606 0.939042 -12.329594
v 9.673034 1.034395 -12.171485
v 9.678038 1.030947 -12.167286
v 10.674955 0.030152 -12.287569
v 10.418251 0.030152 -11.981642
v 10.406609 0.216526 -11.967766
v 10.686598 0.216526 -12.301444
v 10.363589 0.095383 -12.288172
v 10.729617 0.095383 -11.981038
v 10.546603 0.362952 -12.134605
v 10.700171 0.095383 -12.317619
v 10.379765 0.216526 -12.274599
v 10.393036 0.095383 -11.951591
v 10.713442 0.216526 -11.994611
v 10.393640 0.030152 -12.262957
v 10.699567 0.030152 -12.006253
v 10.453044 0.320272 -12.023106
v 10.456497 0.324074 -12.027221
v 10.640162 0.320272 -12.246105
v 10.636709 0.324074 -12.241989
v 10.324043 0.030152 -12.112037
v 10.323505 0.030152 -12.118183
v 10.373805 0.306491 -12.119487
v 10.369346 0.302810 -12.122169
v 10.369879 0.302810 -12.116073
v 10.310555 0.216526 -12.110804
v 10.310007 0.216526 -12.117056
v 10.524035 0.030152 -12.357165
v 10.530181 0.030152 -12.357702
v 10.528070 0.302810 -12.311329
v 10.531486 0.306491 -12.307404
v 10.534166 0.302810 -12.311862
v 10.529054 0.216526 -12.371201
v 10.522801 0.216526 -12.370653
v 10.569171 0.030152 -11.912045
v 10.563025 0.030152 -11.911508
v 10.565136 0.302810 -11.957881
v 10.561721 0.306491 -11.961807
v 10.559040 0.302810 -11.957348
v 10.564152 0.216526 -11.898009
v 10.570405 0.216526 -11.898557
v 10.769163 0.030152 -12.157173
v 10.769701 0.030152 -12.151027
v 10.572818 0.095383 -11.870543
v 10.566641 0.095383 -11.870002
v 10.810666 0.095383 -12.160819
v 10.811207 0.095383 -12.154643
v 10.520389 0.095383 -12.398668
v 10.526566 0.095383 -12.399208
v 10.719401 0.306491 -12.149723
v 10.723861 0.302810 -12.147042
v 10.723328 0.302810 -12.153137
v 10.783198 0.216526 -12.152154
v 10.782652 0.216526 -12.158407
v 10.282000 0.095383 -12.114567
v 10.282540 0.095383 -12.108391
v 10.439219 0.324074 -12.224711
v 10.435103 0.320272 -12.228165
v 10.653987 0.324074 -12.044499
v 10.658103 0.320272 -12.041046
v 10.092937 0.826269 -11.845755
v 10.040403 0.681932 -11.579712
v 10.014037 0.839785 -11.483190
v 10.071337 0.997215 -11.773365
v 9.878759 0.805401 -11.722007
v 10.237793 0.817880 -11.644341
v 10.023844 1.047662 -11.561923
v 10.089704 0.897986 -11.842327
v 9.879036 0.912812 -11.663678
v 10.026849 0.725294 -11.524019
v 10.206338 0.924188 -11.592875
v 9.916629 0.748886 -11.745190
v 10.216711 0.759315 -11.680276
v 10.010189 0.957408 -11.484301
v 10.010406 0.962703 -11.486157
v 10.048483 1.062620 -11.678227
v 10.047287 1.064031 -11.672926
v 9.928370 0.692074 -11.631269
v 9.925665 0.693537 -11.634884
v 9.922812 0.950325 -11.525738
v 9.919317 0.946650 -11.527699
v 9.921999 0.945199 -11.524114
v 9.895953 0.852749 -11.541958
v 9.893202 0.854238 -11.545636
v 9.966703 0.806289 -11.842710
v 9.970555 0.807980 -11.844907
v 9.951800 1.035896 -11.692199
v 9.955082 1.038984 -11.689155
v 9.955621 1.037573 -11.694378
v 9.940669 0.975605 -11.768407
v 9.936749 0.973885 -11.766171
v 10.166636 0.701912 -11.582757
v 10.162785 0.700222 -11.580560
v 10.111366 0.953325 -11.486156
v 10.107138 0.956731 -11.485864
v 10.107546 0.951648 -11.483976
v 10.144705 0.861395 -11.488148
v 10.148623 0.863115 -11.490383
v 10.204971 0.816127 -11.794197
v 10.207675 0.814664 -11.790582
v 10.176514 0.749578 -11.528789
v 10.172643 0.747879 -11.526581
v 10.222582 0.885087 -11.779484
v 10.225300 0.883617 -11.775850
v 9.940039 0.873703 -11.837559
v 9.943910 0.875402 -11.839767
v 10.139407 1.045390 -11.649281
v 10.143849 1.042571 -11.650655
v 10.141167 1.044022 -11.654241
v 10.192172 0.982762 -11.710918
v 10.189421 0.984251 -11.714596
v 9.891253 0.739664 -11.590496
v 9.893970 0.738194 -11.586864
v 9.923514 1.009706 -11.602327
v 9.919967 1.006213 -11.604923
v 10.134179 1.017028 -11.556756
v 10.138705 1.013815 -11.557605
v 10.152318 0.713378 -11.528457
v 10.156897 0.725958 -11.375442
v 10.163508 0.800537 -11.374778
v 10.158514 0.786816 -11.541673
v 10.065342 0.753664 -11.452073
v 10.248356 0.737477 -11.456219
v 10.166042 0.851822 -11.463156
v 10.154110 0.738045 -11.545684
v 10.077592 0.801055 -11.456336
v 10.159588 0.753097 -11.362608
v 10.244431 0.786298 -11.460114
v 10.078126 0.726433 -11.450216
v 10.231090 0.712903 -11.453682
v 10.166245 0.839458 -11.405950
v 10.166314 0.840799 -11.408136
v 10.162908 0.830289 -11.517488
v 10.163099 0.831967 -11.515557
v 10.096701 0.730003 -11.389158
v 10.094979 0.730014 -11.390792
v 10.118529 0.837420 -11.413196
v 10.116444 0.836158 -11.412716
v 10.118151 0.836148 -11.411096
v 10.099561 0.804638 -11.391667
v 10.097810 0.804648 -11.393330
v 10.091403 0.720187 -11.510324
v 10.093023 0.719902 -11.512033
v 10.113613 0.828380 -11.507328
v 10.115717 0.829693 -11.507185
v 10.115221 0.828097 -11.509024
v 10.095663 0.793930 -11.521911
v 10.094014 0.794220 -11.520171
v 10.217813 0.719149 -11.393575
v 10.216191 0.719435 -11.391866
v 10.214339 0.827499 -11.414933
v 10.212487 0.829109 -11.415324
v 10.212731 0.827782 -11.413238
v 10.226359 0.793423 -11.394540
v 10.228008 0.793132 -11.396279
v 10.212515 0.709333 -11.514740
v 10.214235 0.709322 -11.513106
v 10.231679 0.744982 -11.384744
v 10.230050 0.745268 -11.383025
v 10.225698 0.733310 -11.528483
v 10.227427 0.733299 -11.526842
v 10.082019 0.746160 -11.523548
v 10.083648 0.745874 -11.525266
v 10.209675 0.821382 -11.509314
v 10.211508 0.819721 -11.509545
v 10.209801 0.819731 -11.511166
v 10.224213 0.782705 -11.523121
v 10.222462 0.782715 -11.524782
v 10.086270 0.757843 -11.381450
v 10.088000 0.757832 -11.379808
v 10.111014 0.841132 -11.460630
v 10.108826 0.839805 -11.460456
v 10.218399 0.831634 -11.463063
v 10.220325 0.829943 -11.462981
v 9.914257 0.826565 -11.910462
v 9.918836 0.839145 -11.757446
v 9.912457 0.913740 -11.756395
v 9.907464 0.900019 -11.923290
v 9.822754 0.850894 -11.832631
v 10.005729 0.866633 -11.839400
v 9.904787 0.965037 -11.844469
v 9.911502 0.851238 -11.927553
v 9.826559 0.899705 -11.836758
v 9.916981 0.866289 -11.744477
v 9.993362 0.914054 -11.842929
v 9.840080 0.826278 -11.831125
v 9.993011 0.839433 -11.836783
v 9.907964 0.952670 -11.787353
v 9.907768 0.954011 -11.789531
v 9.904626 0.943501 -11.898890
v 9.904553 0.945180 -11.896952
v 9.858652 0.832768 -11.770308
v 9.856932 0.832487 -11.771917
v 9.861219 0.942435 -11.793953
v 9.859390 0.940829 -11.793452
v 9.861097 0.941108 -11.791856
v 9.848523 0.906781 -11.772377
v 9.846773 0.906495 -11.774014
v 9.853354 0.822660 -11.891448
v 9.854975 0.822666 -11.893182
v 9.856560 0.933051 -11.888065
v 9.858407 0.934708 -11.887943
v 9.858167 0.933057 -11.889784
v 9.844626 0.896073 -11.902619
v 9.842978 0.896067 -11.900856
v 9.979738 0.843051 -11.776461
v 9.978117 0.843044 -11.774727
v 9.957265 0.949249 -11.797073
v 9.955157 0.950516 -11.797428
v 9.955657 0.949242 -11.795354
v 9.975295 0.917686 -11.777066
v 9.976944 0.917692 -11.778830
v 9.974441 0.832942 -11.897601
v 9.976161 0.833224 -11.895991
v 9.989057 0.870857 -11.767655
v 9.987428 0.870851 -11.765913
v 9.983075 0.858893 -11.911371
v 9.984804 0.859175 -11.909754
v 9.839426 0.846670 -11.904375
v 9.841055 0.846676 -11.906117
v 9.952345 0.942788 -11.891418
v 9.954433 0.941470 -11.891685
v 9.952727 0.941191 -11.893282
v 9.973148 0.907264 -11.905672
v 9.971398 0.906978 -11.907310
v 9.843678 0.858352 -11.762277
v 9.845407 0.858635 -11.760659
v 9.852480 0.944978 -11.841255
v 9.850557 0.943291 -11.841059
v 9.959842 0.954213 -11.845227
v 9.962033 0.952880 -11.845183
v 9.916006 0.575674 -10.993949
v 9.930322 0.436657 -10.930214
v 9.930807 0.461407 -10.859550
v 9.915193 0.613034 -10.929067
v 9.831619 0.509165 -10.934977
v 10.014594 0.524905 -10.941746
v 9.922871 0.561619 -10.841062
v 9.914542 0.600199 -10.976489
v 9.839599 0.530047 -10.891223
v 9.931671 0.433871 -10.900232
v 10.006401 0.544395 -10.897394
v 9.846699 0.499588 -10.959252
v 9.999630 0.512743 -10.964911
v 9.928126 0.503841 -10.833353
v 9.927931 0.506344 -10.832828
v 9.917691 0.605175 -10.879811
v 9.917880 0.603938 -10.877571
v 9.869180 0.445211 -10.934281
v 9.867352 0.446586 -10.934916
v 9.880348 0.505475 -10.840281
v 9.878413 0.504410 -10.841417
v 9.880225 0.503046 -10.840788
v 9.865706 0.472604 -10.864839
v 9.863848 0.474003 -10.865484
v 9.856169 0.555182 -10.984704
v 9.857683 0.556844 -10.985462
v 9.869561 0.590367 -10.880826
v 9.871555 0.590867 -10.879431
v 9.871063 0.592016 -10.881577
v 9.853521 0.590932 -10.919088
v 9.851981 0.589241 -10.918317
v 9.990159 0.457149 -10.939459
v 9.988645 0.455487 -10.938701
v 9.976287 0.512829 -10.845037
v 9.974286 0.513556 -10.843757
v 9.974785 0.511180 -10.844286
v 9.992478 0.483509 -10.869528
v 9.994019 0.485200 -10.870299
v 9.977149 0.567120 -10.989882
v 9.978975 0.565746 -10.989247
v 10.002442 0.458738 -10.911456
v 10.000921 0.457068 -10.910694
v 9.987312 0.589219 -10.971281
v 9.989148 0.587837 -10.970644
v 9.843770 0.575332 -10.965265
v 9.845292 0.577002 -10.966027
v 9.965493 0.598947 -10.882906
v 9.967435 0.598786 -10.884447
v 9.965623 0.600150 -10.885077
v 9.982152 0.600438 -10.923133
v 9.980293 0.601837 -10.923779
v 9.857065 0.446233 -10.906077
v 9.858901 0.444851 -10.905440
v 9.869225 0.550524 -10.853214
v 9.867170 0.549713 -10.854520
v 9.976586 0.559759 -10.857185
v 9.978646 0.559302 -10.858644
v 10.439532 0.030152 -12.351219
v 10.289422 0.030152 -12.296584
v 10.282614 0.104702 -12.294106
v 10.446341 0.104702 -12.353697
v 10.331793 0.056245 -12.413701
v 10.397161 0.056245 -12.234101
v 10.364477 0.163272 -12.323901
v 10.454277 0.056245 -12.356586
v 10.334682 0.104702 -12.405765
v 10.274677 0.056245 -12.291217
v 10.394273 0.104702 -12.242039
v 10.337159 0.030152 -12.398956
v 10.391795 0.030152 -12.248846
v 10.309768 0.146200 -12.303988
v 10.311787 0.147721 -12.304724
v 10.419188 0.146200 -12.343814
v 10.417168 0.147721 -12.343080
v 10.282866 0.030152 -12.360596
v 10.283910 0.030152 -12.362832
v 10.301595 0.140688 -12.353224
v 10.300587 0.139215 -12.355044
v 10.299552 0.139215 -12.352826
v 10.277947 0.104702 -12.362866
v 10.279009 0.104702 -12.365142
v 10.401172 0.030152 -12.405512
v 10.403408 0.030152 -12.404469
v 10.393402 0.139215 -12.388827
v 10.393800 0.140688 -12.386785
v 10.395620 0.139215 -12.387793
v 10.405717 0.104702 -12.409370
v 10.403441 0.104702 -12.410432
v 10.327784 0.030152 -12.242290
v 10.325546 0.030152 -12.243334
v 10.335552 0.139215 -12.258976
v 10.335155 0.140688 -12.261019
v 10.333334 0.139215 -12.260011
v 10.323237 0.104702 -12.238433
v 10.325513 0.104702 -12.237371
v 10.446088 0.030152 -12.287208
v 10.445045 0.030152 -12.284971
v 10.320745 0.056245 -12.227184
v 10.318498 0.056245 -12.228232
v 10.461194 0.056245 -12.280169
v 10.460146 0.056245 -12.277923
v 10.408209 0.056245 -12.420618
v 10.410457 0.056245 -12.419571
v 10.427360 0.140688 -12.294579
v 10.428369 0.139215 -12.292758
v 10.429403 0.139215 -12.294976
v 10.449946 0.104702 -12.282661
v 10.451008 0.104702 -12.284937
v 10.268808 0.056245 -12.369881
v 10.267760 0.056245 -12.367633
v 10.345300 0.147721 -12.376592
v 10.344564 0.146200 -12.378612
v 10.383656 0.147721 -12.271211
v 10.384390 0.146200 -12.269192
v 10.861286 0.030152 -12.022850
v 10.688237 0.030152 -12.053364
v 10.680388 0.112157 -12.054748
v 10.869135 0.112157 -12.021466
v 10.793015 0.058854 -12.141629
v 10.756508 0.058854 -11.934585
v 10.774761 0.176584 -12.038107
v 10.878284 0.058854 -12.019853
v 10.791402 0.112157 -12.132480
v 10.671239 0.058854 -12.056360
v 10.758121 0.112157 -11.943734
v 10.790018 0.030152 -12.124631
v 10.759505 0.030152 -11.951582
v 10.711692 0.157805 -12.049228
v 10.714020 0.159478 -12.048818
v 10.837831 0.157805 -12.026986
v 10.835504 0.159478 -12.027396
v 10.717199 0.030152 -12.117949
v 10.719422 0.030152 -12.119506
v 10.730986 0.151741 -12.100626
v 10.731026 0.150122 -12.102915
v 10.728821 0.150122 -12.101371
v 10.713761 0.112157 -12.122817
v 10.716023 0.112157 -12.124401
v 10.854604 0.030152 -12.095670
v 10.856160 0.030152 -12.093446
v 10.838025 0.150122 -12.084048
v 10.837280 0.151741 -12.081883
v 10.839570 0.150122 -12.081842
v 10.861056 0.112157 -12.096845
v 10.859472 0.112157 -12.099107
v 10.694920 0.030152 -11.980544
v 10.693363 0.030152 -11.982768
v 10.711498 0.150122 -11.992166
v 10.712243 0.151741 -11.994330
v 10.709953 0.150122 -11.994371
v 10.688467 0.112157 -11.979368
v 10.690051 0.112157 -11.977106
v 10.832324 0.030152 -11.958265
v 10.830101 0.030152 -11.956708
v 10.679907 0.058854 -11.970024
v 10.678343 0.058854 -11.972259
v 10.842845 0.058854 -11.943253
v 10.840610 0.058854 -11.941688
v 10.869616 0.058854 -12.106190
v 10.871181 0.058854 -12.103955
v 10.818538 0.151741 -11.975588
v 10.818498 0.150122 -11.973299
v 10.820703 0.150122 -11.974843
v 10.833500 0.112157 -11.951813
v 10.835762 0.112157 -11.953397
v 10.708914 0.058854 -12.134526
v 10.706678 0.058854 -12.132961
v 10.785472 0.159478 -12.098849
v 10.785883 0.157805 -12.101177
v 10.764051 0.159478 -11.977365
v 10.763640 0.157805 -11.975037
v 9.566685 0.728777 -12.117172
v 9.576569 0.675721 -11.973366
v 9.571988 0.742984 -11.940794
v 9.561207 0.800852 -12.097645
v 9.478379 0.718764 -12.032767
v 9.661354 0.734503 -12.039536
v 9.562646 0.826654 -11.998754
v 9.563953 0.758372 -12.122181
v 9.483196 0.764744 -12.016134
v 9.575779 0.694894 -11.950123
v 9.649999 0.779092 -12.022305
v 9.495161 0.695672 -12.042440
v 9.648092 0.708827 -12.048098
v 9.567400 0.791363 -11.952307
v 9.567164 0.793498 -11.953711
v 9.560196 0.830037 -12.057132
v 9.560226 0.830744 -12.054666
v 9.515862 0.675809 -11.985319
v 9.514084 0.676244 -11.986829
v 9.520236 0.785213 -11.960741
v 9.518388 0.783560 -11.960891
v 9.520152 0.783128 -11.959394
v 9.507418 0.743886 -11.955672
v 9.505609 0.744329 -11.957208
v 9.506363 0.717690 -12.099166
v 9.507926 0.718413 -12.100799
v 9.512277 0.816365 -12.049809
v 9.514165 0.817803 -12.049074
v 9.513826 0.817083 -12.051428
v 9.499005 0.789046 -12.078077
v 9.497416 0.788310 -12.076416
v 9.636890 0.686808 -11.991371
v 9.635328 0.686085 -11.989738
v 9.616261 0.791979 -11.964511
v 9.614175 0.793294 -11.964216
v 9.614712 0.791262 -11.962892
v 9.634190 0.754791 -11.960362
v 9.635779 0.755527 -11.962024
v 9.627391 0.728690 -12.105219
v 9.629169 0.728254 -12.103709
v 9.647144 0.708251 -11.972068
v 9.645575 0.707524 -11.970427
v 9.636179 0.757959 -12.107131
v 9.637966 0.757521 -12.105614
v 9.492588 0.745016 -12.100236
v 9.494159 0.745743 -12.101876
v 9.608103 0.825883 -12.052549
v 9.610150 0.824784 -12.053430
v 9.608386 0.825217 -12.054926
v 9.627586 0.799507 -12.081231
v 9.625777 0.799950 -12.082767
v 9.501767 0.695745 -11.966689
v 9.503554 0.695307 -11.965173
v 9.510015 0.807503 -12.002202
v 9.508060 0.805905 -12.002657
v 9.617376 0.816738 -12.006174
v 9.619535 0.815494 -12.006782
v 9.548580 0.030152 -11.423330
v 9.233946 0.030152 -11.367852
v 9.219676 0.179251 -11.365335
v 9.562850 0.179251 -11.425846
v 9.358074 0.082337 -11.583814
v 9.424452 0.082337 -11.207369
v 9.391263 0.296392 -11.395591
v 9.579486 0.082337 -11.428780
v 9.361008 0.179251 -11.567178
v 9.203041 0.082337 -11.362402
v 9.421518 0.179251 -11.224004
v 9.363523 0.030152 -11.552908
v 9.419003 0.030152 -11.238274
v 9.276590 0.262248 -11.375371
v 9.280823 0.265289 -11.376118
v 9.505936 0.262248 -11.415811
v 9.501703 0.265289 -11.415065
v 9.243265 0.030152 -11.496207
v 9.246097 0.030152 -11.500251
v 9.277592 0.251223 -11.475184
v 9.276238 0.248279 -11.479120
v 9.273430 0.248279 -11.475110
v 9.234365 0.179251 -11.502388
v 9.237245 0.179251 -11.506501
v 9.491879 0.030152 -11.543589
v 9.495922 0.030152 -11.540758
v 9.470782 0.248279 -11.513424
v 9.470857 0.251223 -11.509262
v 9.474792 0.248279 -11.510616
v 9.502172 0.179251 -11.549609
v 9.498059 0.179251 -11.552489
v 9.290647 0.030152 -11.247593
v 9.286604 0.030152 -11.250424
v 9.311744 0.248279 -11.277759
v 9.311670 0.251223 -11.281920
v 9.307734 0.248279 -11.280566
v 9.280354 0.179251 -11.241572
v 9.284467 0.179251 -11.238692
v 9.539261 0.030152 -11.294974
v 9.536430 0.030152 -11.290932
v 9.271539 0.082337 -11.220284
v 9.267476 0.082337 -11.223128
v 9.566570 0.082337 -11.275867
v 9.563725 0.082337 -11.271804
v 9.510987 0.082337 -11.570898
v 9.515050 0.082337 -11.568053
v 9.504934 0.251223 -11.315998
v 9.506289 0.248279 -11.312061
v 9.509096 0.248279 -11.316072
v 9.545281 0.179251 -11.284681
v 9.548162 0.179251 -11.288795
v 9.218801 0.082337 -11.519378
v 9.215956 0.082337 -11.515315
v 9.371790 0.265289 -11.506031
v 9.371043 0.262248 -11.510264
v 9.410737 0.265289 -11.285151
v 9.411483 0.262248 -11.280918
v 9.482508 0.030152 -11.554702
v 9.332397 0.030152 -11.609338
v 9.325589 0.104702 -11.611815
v 9.489316 0.104702 -11.552224
v 9.440137 0.056245 -11.671820
v 9.374768 0.056245 -11.492220
v 9.407453 0.163272 -11.582020
v 9.497252 0.056245 -11.549335
v 9.437248 0.104702 -11.663883
v 9.317653 0.056245 -11.614704
v 9.377657 0.104702 -11.500156
v 9.434771 0.030152 -11.657075
v 9.380135 0.030152 -11.506965
v 9.352742 0.146200 -11.601933
v 9.354762 0.147721 -11.601198
v 9.462162 0.146200 -11.562107
v 9.460143 0.147721 -11.562842
v 9.368522 0.030152 -11.662588
v 9.370758 0.030152 -11.663630
v 9.378130 0.140688 -11.644902
v 9.378528 0.139215 -11.646946
v 9.376309 0.139215 -11.645911
v 9.366213 0.104702 -11.667489
v 9.368488 0.104702 -11.668550
v 9.488020 0.030152 -11.620951
v 9.489063 0.030152 -11.618714
v 9.471344 0.139215 -11.613163
v 9.470335 0.140688 -11.611342
v 9.472378 0.139215 -11.610945
v 9.493982 0.104702 -11.620984
v 9.492922 0.104702 -11.623260
v 9.326885 0.030152 -11.543089
v 9.325842 0.030152 -11.545326
v 9.343561 0.139215 -11.550877
v 9.344570 0.140688 -11.552697
v 9.342527 0.139215 -11.553095
v 9.320923 0.104702 -11.543056
v 9.321983 0.104702 -11.540780
v 9.446383 0.030152 -11.501452
v 9.444147 0.030152 -11.500409
v 9.311784 0.056245 -11.536040
v 9.310736 0.056245 -11.538288
v 9.453432 0.056245 -11.486351
v 9.451184 0.056245 -11.485303
v 9.503121 0.056245 -11.627999
v 9.504169 0.056245 -11.625751
v 9.436775 0.140688 -11.519137
v 9.436378 0.139215 -11.517095
v 9.438596 0.139215 -11.518129
v 9.446417 0.104702 -11.495490
v 9.448692 0.104702 -11.496552
v 9.363721 0.056245 -11.678737
v 9.361473 0.056245 -11.677689
v 9.426630 0.147721 -11.634710
v 9.427365 0.146200 -11.636730
v 9.388275 0.147721 -11.529329
v 9.387540 0.146200 -11.527310
vn -0.4571 0.6756 0.5785
vn -0.4547 0.7659 -0.4547
vn 0.4571 0.6756 0.5785
vn 0.4547 0.7659 -0.4547
vn -0.6542 0.2748 0.7046
vn -0.6769 -0.2753 0.6827
vn -0.6843 -0.2331 0.6909
vn -0.6506 0.2865 0.7033
vn 0.5887 -0.5539 -0.5887
vn 0.6869 -0.2375 -0.6869
vn 0.6838 -0.2547 -0.6838
vn -0.0000 0.7247 0.6891
vn -0.1910 0.7114 0.6764
vn -0.5768 0.4733 0.6658
vn -0.6854 0.2461 -0.6854
vn -0.6453 0.4090 -0.6453
vn -0.6828 0.2599 -0.6828
vn 0.6542 0.2748 0.7046
vn 0.5768 0.4733 0.6658
vn 0.6506 0.2865 0.7033
vn -0.5887 -0.5539 -0.5887
vn -0.6838 -0.2547 -0.6838
vn -0.6869 -0.2375 -0.6869
vn 0.1897 0.8174 -0.5439
vn -0.0000 0.8325 -0.5540
vn 0.5887 -0.5539 0.5887
vn 0.6769 -0.2753 0.6827
vn 0.6843 -0.2331 0.6909
vn 0.6828 0.2599 -0.6828
vn 0.6453 0.4090 -0.6453
vn 0.6854 0.2461 -0.6854
vn -0.5887 -0.5539 0.5887
vn -0.1897 0.8174 -0.5439
vn 0.1910 0.7114 0.6764
vn 0.2509 0.1451 0.9571
vn 0.2159 0.4024 0.8896
vn -0.0000 0.4121 0.9111
vn -0.0000 0.1713 0.9852
vn -0.2159 0.4024 0.8896
vn -0.2509 0.1451 0.9571
vn -0.0000 0.3860 -0.9225
vn 0.2258 0.3760 -0.8987
vn 0.2524 0.1835 -0.9501
vn -0.0000 0.2042 -0.9789
vn -0.2258 0.3760 -0.8987
vn -0.2524 0.1835 -0.9501
vn -0.0000 -0.5204 0.8539
vn -0.0000 -0.2849 0.9586
vn -0.2483 -0.2817 0.9268
vn -0.2159 -0.5081 0.8338
vn -0.2159 -0.5081 -0.8338
vn -0.2523 -0.2333 -0.9391
vn -0.0000 -0.2460 -0.9693
vn -0.0000 -0.5204 -0.8539
vn 0.2159 -0.5081 0.8338
vn 0.2483 -0.2817 0.9268
vn 0.2523 -0.2333 -0.9391
vn 0.2159 -0.5081 -0.8338
vn -0.9462 0.3099 -0.0935
vn -0.9726 -0.2009 -0.1167
vn -0.9732 -0.1957 0.1206
vn -0.9279 0.3265 0.1797
vn 0.9279 0.3265 0.1797
vn 0.9732 -0.1957 0.1206
vn 0.9726 -0.2009 -0.1167
vn 0.9462 0.3099 -0.0935
vn 0.8471 -0.5192 0.1132
vn 0.8471 -0.5192 -0.1132
vn -0.8471 -0.5192 -0.1132
vn -0.8471 -0.5192 0.1132
vn -0.5571 0.8304 -0.0034
vn -0.5577 0.8298 0.0202
vn -0.5482 0.7930 0.2656
vn -0.5482 0.7929 0.2662
vn 0.5482 0.7929 0.2662
vn 0.5482 0.7930 0.2656
vn 0.5577 0.8298 0.0202
vn 0.5571 0.8304 -0.0034
vn 0.2238 0.9743 0.0257
vn -0.0000 0.9999 0.0154
vn -0.0000 0.9504 0.3110
vn 0.2185 0.9275 0.3034
vn -0.2238 0.9743 0.0257
vn -0.2185 0.9275 0.3034
vn -0.8823 0.4640 -0.0790
vn -0.8356 0.5100 0.2043
vn 0.8823 0.4640 -0.0790
vn 0.8356 0.5100 0.2043
vn -0.9338 0.2566 -0.2491
vn -0.9506 -0.1758 -0.2557
vn -0.9525 -0.1527 0.2636
vn -0.8349 -0.5060 0.2163
vn -0.9066 0.3024 0.2943
vn -0.8349 -0.5060 -0.2163
vn 0.9338 0.2566 -0.2491
vn 0.9506 -0.1758 -0.2557
vn 0.9066 0.3024 0.2943
vn 0.9525 -0.1527 0.2636
vn 0.8349 -0.5060 -0.2163
vn 0.8349 -0.5060 0.2163
vn 0.1995 0.9567 -0.2118
vn -0.0000 0.9764 -0.2162
vn 0.2002 0.9074 0.3695
vn -0.0000 0.9261 0.3772
vn -0.2002 0.9074 0.3695
vn -0.1995 0.9567 -0.2118
vn -0.8825 0.4124 -0.2259
vn -0.8093 0.5021 0.3049
vn 0.8093 0.5021 0.3049
vn 0.8825 0.4124 -0.2259
vn -0.5417 0.8189 -0.1896
vn -0.5433 0.7744 0.3242
vn 0.5433 0.7744 0.3242
vn 0.5417 0.8189 -0.1896
vn -0.5260 0.6683 0.5260
vn -0.5260 0.6683 -0.5260
vn 0.5260 0.6683 0.5260
vn 0.5260 0.6683 -0.5260
vn -0.6762 0.2924 0.6762
vn -0.6951 -0.1832 0.6951
vn 0.6320 -0.4485 -0.6320
vn 0.6951 -0.1832 -0.6951
vn -0.0000 0.7499 0.6615
vn -0.2248 0.7307 0.6446
vn -0.6216 0.4767 0.6216
vn -0.6762 0.2924 -0.6762
vn -0.6216 0.4767 -0.6216
vn 0.6762 0.2924 0.6762
vn 0.6216 0.4767 0.6216
vn -0.6320 -0.4485 -0.6320
vn -0.6951 -0.1832 -0.6951
vn 0.2248 0.7307 -0.6446
vn -0.0000 0.7499 -0.6615
vn 0.6320 -0.4485 0.6320
vn 0.6951 -0.1832 0.6951
vn 0.6762 0.2924 -0.6762
vn 0.6216 0.4767 -0.6216
vn -0.6320 -0.4485 0.6320
vn -0.6615 0.7499 -0.0000
vn -0.6446 0.7307 0.2248
vn -0.2248 0.7307 -0.6446
vn 0.6615 0.7499 -0.0000
vn 0.6446 0.7307 -0.2248
vn 0.2248 0.7307 0.6446
vn -0.6446 0.7307 -0.2248
vn 0.6446 0.7307 0.2248
vn 0.2543 0.2499 0.9343
vn 0.2305 0.4486 0.8635
vn -0.0000 0.4610 0.8874
vn -0.0000 0.2669 0.9637
vn -0.2305 0.4486 0.8635
vn -0.2543 0.2499 0.9343
vn 0.2706 0.9239 0.2706
vn 0.2811 0.9597 -0.0000
vn -0.0000 1.0000 -0.0000
vn -0.0000 0.9597 0.2811
vn -0.2811 0.9597 -0.0000
vn -0.2706 0.9239 0.2706
vn 0.2706 0.9239 -0.2706
vn -0.0000 0.9597 -0.2811
vn -0.0000 0.4610 -0.8874
vn 0.2305 0.4486 -0.8635
vn 0.2543 0.2499 -0.9343
vn -0.0000 0.2669 -0.9637
vn -0.2706 0.9239 -0.2706
vn -0.2305 0.4486 -0.8635
vn -0.2543 0.2499 -0.9343
vn -0.0000 -0.4177 0.9086
vn -0.0000 -0.1680 0.9858
vn -0.2562 -0.1544 0.9542
vn -0.2291 -0.4066 0.8844
vn -0.9542 -0.1544 0.2562
vn -0.9858 -0.1680 -0.0000
vn -0.9086 -0.4177 -0.0000
vn -0.8844 -0.4066 0.2291
vn -0.8635 0.4486 0.2305
vn -0.8874 0.4610 -0.0000
vn -0.9637 0.2669 -0.0000
vn -0.9343 0.2499 0.2543
vn -0.2291 -0.4066 -0.8844
vn -0.2562 -0.1544 -0.9542
vn -0.0000 -0.1680 -0.9858
vn -0.0000 -0.4177 -0.9086
vn -0.9542 -0.1544 -0.2562
vn -0.8844 -0.4066 -0.2291
vn -0.8635 0.4486 -0.2305
vn -0.9343 0.2499 -0.2543
vn 0.9086 -0.4177 -0.0000
vn 0.9858 -0.1680 -0.0000
vn 0.9542 -0.1544 0.2562
vn 0.8844 -0.4066 0.2291
vn 0.2291 -0.4066 0.8844
vn 0.2562 -0.1544 0.9542
vn 0.8874 0.4610 -0.0000
vn 0.8635 0.4486 0.2305
vn 0.9343 0.2499 0.2543
vn 0.9637 0.2669 -0.0000
vn 0.9542 -0.1544 -0.2562
vn 0.8844 -0.4066 -0.2291
vn 0.2562 -0.1544 -0.9542
vn 0.2291 -0.4066 -0.8844
vn 0.9343 0.2499 -0.2543
vn 0.8635 0.4486 -0.2305
vn -0.7186 0.6683 0.1925
vn -0.1925 0.6683 -0.7186
vn 0.1925 0.6683 0.7186
vn 0.7185 0.6683 -0.1925
vn -0.9237 0.2924 0.2475
vn -0.9496 -0.1832 0.2544
vn 0.8633 -0.4485 -0.2313
vn 0.9496 -0.1832 -0.2544
vn -0.3308 0.7499 0.5729
vn -0.5170 0.7307 0.4458
vn -0.8491 0.4767 0.2275
vn -0.2475 0.2924 -0.9237
vn -0.2275 0.4767 -0.8491
vn 0.2475 0.2924 0.9237
vn 0.2275 0.4767 0.8491
vn -0.2313 -0.4485 -0.8633
vn -0.2544 -0.1832 -0.9496
vn 0.5170 0.7307 -0.4458
vn 0.3308 0.7499 -0.5729
vn 0.2313 -0.4485 0.8633
vn 0.2544 -0.1832 0.9496
vn 0.9237 0.2924 -0.2475
vn 0.8491 0.4767 -0.2275
vn -0.8633 -0.4485 0.2313
vn -0.5729 0.7499 -0.3308
vn -0.6707 0.7307 -0.1276
vn 0.1276 0.7307 -0.6707
vn 0.5729 0.7499 0.3308
vn 0.6707 0.7307 0.1276
vn -0.1276 0.7307 0.6707
vn -0.4458 0.7307 -0.5170
vn 0.4458 0.7307 0.5170
vn -0.2469 0.2499 0.9363
vn -0.2322 0.4486 0.8631
vn -0.4437 0.4610 0.7685
vn -0.4819 0.2669 0.8346
vn -0.6314 0.4486 0.6326
vn -0.6874 0.2499 0.6819
vn 0.0991 0.9239 0.3697
vn 0.2435 0.9597 0.1406
vn -0.1406 0.9597 0.2435
vn -0.2435 0.9597 -0.1406
vn -0.3697 0.9239 0.0991
vn 0.3697 0.9239 -0.0991
vn 0.1406 0.9597 -0.2435
vn 0.4437 0.4610 -0.7685
vn 0.6314 0.4486 -0.6326
vn 0.6874 0.2499 -0.6819
vn 0.4819 0.2669 -0.8346
vn -0.0991 0.9239 -0.3697
vn 0.2322 0.4486 -0.8631
vn 0.2469 0.2499 -0.9363
vn -0.4543 -0.4177 0.7869
vn -0.4929 -0.1680 0.8537
vn -0.6990 -0.1544 0.6983
vn -0.6406 -0.4066 0.6514
vn -0.9545 -0.1544 -0.2553
vn -0.8537 -0.1680 -0.4929
vn -0.7869 -0.4177 -0.4543
vn -0.8805 -0.4066 -0.2439
vn -0.8631 0.4486 -0.2322
vn -0.7685 0.4610 -0.4437
vn -0.8346 0.2669 -0.4819
vn -0.9363 0.2499 -0.2469
vn 0.2439 -0.4066 -0.8805
vn 0.2553 -0.1544 -0.9545
vn 0.4929 -0.1680 -0.8537
vn 0.4543 -0.4177 -0.7869
vn -0.6983 -0.1544 -0.6990
vn -0.6514 -0.4066 -0.6406
vn -0.6326 0.4486 -0.6314
vn -0.6819 0.2499 -0.6874
vn 0.7869 -0.4177 0.4543
vn 0.8537 -0.1680 0.4929
vn 0.6983 -0.1544 0.6990
vn 0.6514 -0.4066 0.6406
vn -0.2439 -0.4066 0.8805
vn -0.2553 -0.1544 0.9545
vn 0.7685 0.4610 0.4437
vn 0.6326 0.4486 0.6314
vn 0.6819 0.2499 0.6874
vn 0.8346 0.2669 0.4819
vn 0.9545 -0.1544 0.2553
vn 0.8805 -0.4066 0.2439
vn 0.6990 -0.1544 -0.6983
vn 0.6406 -0.4066 -0.6514
vn 0.9363 0.2499 0.2469
vn 0.8631 0.4486 0.2322
vn -0.3776 0.7527 -0.5393
vn 0.5393 0.7527 -0.3776
vn -0.5393 0.7527 0.3776
vn 0.3776 0.7527 0.5393
vn -0.5349 0.3608 -0.7640
vn -0.5601 -0.2153 -0.7999
vn 0.4834 -0.5383 0.6904
vn 0.5601 -0.2153 0.7999
vn -0.5610 0.8219 -0.0989
vn -0.5164 0.8061 -0.2890
vn -0.4720 0.5681 -0.6741
vn 0.7640 0.3608 -0.5349
vn 0.6741 0.5681 -0.4720
vn -0.7640 0.3608 0.5349
vn -0.6741 0.5681 0.4720
vn 0.6904 -0.5383 -0.4834
vn 0.7999 -0.2153 -0.5601
vn 0.5164 0.8061 0.2889
vn 0.5610 0.8219 0.0989
vn -0.6904 -0.5383 0.4834
vn -0.7999 -0.2153 0.5601
vn 0.5349 0.3608 0.7640
vn 0.4720 0.5681 0.6741
vn -0.4834 -0.5383 -0.6904
vn 0.5841 0.8061 -0.0949
vn -0.5841 0.8061 0.0949
vn -0.9482 0.3054 0.0870
vn -0.8396 0.5383 0.0726
vn -0.8215 0.5515 -0.1449
vn -0.9303 0.3279 -0.1640
vn -0.7641 0.5383 -0.3554
vn -0.8613 0.3054 -0.4060
vn 0.8215 0.5515 0.1449
vn 0.7641 0.5383 0.3554
vn 0.8613 0.3054 0.4060
vn 0.9303 0.3279 0.1640
vn 0.8396 0.5383 -0.0726
vn 0.9482 0.3054 -0.0870
vn -0.8500 -0.5050 -0.1499
vn -0.9653 -0.1979 -0.1702
vn -0.8913 -0.1794 -0.4164
vn -0.7917 -0.4928 -0.3611
vn 0.8674 -0.4928 -0.0686
vn 0.9800 -0.1794 -0.0865
vn 0.9653 -0.1979 0.1702
vn 0.8500 -0.5050 0.1499
vn -0.8674 -0.4928 0.0686
vn -0.9800 -0.1794 0.0865
vn 0.8913 -0.1794 0.4164
vn 0.7917 -0.4928 0.3611
vn 0.2837 0.3329 -0.8993
vn 0.2919 -0.2040 -0.9344
vn 0.0453 -0.2040 -0.9779
vn 0.0410 0.3329 -0.9421
vn -0.2837 0.3329 0.8993
vn -0.2919 -0.2040 0.9344
vn -0.0453 -0.2040 0.9779
vn -0.0410 0.3329 0.9421
vn -0.2612 -0.5038 0.8234
vn -0.0362 -0.5038 0.8631
vn 0.2612 -0.5038 -0.8234
vn 0.0362 -0.5038 -0.8631
vn 0.1961 0.8174 -0.5416
vn 0.1937 0.8176 -0.5422
vn 0.0034 0.8176 -0.5758
vn 0.0010 0.8174 -0.5760
vn -0.1961 0.8174 0.5416
vn -0.1937 0.8176 0.5422
vn -0.0034 0.8176 0.5758
vn -0.0010 0.8174 0.5760
vn 0.0658 0.9674 0.2444
vn 0.1092 0.9938 0.0193
vn -0.1092 0.9938 -0.0193
vn -0.1455 0.9674 0.2071
vn 0.1455 0.9674 -0.2071
vn -0.0658 0.9674 -0.2444
vn 0.2509 0.5515 -0.7955
vn 0.0363 0.5515 -0.8334
vn -0.0363 0.5515 0.8334
vn -0.2509 0.5515 0.7955
vn 0.4064 0.3037 -0.8617
vn 0.4166 -0.1774 -0.8916
vn -0.0865 -0.1774 -0.9803
vn -0.0688 -0.4908 -0.8686
vn -0.0871 0.3038 -0.9488
vn 0.3617 -0.4908 -0.7927
vn 0.0871 0.3038 0.9488
vn 0.0865 -0.1774 0.9803
vn -0.4064 0.3038 0.8617
vn -0.4166 -0.1774 0.8916
vn 0.0688 -0.4908 0.8686
vn -0.3617 -0.4908 0.7927
vn 0.1806 0.9533 0.2421
vn 0.2213 0.9744 0.0390
vn -0.2525 0.9533 0.1657
vn -0.2213 0.9744 -0.0390
vn -0.1806 0.9533 -0.2421
vn 0.2525 0.9533 -0.1657
vn 0.3573 0.5329 -0.7670
vn -0.0734 0.5329 -0.8430
vn -0.3573 0.5329 0.7670
vn 0.0734 0.5329 0.8430
vn 0.2885 0.8076 -0.5143
vn -0.0952 0.8076 -0.5819
vn -0.2885 0.8077 0.5143
vn 0.0952 0.8076 0.5819
vn -0.5310 0.6604 0.5310
vn -0.5310 0.6604 -0.5310
vn 0.5310 0.6604 0.5310
vn 0.5310 0.6604 -0.5310
vn -0.6684 0.3263 0.6684
vn -0.7002 -0.1395 0.7002
vn 0.6346 -0.4410 -0.6346
vn 0.7002 -0.1395 -0.7002
vn -0.0000 0.7429 0.6694
vn -0.2274 0.7235 0.6519
vn -0.6245 0.4690 0.6245
vn -0.6684 0.3263 -0.6684
vn -0.6245 0.4690 -0.6245
vn 0.6684 0.3263 0.6684
vn 0.6245 0.4690 0.6245
vn -0.6346 -0.4410 -0.6347
vn -0.7002 -0.1395 -0.7002
vn 0.2274 0.7235 -0.6519
vn -0.0000 0.7429 -0.6694
vn 0.6346 -0.4410 0.6346
vn 0.7002 -0.1395 0.7002
vn 0.6684 0.3263 -0.6684
vn 0.6245 0.4690 -0.6245
vn -0.6346 -0.4410 0.6346
vn -0.6694 0.7429 -0.0000
vn -0.6519 0.7235 0.2274
vn -0.2274 0.7235 -0.6519
vn 0.6694 0.7429 -0.0000
vn 0.6519 0.7235 -0.2274
vn 0.2274 0.7235 0.6519
vn -0.6519 0.7235 -0.2274
vn 0.6519 0.7235 0.2274
vn 0.2523 0.2786 0.9267
vn 0.2315 0.4410 0.8671
vn -0.0000 0.4533 0.8914
vn -0.0000 0.2957 0.9553
vn -0.2315 0.4410 0.8671
vn -0.2523 0.2786 0.9267
vn 0.2756 0.9209 0.2756
vn 0.2867 0.9580 -0.0000
vn -0.0000 0.9580 0.2867
vn -0.2867 0.9580 -0.0000
vn -0.2756 0.9209 0.2756
vn 0.2756 0.9209 -0.2756
vn -0.0000 0.9580 -0.2867
vn -0.0000 0.4533 -0.8914
vn 0.2315 0.4410 -0.8671
vn 0.2523 0.2786 -0.9267
vn -0.0000 0.2957 -0.9553
vn -0.2756 0.9209 -0.2756
vn -0.2315 0.4410 -0.8671
vn -0.2523 0.2786 -0.9267
vn -0.0000 -0.4104 0.9119
vn -0.0000 -0.1319 0.9913
vn -0.2572 -0.1210 0.9587
vn -0.2299 -0.3994 0.8875
vn -0.9587 -0.1210 0.2572
vn -0.9913 -0.1319 -0.0000
vn -0.9119 -0.4104 -0.0000
vn -0.8875 -0.3994 0.2299
vn -0.8671 0.4410 0.2315
vn -0.8914 0.4533 -0.0000
vn -0.9553 0.2957 -0.0000
vn -0.9267 0.2786 0.2523
vn -0.2299 -0.3994 -0.8875
vn -0.2572 -0.1210 -0.9587
vn -0.0000 -0.1319 -0.9913
vn -0.0000 -0.4104 -0.9119
vn -0.9587 -0.1210 -0.2572
vn -0.8875 -0.3994 -0.2299
vn -0.8671 0.4410 -0.2315
vn -0.9267 0.2786 -0.2523
vn 0.9119 -0.4104 -0.0000
vn 0.9913 -0.1319 -0.0000
vn 0.9587 -0.1210 0.2572
vn 0.8875 -0.3994 0.2299
vn 0.2299 -0.3994 0.8875
vn 0.2572 -0.1210 0.9587
vn 0.8914 0.4533 -0.0000
vn 0.8671 0.4410 0.2315
vn 0.9267 0.2786 0.2523
vn 0.9553 0.2957 -0.0000
vn 0.9587 -0.1210 -0.2572
vn 0.8875 -0.3994 -0.2299
vn 0.2572 -0.1210 -0.9587
vn 0.2299 -0.3994 -0.8875
vn 0.9267 0.2786 -0.2523
vn 0.8671 0.4410 -0.2315
vn -0.3941 0.4696 0.7900
vn -0.2125 0.9685 -0.1296
vn 0.6038 0.1064 0.7900
vn 0.7854 0.6053 -0.1296
vn -0.6458 0.1801 0.7420
vn -0.8190 -0.2030 0.5366
vn 0.5743 -0.2777 -0.7701
vn 0.7364 -0.0240 -0.6761
vn 0.1056 0.2901 0.9512
vn -0.1108 0.3602 0.9262
vn -0.5548 0.3018 0.7753
vn -0.4171 0.8082 -0.4157
vn -0.3412 0.8887 -0.3064
vn 0.6104 -0.2771 0.7420
vn 0.6190 -0.1254 0.7753
vn -0.6184 0.1564 -0.7701
vn -0.5795 0.4549 -0.6761
vn 0.5394 0.8173 -0.2028
vn 0.3345 0.9191 -0.2082
vn 0.3572 -0.8741 0.3291
vn 0.4969 -0.6820 0.5366
vn 0.8391 0.3510 -0.4157
vn 0.8326 0.4615 -0.3064
vn -0.8355 -0.4400 0.3291
vn -0.4090 0.8335 0.3715
vn -0.4371 0.7049 0.5586
vn 0.1121 0.9728 -0.2028
vn 0.8491 0.3756 0.3715
vn 0.8657 0.4726 0.1648
vn 0.3165 0.2047 0.9262
vn -0.3594 0.9185 0.1648
vn 0.7879 0.2590 0.5586
vn 0.1611 -0.2949 0.9418
vn 0.1998 -0.1277 0.9715
vn -0.0182 -0.0499 0.9986
vn -0.0758 -0.2082 0.9751
vn -0.2352 0.0306 0.9715
vn -0.3130 -0.1223 0.9418
vn 0.4846 0.5257 0.6991
vn 0.5531 0.6816 0.4790
vn 0.2962 0.8138 0.5000
vn 0.2347 0.6450 0.7273
vn 0.0144 0.8777 0.4790
vn -0.0333 0.7142 0.6991
vn 0.5788 0.7847 0.2218
vn 0.3328 0.9143 0.2308
vn 0.2867 0.7877 -0.5453
vn 0.4964 0.6872 -0.5305
vn 0.4781 0.5759 -0.6632
vn 0.2509 0.6894 -0.6795
vn 0.0610 0.9732 0.2218
vn 0.0614 0.8455 -0.5305
vn 0.0039 0.7484 -0.6632
vn -0.2775 -0.7624 0.5845
vn -0.2086 -0.5731 0.7925
vn -0.4415 -0.4610 0.7698
vn -0.4861 -0.6634 0.5689
vn -0.9808 0.1086 0.1623
vn -0.9706 0.2317 -0.0660
vn -0.9785 -0.0221 -0.2052
vn -0.9916 -0.1295 -0.0006
vn -0.7238 0.5467 0.4209
vn -0.7033 0.6738 0.2267
vn -0.8101 0.5673 0.1478
vn -0.8314 0.4252 0.3578
vn -0.1825 0.1706 -0.9683
vn -0.1136 0.4400 -0.8908
vn 0.1304 0.3584 -0.9244
vn 0.0344 0.0945 -0.9949
vn -0.8928 0.3503 -0.2833
vn -0.9130 0.0865 -0.3988
vn -0.6446 0.7642 0.0201
vn -0.7451 0.6622 -0.0792
vn 0.7354 -0.6459 -0.2052
vn 0.8924 -0.4464 -0.0660
vn 0.8211 -0.5473 0.1623
vn 0.6764 -0.7366 -0.0006
vn -0.0541 -0.8206 0.5689
vn 0.0419 -0.6369 0.7698
vn 0.9719 0.0640 0.2267
vn 0.9059 -0.0464 0.4209
vn 0.9102 -0.2087 0.3578
vn 0.9853 -0.0861 0.1478
vn 0.9091 -0.3055 -0.2833
vn 0.7550 -0.5206 -0.3988
vn 0.3698 0.2640 -0.8908
vn 0.2495 0.0133 -0.9683
vn 0.9965 0.0284 -0.0792
vn 0.9851 0.1711 0.0201
vn -0.9320 0.3604 -0.0376
vn -0.1988 0.3605 -0.9113
vn -0.1109 0.7506 0.6514
vn 0.6223 0.7506 -0.2224
vn -0.9984 0.0293 0.0488
vn -0.9251 -0.3530 0.1401
vn 0.9910 -0.1322 -0.0227
vn 0.9880 0.1272 -0.0873
vn -0.6498 0.6380 0.4131
vn -0.8081 0.5333 0.2504
vn -0.9871 0.1591 0.0158
vn -0.1253 0.0293 -0.9917
vn -0.1558 0.1591 -0.9749
vn -0.0206 0.4939 0.8693
vn -0.0562 0.6014 0.7970
vn 0.0488 -0.5799 -0.8133
vn -0.0226 -0.3530 -0.9354
vn 0.4634 0.7029 -0.5396
vn 0.2940 0.6380 -0.7117
vn 0.1497 -0.1322 0.9798
vn 0.0856 0.1272 0.9882
vn 0.8525 0.4939 -0.1712
vn 0.7751 0.6014 -0.1937
vn -0.7924 -0.5799 0.1893
vn -0.7064 0.3869 -0.5927
vn -0.8437 0.3749 -0.3842
vn 0.1062 0.5332 -0.8393
vn 0.3506 0.8891 0.2942
vn 0.4991 0.8613 0.0949
vn -0.4509 0.7029 0.5500
vn -0.5248 0.3748 -0.7642
vn 0.1802 0.8613 0.4750
vn -0.4813 0.3117 0.8192
vn -0.5022 0.4377 0.7458
vn -0.6941 0.3667 0.6195
vn -0.6881 0.2375 0.6856
vn -0.8458 0.2745 0.4575
vn -0.8484 0.1373 0.5112
vn -0.2089 0.9474 0.2426
vn -0.0033 1.0000 -0.0028
vn -0.2620 0.9397 -0.2198
vn -0.4638 0.8844 0.0520
vn -0.4899 0.7688 -0.4110
vn -0.6699 0.7284 -0.1442
vn 0.2026 0.9474 -0.2479
vn -0.0294 0.8844 -0.4658
vn 0.4896 0.3667 -0.7911
vn 0.6472 0.4377 -0.6241
vn 0.7232 0.3117 -0.6163
vn 0.5557 0.2375 -0.7967
vn -0.2583 0.7284 -0.6346
vn 0.3037 0.2745 -0.9124
vn 0.3562 0.1373 -0.9243
vn -0.5099 -0.3300 0.7945
vn -0.6088 -0.1069 0.7861
vn -0.7752 -0.1870 0.6034
vn -0.6651 -0.4013 0.6297
vn -0.8294 -0.4274 -0.3597
vn -0.6854 -0.4467 -0.5751
vn -0.5820 -0.6502 -0.4884
vn -0.7171 -0.6319 -0.2941
vn -0.8963 0.0503 -0.4406
vn -0.7650 0.0518 -0.6419
vn -0.7627 -0.0935 -0.6400
vn -0.9010 -0.0960 -0.4232
vn 0.5047 -0.4013 -0.7644
vn 0.4596 -0.1870 -0.8682
vn 0.6684 -0.1069 -0.7361
vn 0.6939 -0.3300 -0.6401
vn -0.4983 -0.4274 -0.7543
vn -0.4141 -0.6319 -0.6551
vn -0.5895 0.0503 -0.8062
vn -0.5732 -0.0960 -0.8138
vn 0.7660 -0.0097 0.6428
vn 0.7450 0.2329 0.6251
vn 0.5535 0.2296 0.8006
vn 0.5930 -0.0095 0.8052
vn -0.3259 -0.2401 0.9144
vn -0.4044 -0.0108 0.9145
vn 0.5605 0.6816 0.4704
vn 0.3909 0.6619 0.6396
vn 0.4480 0.5450 0.7087
vn 0.6303 0.5684 0.5289
vn 0.8846 0.2296 0.4060
vn 0.8959 -0.0095 0.4441
vn 0.8304 -0.0108 -0.5571
vn 0.8440 -0.2401 -0.4797
vn 0.7758 0.5450 0.3181
vn 0.6978 0.6619 0.2739
vn -0.6558 0.7527 0.0574
vn -0.0574 0.7527 -0.6558
vn 0.0574 0.7527 0.6558
vn 0.6558 0.7527 -0.0574
vn -0.9112 0.4042 0.0797
vn -0.9818 -0.1693 0.0859
vn 0.8396 -0.5383 -0.0735
vn 0.9818 -0.1693 -0.0859
vn -0.3662 0.8219 0.4364
vn -0.5084 0.8061 0.3027
vn -0.8198 0.5681 0.0717
vn -0.0797 0.4042 -0.9112
vn -0.0717 0.5681 -0.8198
vn 0.0797 0.4042 0.9112
vn 0.0717 0.5681 0.8198
vn -0.0735 -0.5383 -0.8396
vn -0.0859 -0.1693 -0.9818
vn 0.5084 0.8061 -0.3027
vn 0.3662 0.8219 -0.4364
vn 0.0735 -0.5383 0.8396
vn 0.0859 -0.1693 0.9818
vn 0.9112 0.4042 -0.0797
vn 0.8199 0.5681 -0.0717
vn -0.8396 -0.5383 0.0735
vn -0.4364 0.8219 -0.3662
vn -0.5533 0.8061 -0.2098
vn 0.2099 0.8061 -0.5533
vn 0.4364 0.8219 0.3662
vn 0.5533 0.8061 0.2098
vn -0.2098 0.8061 0.5533
vn -0.3027 0.8061 -0.5084
vn 0.3027 0.8061 0.5084
vn -0.3934 0.3431 0.8530
vn -0.3569 0.5383 0.7634
vn -0.5362 0.5515 0.6390
vn -0.5983 0.3656 0.7130
vn -0.6899 0.5383 0.4840
vn -0.7717 0.3431 0.5355
vn 0.0270 0.9509 0.3083
vn 0.1718 0.9745 0.1442
vn -0.1442 0.9745 0.1718
vn -0.1718 0.9745 -0.1442
vn -0.3083 0.9509 0.0270
vn 0.3083 0.9509 -0.0270
vn 0.1442 0.9745 -0.1718
vn 0.5362 0.5515 -0.6390
vn 0.6899 0.5383 -0.4840
vn 0.7717 0.3431 -0.5355
vn 0.5983 0.3656 -0.7130
vn -0.0270 0.9509 -0.3083
vn 0.3569 0.5383 -0.7634
vn 0.3934 0.3431 -0.8530
vn -0.5548 -0.5050 0.6612
vn -0.6345 -0.1601 0.7562
vn -0.8109 -0.1446 0.5671
vn -0.7086 -0.4928 0.5050
vn -0.8970 -0.1446 -0.4177
vn -0.7562 -0.1601 -0.6345
vn -0.6612 -0.5050 -0.5548
vn -0.7855 -0.4928 -0.3743
vn -0.7634 0.5383 -0.3569
vn -0.6390 0.5515 -0.5362
vn -0.7130 0.3656 -0.5983
vn -0.8530 0.3431 -0.3934
vn 0.3743 -0.4928 -0.7855
vn 0.4177 -0.1446 -0.8970
vn 0.6345 -0.1601 -0.7562
vn 0.5548 -0.5050 -0.6612
vn -0.5671 -0.1446 -0.8109
vn -0.5050 -0.4928 -0.7086
vn -0.4840 0.5383 -0.6899
vn -0.5355 0.3431 -0.7717
vn 0.6612 -0.5050 0.5548
vn 0.7562 -0.1601 0.6345
vn 0.5671 -0.1446 0.8109
vn 0.5050 -0.4928 0.7086
vn -0.3743 -0.4928 0.7855
vn -0.4177 -0.1446 0.8970
vn 0.6390 0.5515 0.5362
vn 0.4840 0.5383 0.6899
vn 0.5355 0.3431 0.7717
vn 0.7130 0.3656 0.5983
vn 0.8970 -0.1446 0.4177
vn 0.7855 -0.4928 0.3743
vn 0.8109 -0.1446 -0.5671
vn 0.7086 -0.4928 -0.5050
vn 0.8530 0.3431 0.3934
vn 0.7634 0.5383 0.3569
vn -0.6944 0.3151 0.6469
vn -0.5128 0.8140 -0.2728
vn 0.3429 0.3511 0.8713
vn 0.5245 0.8501 -0.0484
vn -0.8092 -0.0489 0.5855
vn -0.7858 -0.4758 0.3952
vn 0.7852 -0.0692 -0.6153
vn 0.8217 0.2297 -0.5216
vn -0.2101 0.3408 0.9164
vn -0.4267 0.3242 0.8443
vn -0.7772 0.0990 0.6214
vn -0.5806 0.5792 -0.5722
vn -0.5636 0.6859 -0.4603
vn 0.4966 -0.0035 0.8680
vn 0.4429 0.1414 0.8853
vn -0.4547 -0.1123 -0.8835
vn -0.5463 0.1822 -0.8176
vn 0.2405 0.9521 -0.1887
vn 0.0189 0.9698 -0.2431
vn 0.5682 -0.6656 0.4839
vn 0.5822 -0.4283 0.6911
vn 0.7252 0.6246 -0.2898
vn 0.6565 0.7283 -0.1964
vn -0.6717 -0.7087 0.2157
vn -0.7495 0.6326 0.1952
vn -0.7687 0.5092 0.3870
vn -0.2037 0.9367 -0.2847
vn 0.5583 0.6780 0.4781
vn 0.5825 0.7671 0.2687
vn 0.0175 0.3396 0.9404
vn -0.6910 0.7229 -0.0068
vn 0.5048 0.5535 0.6625
vn 0.0521 -0.1810 0.9821
vn 0.0210 -0.0106 0.9997
vn -0.2108 -0.0189 0.9774
vn -0.2014 -0.1880 0.9613
vn -0.4311 -0.0263 0.9019
vn -0.4408 -0.1982 0.8755
vn 0.1035 0.6922 0.7142
vn 0.1567 0.8548 0.4947
vn -0.1287 0.8821 0.4532
vn -0.1723 0.7104 0.6824
vn -0.4033 0.8353 0.3736
vn -0.4348 0.6735 0.5977
vn 0.1978 0.9512 0.2369
vn -0.0743 0.9798 0.1859
vn 0.0941 0.8187 -0.5665
vn 0.3176 0.8043 -0.5022
vn 0.3690 0.6898 -0.6229
vn 0.1253 0.7096 -0.6933
vn -0.3406 0.9325 0.1205
vn -0.1345 0.7886 -0.6000
vn -0.1238 0.6726 -0.7296
vn -0.1031 -0.7905 0.6038
vn -0.1525 -0.5821 0.7987
vn -0.3996 -0.5659 0.7211
vn -0.3249 -0.7771 0.5390
vn -0.9649 -0.2602 -0.0347
vn -0.9513 -0.1500 -0.2692
vn -0.8380 -0.3930 -0.3787
vn -0.8548 -0.4904 -0.1695
vn -0.9434 0.2508 0.2170
vn -0.9290 0.3696 0.0171
vn -0.9712 0.2284 -0.0679
vn -0.9842 0.0958 0.1489
vn -0.0214 0.0569 -0.9982
vn -0.0717 0.3350 -0.9395
vn 0.1865 0.3494 -0.9182
vn 0.2088 0.0665 -0.9757
vn -0.8770 -0.0184 -0.4802
vn -0.7762 -0.2744 -0.5676
vn -0.8642 0.4683 -0.1838
vn -0.8979 0.3329 -0.2880
vn 0.9436 -0.3310 0.0067
vn 0.9853 -0.0827 0.1497
vn 0.9081 -0.1951 0.3705
vn 0.8790 -0.4302 0.2056
vn 0.1242 -0.7615 0.6362
vn 0.1029 -0.5485 0.8298
vn 0.8124 0.4301 0.3938
vn 0.7507 0.3097 0.5835
vn 0.8262 0.1587 0.5406
vn 0.8951 0.2932 0.3358
vn 0.9961 0.0467 -0.0750
vn 0.9576 -0.2142 -0.1925
vn 0.4308 0.3524 -0.8308
vn 0.4277 0.0725 -0.9010
vn 0.9125 0.3958 0.1036
vn 0.8299 0.5272 0.1826
vn -0.3961 0.8153 0.4224
vn -0.4244 0.7373 -0.5255
vn 0.5516 0.7314 0.4010
vn 0.5232 0.6535 -0.5470
vn -0.5948 0.4997 0.6297
vn -0.6879 -0.0450 0.7244
vn 0.5371 -0.6220 -0.5698
vn 0.6596 -0.2821 -0.6967
vn 0.0871 0.8532 0.5142
vn -0.1137 0.8536 0.5084
vn -0.5216 0.6491 0.5536
vn -0.6336 0.3931 -0.6664
vn -0.5568 0.5526 -0.6202
vn 0.7009 0.3851 0.6004
vn 0.6518 0.5453 0.5271
vn -0.6630 -0.5158 -0.5426
vn -0.7295 -0.1593 -0.6652
vn 0.2502 0.7246 -0.6422
vn 0.0523 0.7574 -0.6508
vn 0.5731 -0.5232 0.6307
vn 0.7012 -0.1679 0.6929
vn 0.6621 0.2785 -0.6957
vn 0.6166 0.4488 -0.6468
vn -0.6270 -0.4171 0.6579
vn -0.5126 0.8568 -0.0551
vn -0.4963 0.8559 0.1451
vn -0.1478 0.7598 -0.6332
vn 0.6520 0.7538 -0.0815
vn 0.6329 0.7223 -0.2789
vn 0.2844 0.8184 0.4993
vn -0.5083 0.8232 -0.2531
vn 0.6448 0.7550 0.1192
vn 0.3026 0.3832 0.8727
vn 0.2883 0.5676 0.7711
vn 0.0712 0.6017 0.7955
vn 0.0583 0.4286 0.9016
vn -0.1493 0.6064 0.7810
vn -0.1911 0.4269 0.8839
vn 0.3139 0.9389 0.1410
vn 0.3154 0.9450 -0.0871
vn 0.0859 0.9927 -0.0842
vn 0.0905 0.9845 0.1500
vn -0.1483 0.9860 -0.0766
vn -0.1377 0.9789 0.1512
vn 0.3004 0.9018 -0.3107
vn 0.0766 0.9464 -0.3138
vn 0.0209 0.4635 -0.8859
vn 0.2393 0.4328 -0.8692
vn 0.2483 0.2342 -0.9399
vn 0.0026 0.2754 -0.9613
vn -0.1512 0.9417 -0.3005
vn -0.1984 0.4715 -0.8593
vn -0.2453 0.2779 -0.9288
vn -0.0161 -0.4153 0.9095
vn 0.0161 -0.0738 0.9971
vn -0.2393 -0.0392 0.9702
vn -0.2350 -0.3858 0.8922
vn -0.9566 -0.0348 0.2892
vn -0.9971 -0.0677 0.0354
vn -0.9101 -0.4100 0.0609
vn -0.8812 -0.3819 0.2788
vn -0.7684 0.6101 0.1934
vn -0.7943 0.6069 -0.0261
vn -0.9007 0.4344 -0.0088
vn -0.8700 0.4310 0.2394
vn -0.2857 -0.5250 -0.8017
vn -0.2963 -0.1958 -0.9348
vn -0.0428 -0.2356 -0.9709
vn -0.0681 -0.5581 -0.8270
vn -0.9719 -0.0769 -0.2223
vn -0.8943 -0.4179 -0.1599
vn -0.7815 0.5741 -0.2444
vn -0.8848 0.3904 -0.2544
vn 0.8258 -0.5635 0.0216
vn 0.9703 -0.2417 -0.0092
vn 0.9477 -0.2033 0.2461
vn 0.8121 -0.5316 0.2404
vn 0.2035 -0.4245 0.8822
vn 0.2721 -0.0844 0.9586
vn 0.8865 0.4583 -0.0642
vn 0.8714 0.4650 0.1563
vn 0.9420 0.2707 0.1984
vn 0.9616 0.2697 -0.0509
vn 0.9324 -0.2453 -0.2655
vn 0.7990 -0.5677 -0.1983
vn 0.2151 -0.2410 -0.9464
vn 0.1528 -0.5638 -0.8116
vn 0.9272 0.2301 -0.2955
vn 0.8583 0.4291 -0.2815
vn -0.5249 0.7328 0.4331
vn -0.5532 0.6548 -0.5149
vn 0.4226 0.8143 0.3980
vn 0.3942 0.7363 -0.5499
vn -0.6629 0.3867 0.6411
vn -0.6591 -0.1662 0.7335
vn 0.6282 -0.5174 -0.5811
vn 0.6882 -0.1610 -0.7075
vn -0.0542 0.8534 0.5184
vn -0.2521 0.8191 0.5153
vn -0.6179 0.5469 0.5649
vn -0.7017 0.2802 -0.6551
vn -0.6530 0.4504 -0.6089
vn 0.6325 0.4982 0.5931
vn 0.5553 0.6478 0.5215
vn -0.5717 -0.6206 -0.5367
vn -0.7006 -0.2804 -0.6561
vn -0.7006 -0.2805 -0.6561
vn 0.1117 0.7595 -0.6409
vn -0.0891 0.7576 -0.6466
vn 0.6641 -0.4187 0.6194
vn 0.7297 -0.0468 0.6821
vn 0.5937 0.3916 -0.7030
vn 0.5202 0.5513 -0.6523
vn -0.5357 -0.5219 0.6638
vn -0.6539 0.7554 -0.0425
vn -0.6347 0.7566 0.1574
vn -0.2863 0.7252 -0.6262
vn 0.5105 0.8556 -0.0856
vn 0.4943 0.8220 -0.2830
vn 0.1458 0.8533 0.5006
vn -0.6466 0.7238 -0.2408
vn 0.5062 0.8547 0.1152
vn 0.2445 0.4264 0.8709
vn 0.1971 0.6059 0.7707
vn -0.0222 0.6018 0.7983
vn -0.0035 0.4287 0.9034
vn -0.2405 0.5683 0.7869
vn -0.2491 0.3839 0.8891
vn 0.1488 0.9785 0.1427
vn 0.1459 0.9856 -0.0854
vn -0.0883 0.9930 -0.0790
vn -0.0790 0.9847 0.1551
vn -0.3177 0.9457 -0.0682
vn -0.3027 0.9397 0.1594
vn 0.1353 0.9414 -0.3090
vn -0.0928 0.9466 -0.3087
vn -0.0725 0.4636 -0.8831
vn 0.1480 0.4711 -0.8696
vn 0.1902 0.2773 -0.9417
vn -0.0592 0.2755 -0.9595
vn -0.3162 0.9025 -0.2923
vn -0.2896 0.4334 -0.8534
vn -0.3033 0.2349 -0.9235
vn 0.0693 -0.4155 0.9070
vn 0.0432 -0.0738 0.9963
vn -0.2147 -0.0838 0.9731
vn -0.1516 -0.4241 0.8928
vn -0.9318 -0.2010 0.3021
vn -0.9697 -0.2393 0.0487
vn -0.8245 -0.5615 0.0708
vn -0.7977 -0.5297 0.2884
vn -0.8594 0.4672 0.2079
vn -0.8876 0.4604 -0.0113
vn -0.9623 0.2720 0.0064
vn -0.9278 0.2730 0.2541
vn -0.2023 -0.5634 -0.8010
vn -0.2717 -0.2404 -0.9319
vn -0.0157 -0.2356 -0.9717
vn 0.0173 -0.5582 -0.8295
vn -0.9471 -0.2430 -0.2094
vn -0.8108 -0.5657 -0.1503
vn -0.8725 0.4312 -0.2299
vn -0.9426 0.2324 -0.2397
vn 0.9111 -0.4122 0.0066
vn 0.9972 -0.0701 -0.0241
vn 0.9721 -0.0372 0.2317
vn 0.8953 -0.3840 0.2258
vn 0.2868 -0.3864 0.8766
vn 0.2966 -0.0398 0.9542
vn 0.7928 0.6050 -0.0735
vn 0.7800 0.6082 0.1472
vn 0.8838 0.4288 0.1871
vn 0.8996 0.4322 -0.0624
vn 0.9568 -0.0793 -0.2798
vn 0.8822 -0.4201 -0.2129
vn 0.2396 -0.1964 -0.9508
vn 0.2361 -0.5257 -0.8173
vn 0.8690 0.3882 -0.3067
vn 0.7669 0.5722 -0.2906
vn -0.4310 -0.1632 0.8875
vn -0.5197 0.6980 0.4926
vn 0.5164 -0.0817 0.8524
vn 0.4277 0.7796 0.4576
vn -0.5879 -0.4812 0.6502
vn -0.6290 -0.7596 0.1653
vn 0.5449 0.3789 -0.7480
vn 0.6298 0.6223 -0.4649
vn 0.0527 -0.1913 0.9801
vn -0.1473 -0.2046 0.9677
vn -0.5329 -0.3533 0.7689
vn -0.7092 0.6963 0.1103
vn -0.6427 0.7131 0.2800
vn 0.7075 -0.3698 0.6023
vn 0.6403 -0.2524 0.7255
vn -0.6549 0.2757 -0.7036
vn -0.7590 0.5029 -0.4135
vn 0.1438 0.8668 0.4775
vn -0.0563 0.8672 0.4948
vn 0.6572 -0.7117 -0.2479
vn 0.7598 -0.6401 0.1139
vn 0.5862 0.8077 0.0624
vn 0.5305 0.8140 0.2366
vn -0.5426 -0.8149 -0.2035
vn -0.5840 0.2878 0.7590
vn -0.5536 0.1012 0.8266
vn -0.2541 0.8325 0.4922
vn 0.5804 0.3880 0.7159
vn 0.5501 0.5611 0.6186
vn 0.2506 -0.1704 0.9530
vn -0.5908 0.4629 0.6608
vn 0.5873 0.1993 0.7844
vn 0.3308 -0.6635 0.6711
vn 0.2944 -0.5083 0.8093
vn 0.0775 -0.5403 0.8379
vn 0.0864 -0.6985 0.7103
vn -0.1432 -0.5459 0.8255
vn -0.1627 -0.7059 0.6893
vn 0.2448 0.2088 0.9468
vn 0.2296 0.4251 0.8755
vn -0.0022 0.4166 0.9091
vn 0.0196 0.1944 0.9807
vn -0.2339 0.3852 0.8927
vn -0.2067 0.1699 0.9635
vn 0.2025 0.6192 0.7587
vn -0.0238 0.6158 0.7875
vn -0.0798 0.9873 0.1375
vn 0.1409 0.9820 0.1261
vn 0.1613 0.9833 -0.0839
vn -0.0879 0.9940 -0.0656
vn -0.2490 0.5804 0.7754
vn -0.2967 0.9443 0.1423
vn -0.3323 0.9409 -0.0657
vn 0.0823 -0.9931 -0.0841
vn 0.0924 -0.9589 0.2682
vn -0.1662 -0.9461 0.2779
vn -0.1389 -0.9875 -0.0739
vn -0.9277 -0.3730 0.0135
vn -0.9831 -0.1495 -0.1053
vn -0.8667 -0.2789 -0.4136
vn -0.8249 -0.4713 -0.3121
vn -0.8004 -0.0514 0.5973
vn -0.8414 0.1512 0.5188
vn -0.9317 0.0676 0.3568
vn -0.8834 -0.1635 0.4391
vn -0.2974 0.5514 -0.7794
vn -0.3444 0.7846 -0.5156
vn -0.0917 0.8291 -0.5515
vn -0.0802 0.5846 -0.8074
vn -0.9756 0.0917 -0.1996
vn -0.8659 -0.0728 -0.4948
vn -0.8413 0.3464 0.4149
vn -0.9296 0.2851 0.2334
vn 0.8688 -0.1296 -0.4778
vn 0.9838 0.0197 -0.1781
vn 0.9762 -0.2093 -0.0570
vn 0.8680 -0.3257 -0.3747
vn 0.2995 -0.9498 -0.0901
vn 0.3451 -0.9021 0.2590
vn 0.8391 0.2958 0.4566
vn 0.8390 0.0896 0.5367
vn 0.9282 -0.0077 0.3720
vn 0.9302 0.2278 0.2879
vn 0.9283 0.2555 -0.2700
vn 0.8270 0.0729 -0.5575
vn 0.1668 0.8286 -0.5345
vn 0.1410 0.5891 -0.7957
vn 0.8820 0.4410 0.1664
vn 0.7981 0.4874 0.3543
vn -0.5967 0.7527 -0.2782
vn 0.2782 0.7527 -0.5967
vn -0.2782 0.7527 0.5967
vn 0.5967 0.7527 0.2782
vn -0.8290 0.4042 -0.3866
vn -0.8932 -0.1693 -0.4165
vn 0.7638 -0.5383 0.3562
vn 0.8932 -0.1693 0.4165
vn -0.5353 0.8219 0.1948
vn -0.5917 0.8061 0.0080
vn -0.7459 0.5681 -0.3478
vn 0.3866 0.4042 -0.8290
vn 0.3478 0.5681 -0.7459
vn -0.3866 0.4042 0.8290
vn -0.3478 0.5681 0.7459
vn 0.3562 -0.5383 -0.7638
vn 0.4165 -0.1693 -0.8932
vn 0.5917 0.8061 -0.0080
vn 0.5353 0.8219 -0.1948
vn -0.3562 -0.5383 0.7638
vn -0.4165 -0.1693 0.8932
vn 0.8290 0.4042 0.3866
vn 0.7459 0.5681 0.3478
vn -0.7638 -0.5383 -0.3562
vn -0.1948 0.8219 -0.5353
vn -0.3742 0.8061 -0.4584
vn 0.4584 0.8061 -0.3742
vn 0.1948 0.8219 0.5353
vn 0.3742 0.8061 0.4584
vn -0.4584 0.8061 0.3742
vn -0.0080 0.8061 -0.5917
vn 0.0080 0.8061 0.5917
vn -0.7671 0.3431 0.5420
vn -0.6908 0.5383 0.4827
vn -0.7839 0.5515 0.2853
vn -0.8746 0.3656 0.3183
vn -0.8395 0.5383 0.0743
vn -0.9361 0.3431 0.0779
vn -0.1308 0.9509 0.2805
vn 0.0767 0.9745 0.2108
vn -0.2108 0.9745 0.0767
vn -0.0767 0.9745 -0.2108
vn -0.2805 0.9509 -0.1308
vn 0.2805 0.9509 0.1308
vn 0.2108 0.9745 -0.0767
vn 0.7839 0.5515 -0.2853
vn 0.8395 0.5383 -0.0743
vn 0.9361 0.3431 -0.0779
vn 0.8746 0.3656 -0.3183
vn 0.1308 0.9509 -0.2805
vn 0.6908 0.5383 -0.4827
vn 0.7671 0.3431 -0.5420
vn -0.8111 -0.5050 0.2952
vn -0.9276 -0.1601 0.3376
vn -0.9858 -0.1446 0.0857
vn -0.8662 -0.4928 0.0831
vn -0.5680 -0.1446 -0.8102
vn -0.3376 -0.1601 -0.9276
vn -0.2952 -0.5050 -0.8111
vn -0.4931 -0.4928 -0.7169
vn -0.4827 0.5383 -0.6908
vn -0.2853 0.5515 -0.7839
vn -0.3183 0.3656 -0.8746
vn -0.5420 0.3431 -0.7671
vn 0.7169 -0.4928 -0.4931
vn 0.8102 -0.1446 -0.5680
vn 0.9276 -0.1601 -0.3376
vn 0.8111 -0.5050 -0.2952
vn -0.0857 -0.1446 -0.9858
vn -0.0831 -0.4928 -0.8662
vn -0.0743 0.5383 -0.8395
vn -0.0779 0.3431 -0.9361
vn 0.2952 -0.5050 0.8111
vn 0.3376 -0.1601 0.9276
vn 0.0857 -0.1446 0.9858
vn 0.0831 -0.4928 0.8662
vn -0.7169 -0.4928 0.4931
vn -0.8102 -0.1446 0.5680
vn 0.2853 0.5515 0.7839
vn 0.0743 0.5383 0.8395
vn 0.0779 0.3431 0.9361
vn 0.3183 0.3656 0.8746
vn 0.5680 -0.1446 0.8102
vn 0.4931 -0.4928 0.7169
vn 0.9858 -0.1446 -0.0857
vn 0.8662 -0.4928 -0.0831
vn 0.5420 0.3431 0.7671
vn 0.4827 0.5383 0.6908
vn -0.5246 0.4042 -0.7493
vn -0.5653 -0.1693 -0.8073
vn 0.5653 -0.1693 0.8073
vn 0.7493 0.4042 -0.5246
vn -0.7493 0.4042 0.5246
vn 0.8073 -0.1693 -0.5653
vn 0.5164 0.8061 0.2890
vn -0.8073 -0.1693 0.5653
vn 0.5246 0.4042 0.7493
vn 0.4721 0.5681 0.6741
vn 0.0989 0.8219 -0.5610
vn -0.0949 0.8061 -0.5841
vn -0.0989 0.8219 0.5610
vn 0.0949 0.8061 0.5841
vn 0.2890 0.8061 -0.5164
vn -0.2890 0.8061 0.5164
vn -0.9354 0.3431 0.0858
vn -0.9166 0.3656 -0.1616
vn -0.8496 0.3431 -0.4006
vn -0.2535 0.9509 0.1775
vn -0.0389 0.9745 0.2209
vn -0.2209 0.9745 -0.0389
vn 0.0389 0.9745 -0.2209
vn -0.1775 0.9509 -0.2535
vn 0.1775 0.9509 0.2535
vn 0.2209 0.9745 0.0389
vn 0.8496 0.3431 0.4006
vn 0.9166 0.3656 0.1616
vn 0.2535 0.9509 -0.1775
vn 0.9354 0.3431 -0.0858
vn -0.9721 -0.1601 -0.1714
vn -0.8965 -0.1446 -0.4187
vn -0.0868 -0.1446 -0.9857
vn 0.1714 -0.1601 -0.9721
vn 0.1499 -0.5050 -0.8500
vn -0.0686 -0.4928 -0.8674
vn -0.0726 0.5383 -0.8396
vn 0.1449 0.5515 -0.8215
vn 0.1616 0.3656 -0.9166
vn -0.0858 0.3431 -0.9354
vn 0.9857 -0.1446 -0.0868
vn 0.9721 -0.1601 0.1714
vn 0.4187 -0.1446 -0.8965
vn 0.3611 -0.4928 -0.7917
vn 0.3554 0.5383 -0.7641
vn 0.4006 0.3431 -0.8496
vn -0.1499 -0.5050 0.8500
vn -0.1714 -0.1601 0.9721
vn -0.4187 -0.1446 0.8965
vn -0.3611 -0.4928 0.7917
vn -0.9857 -0.1446 0.0868
vn -0.1449 0.5515 0.8215
vn -0.3554 0.5383 0.7641
vn -0.4006 0.3431 0.8496
vn -0.1616 0.3656 0.9166
vn 0.0868 -0.1446 0.9857
vn 0.0686 -0.4928 0.8674
vn 0.8965 -0.1446 0.4187
vn 0.0858 0.3431 0.9354
vn 0.0726 0.5383 0.8396
vn -0.4930 0.4862 0.7215
vn -0.5542 0.8149 -0.1694
vn 0.4545 0.5677 0.6864
vn 0.3932 0.8964 -0.2045
vn -0.6323 0.0859 0.7700
vn -0.6384 -0.4546 0.6211
vn 0.5965 -0.2293 -0.7692
vn 0.6606 0.1467 -0.7362
vn -0.0171 0.5561 0.8309
vn -0.2157 0.5278 0.8215
vn -0.5860 0.2628 0.7665
vn -0.7160 0.5353 -0.4481
vn -0.6618 0.6698 -0.3367
vn 0.6631 0.1973 0.7220
vn 0.5872 0.3638 0.7231
vn -0.6034 -0.3325 -0.7248
vn -0.7282 0.0272 -0.6849
vn 0.1085 0.9578 -0.2660
vn -0.0924 0.9601 -0.2640
vn 0.6740 -0.6456 0.3591
vn 0.7504 -0.3352 0.5697
vn 0.5794 0.6467 -0.4961
vn 0.5114 0.7708 -0.3801
vn -0.5259 -0.7488 0.4035
vn -0.6369 0.7080 0.3050
vn -0.6112 0.6247 0.4860
vn -0.2895 0.9236 -0.2513
vn 0.5275 0.8082 0.2619
vn 0.5039 0.8609 0.0695
vn 0.1822 0.5620 0.8068
vn -0.6369 0.7628 0.1117
vn 0.5297 0.7229 0.4438
vn 0.2829 0.0182 0.9590
vn 0.2365 0.2235 0.9456
vn 0.0181 0.2099 0.9776
vn 0.0362 0.0084 0.9993
vn -0.2011 0.1859 0.9618
vn -0.2107 -0.0243 0.9772
vn 0.1764 0.8263 0.5349
vn 0.1662 0.9288 0.3312
vn -0.0675 0.9345 0.3494
vn -0.0506 0.8284 0.5578
vn -0.2974 0.8889 0.3484
vn -0.2751 0.7875 0.5516
vn 0.1473 0.9829 0.1103
vn -0.0806 0.9893 0.1219
vn -0.0905 0.7929 -0.6026
vn 0.1305 0.7923 -0.5960
vn 0.1658 0.6467 -0.7446
vn -0.0841 0.6544 -0.7515
vn -0.3042 0.9441 0.1270
vn -0.3071 0.7547 -0.5798
vn -0.3278 0.6042 -0.7263
vn 0.0892 -0.7592 0.6447
vn 0.0741 -0.4868 0.8704
vn -0.1846 -0.4841 0.8553
vn -0.1323 -0.7595 0.6370
vn -0.9259 -0.3024 0.2263
vn -0.9730 -0.2302 -0.0181
vn -0.8347 -0.5328 -0.1392
vn -0.8000 -0.5958 0.0703
vn -0.8409 0.3427 0.4189
vn -0.8764 0.4291 0.2185
vn -0.9549 0.2513 0.1583
vn -0.9123 0.1476 0.3819
vn -0.2417 -0.1721 -0.9550
vn -0.3076 0.1764 -0.9350
vn -0.0530 0.1956 -0.9793
vn -0.0230 -0.1571 -0.9873
vn -0.9590 -0.1251 -0.2545
vn -0.8284 -0.4437 -0.3419
vn -0.8691 0.4945 0.0075
vn -0.9442 0.3189 -0.0822
vn 0.9008 -0.3835 -0.2034
vn 0.9940 -0.0610 -0.0908
vn 0.9780 -0.1387 0.1558
vn 0.8929 -0.4502 0.0077
vn 0.3062 -0.7217 0.6207
vn 0.3267 -0.4401 0.8364
vn 0.8040 0.5736 0.1564
vn 0.7985 0.4837 0.3583
vn 0.8993 0.3035 0.3149
vn 0.9070 0.4115 0.0895
vn 0.9450 0.0387 -0.3249
vn 0.8646 -0.2981 -0.4046
vn 0.2036 0.2204 -0.9539
vn 0.1968 -0.1344 -0.9712
vn 0.8674 0.4747 -0.1492
vn 0.7703 0.6355 -0.0532
vn -0.5393 0.7527 -0.3776
vn 0.3776 0.7527 -0.5393
vn -0.3776 0.7527 0.5393
vn 0.5393 0.7527 0.3776
vn -0.7493 0.4042 -0.5246
vn -0.8073 -0.1693 -0.5653
vn 0.6904 -0.5383 0.4834
vn 0.8073 -0.1693 0.5653
vn -0.5610 0.8219 0.0989
vn -0.5841 0.8061 -0.0949
vn -0.6741 0.5681 -0.4720
vn 0.5246 0.4042 -0.7493
vn 0.4720 0.5681 -0.6741
vn -0.5246 0.4042 0.7493
vn -0.4720 0.5681 0.6741
vn 0.4834 -0.5383 -0.6904
vn 0.5653 -0.1693 -0.8073
vn 0.5841 0.8061 0.0949
vn 0.5610 0.8219 -0.0989
vn -0.4834 -0.5383 0.6904
vn -0.5653 -0.1693 0.8073
vn 0.7493 0.4042 0.5246
vn 0.6741 0.5681 0.4720
vn -0.6904 -0.5383 -0.4834
vn -0.0989 0.8219 -0.5610
vn -0.2890 0.8061 -0.5164
vn 0.5164 0.8061 -0.2890
vn 0.0989 0.8219 0.5610
vn 0.2890 0.8061 0.5164
vn -0.5164 0.8061 0.2890
vn 0.0949 0.8061 -0.5841
vn -0.0949 0.8061 0.5841
vn -0.8496 0.3431 0.4006
vn -0.7641 0.5383 0.3554
vn -0.8215 0.5515 0.1449
vn -0.9166 0.3656 0.1616
vn -0.8396 0.5383 -0.0726
vn -0.9354 0.3431 -0.0858
vn -0.1775 0.9509 0.2535
vn 0.0389 0.9745 0.2209
vn -0.2209 0.9745 0.0389
vn -0.0389 0.9745 -0.2209
vn -0.2535 0.9509 -0.1775
vn 0.2535 0.9509 0.1775
vn 0.2209 0.9745 -0.0389
vn 0.8215 0.5515 -0.1449
vn 0.8396 0.5383 0.0726
vn 0.9354 0.3431 0.0858
vn 0.9166 0.3656 -0.1616
vn 0.1775 0.9509 -0.2535
vn 0.7641 0.5383 -0.3554
vn 0.8496 0.3431 -0.4006
vn -0.8500 -0.5050 0.1499
vn -0.9721 -0.1601 0.1714
vn -0.9857 -0.1446 -0.0868
vn -0.8674 -0.4928 -0.0686
vn -0.4187 -0.1446 -0.8965
vn -0.1714 -0.1601 -0.9721
vn -0.1499 -0.5050 -0.8500
vn -0.3611 -0.4928 -0.7917
vn -0.3554 0.5383 -0.7641
vn -0.1449 0.5515 -0.8215
vn -0.1616 0.3656 -0.9166
vn -0.4006 0.3431 -0.8496
vn 0.7917 -0.4928 -0.3611
vn 0.8965 -0.1446 -0.4187
vn 0.9721 -0.1601 -0.1714
vn 0.8500 -0.5050 -0.1499
vn 0.0868 -0.1446 -0.9857
vn 0.0686 -0.4928 -0.8674
vn 0.0726 0.5383 -0.8396
vn 0.0858 0.3431 -0.9354
vn 0.1499 -0.5050 0.8500
vn 0.1714 -0.1601 0.9721
vn -0.0868 -0.1446 0.9857
vn -0.0686 -0.4928 0.8674
vn -0.7917 -0.4928 0.3611
vn -0.8965 -0.1446 0.4187
vn 0.1449 0.5515 0.8215
vn -0.0726 0.5383 0.8396
vn -0.0858 0.3431 0.9354
vn 0.1616 0.3656 0.9166
vn 0.4187 -0.1446 0.8965
vn 0.3611 -0.4928 0.7917
vn 0.9857 -0.1446 0.0868
vn 0.8674 -0.4928 0.0686
vn 0.4006 0.3431 0.8496
vn 0.3554 0.5383 0.7641
vn -0.2782 0.7527 -0.5966
vn 0.5967 0.7527 -0.2782
vn -0.5967 0.7527 0.2782
vn 0.2782 0.7527 0.5966
vn -0.3866 0.4042 -0.8290
vn -0.4165 -0.1693 -0.8932
vn 0.3562 -0.5383 0.7638
vn 0.4165 -0.1693 0.8932
vn -0.5353 0.8219 -0.1948
vn -0.4584 0.8061 -0.3742
vn -0.3478 0.5681 -0.7459
vn 0.8290 0.4042 -0.3866
vn 0.7459 0.5681 -0.3478
vn -0.8290 0.4042 0.3865
vn -0.7459 0.5681 0.3478
vn 0.7638 -0.5383 -0.3562
vn 0.8932 -0.1693 -0.4165
vn 0.4584 0.8061 0.3742
vn 0.5353 0.8219 0.1948
vn -0.7638 -0.5383 0.3562
vn -0.8932 -0.1693 0.4165
vn 0.3866 0.4042 0.8290
vn 0.3478 0.5681 0.7459
vn -0.3562 -0.5383 -0.7638
vn 0.1948 0.8219 -0.5353
vn 0.0080 0.8061 -0.5917
vn 0.5917 0.8061 0.0080
vn -0.1948 0.8219 0.5353
vn -0.0080 0.8061 0.5917
vn -0.5917 0.8061 -0.0080
vn 0.3742 0.8061 -0.4584
vn -0.3742 0.8061 0.4584
vn -0.9361 0.3431 -0.0779
vn -0.8395 0.5383 -0.0743
vn -0.7839 0.5515 -0.2853
vn -0.8746 0.3656 -0.3183
vn -0.6908 0.5383 -0.4827
vn -0.7671 0.3431 -0.5420
vn -0.2805 0.9509 0.1308
vn -0.0767 0.9745 0.2108
vn -0.2108 0.9745 -0.0767
vn 0.0767 0.9745 -0.2108
vn -0.1308 0.9509 -0.2805
vn 0.1308 0.9509 0.2805
vn 0.2108 0.9745 0.0767
vn 0.7839 0.5515 0.2853
vn 0.6908 0.5383 0.4827
vn 0.7671 0.3431 0.5420
vn 0.8746 0.3656 0.3183
vn 0.2805 0.9509 -0.1308
vn 0.8395 0.5383 0.0743
vn 0.9361 0.3431 0.0779
vn -0.8111 -0.5050 -0.2952
vn -0.9276 -0.1601 -0.3376
vn -0.8102 -0.1446 -0.5680
vn -0.7169 -0.4928 -0.4931
vn 0.0857 -0.1446 -0.9858
vn 0.3376 -0.1601 -0.9276
vn 0.2952 -0.5050 -0.8111
vn 0.0831 -0.4928 -0.8662
vn 0.0743 0.5383 -0.8395
vn 0.2853 0.5515 -0.7839
vn 0.3183 0.3656 -0.8746
vn 0.0779 0.3431 -0.9361
vn 0.8662 -0.4928 0.0831
vn 0.9858 -0.1446 0.0857
vn 0.9276 -0.1601 0.3376
vn 0.8111 -0.5050 0.2952
vn 0.5680 -0.1446 -0.8102
vn 0.4931 -0.4928 -0.7169
vn 0.4827 0.5383 -0.6908
vn 0.5420 0.3431 -0.7671
vn -0.2952 -0.5050 0.8111
vn -0.3376 -0.1601 0.9276
vn -0.5680 -0.1446 0.8102
vn -0.4931 -0.4928 0.7169
vn -0.8662 -0.4928 -0.0831
vn -0.9858 -0.1446 -0.0857
vn -0.2853 0.5515 0.7839
vn -0.4827 0.5383 0.6908
vn -0.5420 0.3431 0.7671
vn -0.3183 0.3656 0.8746
vn -0.0857 -0.1446 0.9858
vn -0.0831 -0.4928 0.8662
vn 0.8102 -0.1446 0.5680
vn 0.7169 -0.4928 0.4931
vn -0.0779 0.3431 0.9361
vn -0.0743 0.5383 0.8395
vt 0.120580 0.375689
vt 0.120754 0.375257
vt 0.120827 0.375308
vt 0.125057 0.378270
vt 0.124710 0.378581
vt 0.124984 0.378219
vt 0.126146 0.366044
vt 0.140537 0.344782
vt 0.140610 0.344833
vt 0.126221 0.366097
vt 0.150972 0.342269
vt 0.146854 0.349205
vt 0.146928 0.349257
vt 0.151045 0.342321
vt 0.121401 0.378911
vt 0.121670 0.378527
vt 0.131869 0.370051
vt 0.131794 0.369999
vt 0.145646 0.338540
vt 0.145720 0.338592
vt 0.129008 0.368048
vt 0.148346 0.340430
vt 0.143732 0.347019
vt 0.125503 0.365594
vt 0.139859 0.344307
vt 0.132513 0.370502
vt 0.147605 0.349731
vt 0.151565 0.342685
vt 0.145126 0.338176
vt 0.119462 0.376830
vt 0.119636 0.376390
vt 0.124020 0.380022
vt 0.124374 0.379708
vt 0.119296 0.381917
vt 0.123980 0.370833
vt 0.124154 0.370401
vt 0.124227 0.370452
vt 0.128457 0.373413
vt 0.128110 0.373725
vt 0.128384 0.373362
vt 0.129547 0.361188
vt 0.137781 0.348717
vt 0.137855 0.348769
vt 0.129622 0.361240
vt 0.148216 0.346205
vt 0.144098 0.353141
vt 0.144172 0.353192
vt 0.148290 0.346256
vt 0.124802 0.374055
vt 0.125071 0.373671
vt 0.135270 0.365195
vt 0.135195 0.365143
vt 0.142891 0.342476
vt 0.142964 0.342527
vt 0.122620 0.371955
vt 0.122442 0.372402
vt 0.127521 0.375387
vt 0.127162 0.375707
vt 0.132408 0.363191
vt 0.122052 0.377982
vt 0.145590 0.344366
vt 0.140977 0.350955
vt 0.136955 0.348138
vt 0.142229 0.342012
vt 0.128742 0.360624
vt 0.148952 0.346720
vt 0.144999 0.353771
vt 0.136075 0.365759
vt 0.338851 0.236621
vt 0.338703 0.236116
vt 0.338828 0.236116
vt 0.346057 0.236116
vt 0.345909 0.236621
vt 0.345933 0.236116
vt 0.337490 0.224294
vt 0.336919 0.207696
vt 0.337045 0.207696
vt 0.337618 0.224294
vt 0.346868 0.198759
vt 0.347716 0.207696
vt 0.347842 0.207696
vt 0.346994 0.198759
vt 0.342380 0.239030
vt 0.342380 0.238509
vt 0.347271 0.224294
vt 0.347143 0.224294
vt 0.337767 0.198759
vt 0.337892 0.198759
vt 0.338192 0.238509
vt 0.338347 0.239030
vt 0.346568 0.238509
vt 0.346414 0.239030
vt 0.342380 0.224294
vt 0.342380 0.244356
vt 0.342380 0.198759
vt 0.342380 0.207696
vt 0.335506 0.207696
vt 0.336635 0.198759
vt 0.336114 0.224294
vt 0.348125 0.198759
vt 0.349254 0.207696
vt 0.348647 0.224294
s 1
f 13/1/1 14/2/1 15/3/1
f 20/2/2 21/1/2 22/3/2
f 27/4/3 28/5/3 29/6/3
f 40/5/4 41/4/4 42/6/4
f 17/7/5 45/8/6 46/9/7 16/10/8
f 32/11/9 36/12/10 37/13/11 33/14/9
f 8/15/12 13/1/13 15/3/13 7/16/12
f 14/2/14 17/7/5 16/10/8 15/3/14
f 24/7/15 20/2/16 22/3/16 23/10/17
f 31/17/18 27/4/19 29/6/19 30/18/20
f 18/19/21 38/8/22 39/9/23 19/20/21
f 42/6/24 9/16/25 10/15/25 40/5/24
f 25/14/26 34/13/27 35/12/28 26/11/26
f 44/18/29 42/6/30 41/4/30 43/17/31
f 45/8/6 12/19/32 11/20/32 46/9/7
f 38/8/22 24/7/15 23/10/17 39/9/23
f 9/16/25 22/3/33 21/1/33 10/15/25
f 36/12/10 44/18/29 43/17/31 37/13/11
f 34/13/27 31/17/18 30/18/20 35/12/28
f 7/16/12 29/6/34 28/5/34 8/15/12
f 30/18/35 29/6/36 7/16/37 3/21/38
f 7/16/37 15/3/39 16/10/40 3/21/38
f 9/16/41 42/6/42 44/18/43 4/21/44
f 22/3/45 9/16/41 4/21/44 23/10/46
f 2/22/47 6/23/48 46/9/49 11/20/50
f 6/23/48 3/21/38 16/10/40 46/9/49
f 19/20/51 39/9/52 5/23/53 1/22/54
f 39/9/52 23/10/46 4/21/44 5/23/53
f 26/11/55 35/12/56 6/23/48 2/22/47
f 35/12/56 30/18/35 3/21/38 6/23/48
f 1/22/54 5/23/53 36/12/57 32/11/58
f 5/23/53 4/21/44 44/18/43 36/12/57
f 54/24/59 47/25/60 48/25/61 53/24/62
f 56/26/63 49/27/64 50/27/65 55/26/66
f 49/27/64 60/28/67 59/28/68 50/27/65
f 47/25/60 58/29/69 57/29/70 48/25/61
f 62/30/71 63/31/72 64/31/73 61/30/74
f 66/32/75 67/33/76 68/33/77 65/32/78
f 65/32/79 51/34/80 52/34/81 66/32/82
f 51/34/80 62/30/83 61/30/84 52/34/81
f 63/31/85 54/24/59 53/24/62 64/31/86
f 55/26/66 68/33/87 67/33/88 56/26/63
f 47/25/60 54/24/59 24/7/89 38/8/90
f 45/8/91 48/25/61 57/29/70 12/19/92
f 17/7/93 53/24/62 48/25/61 45/8/91
f 58/29/69 47/25/60 38/8/90 18/19/94
f 43/17/95 55/26/66 50/27/65 37/13/96
f 49/27/64 56/26/63 31/17/97 34/13/98
f 37/13/96 50/27/65 59/28/68 33/14/99
f 60/28/67 49/27/64 34/13/98 25/14/100
f 65/32/79 40/5/101 10/15/102 51/34/80
f 28/5/103 66/32/82 52/34/81 8/15/104
f 52/34/81 61/30/84 13/1/105 8/15/104
f 21/1/106 62/30/83 51/34/80 10/15/102
f 63/31/85 20/2/107 24/7/89 54/24/59
f 14/2/108 64/31/86 53/24/62 17/7/93
f 67/33/88 27/4/109 31/17/97 56/26/63
f 41/4/110 68/33/87 55/26/66 43/17/95
f 20/2/111 63/31/72 62/30/71 21/1/111
f 64/31/73 14/2/112 13/1/112 61/30/74
f 27/4/113 67/33/76 66/32/75 28/5/113
f 68/33/77 41/4/114 40/5/114 65/32/78
f 88/35/115 89/36/115 90/37/115
f 95/36/116 96/35/116 97/37/116
f 102/38/117 103/39/117 104/40/117
f 115/39/118 116/38/118 117/40/118
f 92/41/119 120/42/120 121/43/120 91/44/119
f 107/45/121 111/46/122 112/47/122 108/48/121
f 83/49/123 88/35/124 90/37/124 82/50/123
f 89/36/125 92/41/119 91/44/119 90/37/125
f 99/41/126 95/36/127 97/37/127 98/44/126
f 106/51/128 102/38/129 104/40/129 105/52/128
f 93/53/130 113/42/131 114/43/131 94/54/130
f 117/40/132 84/50/133 85/49/133 115/39/132
f 100/48/134 109/47/135 110/46/135 101/45/134
f 119/52/136 117/40/137 116/38/137 118/51/136
f 120/42/120 87/53/138 86/54/138 121/43/120
f 123/55/139 89/36/140 88/35/140 122/56/139
f 113/42/131 99/41/126 98/44/126 114/43/131
f 84/50/133 97/37/141 96/35/141 85/49/133
f 111/46/122 119/52/136 118/51/136 112/47/122
f 125/57/142 116/38/143 115/39/143 124/58/142
f 109/47/135 106/51/128 105/52/128 110/46/135
f 82/50/123 104/40/144 103/39/144 83/49/123
f 95/36/145 123/55/139 122/56/139 96/35/145
f 102/38/146 125/57/142 124/58/142 103/39/146
f 105/52/147 104/40/148 82/50/149 71/59/150
f 82/50/149 90/37/151 91/44/152 71/59/150
f 103/39/153 124/58/154 75/60/155 83/49/156
f 75/60/155 122/56/157 88/35/158 83/49/156
f 124/58/154 115/39/159 85/49/160 75/60/155
f 84/50/161 117/40/162 119/52/163 72/59/164
f 96/35/165 122/56/157 75/60/155 85/49/160
f 97/37/166 84/50/161 72/59/164 98/44/167
f 70/61/168 78/62/169 121/43/170 86/54/171
f 120/42/172 73/63/173 80/64/174 87/53/175
f 89/36/176 123/55/177 77/65/178 92/41/179
f 92/41/179 77/65/178 73/63/173 120/42/172
f 78/62/169 71/59/150 91/44/152 121/43/170
f 94/54/180 114/43/181 76/62/182 69/61/183
f 80/64/174 73/63/173 113/42/184 93/53/185
f 123/55/177 95/36/186 99/41/187 77/65/178
f 73/63/173 77/65/178 99/41/187 113/42/184
f 114/43/181 98/44/167 72/59/164 76/62/182
f 81/66/188 74/67/189 109/47/190 100/48/191
f 101/45/192 110/46/193 78/62/169 70/61/168
f 125/57/194 102/38/195 106/51/196 79/68/197
f 74/67/189 79/68/197 106/51/196 109/47/190
f 110/46/193 105/52/147 71/59/150 78/62/169
f 112/47/198 74/67/189 81/66/188 108/48/199
f 69/61/183 76/62/182 111/46/200 107/45/201
f 76/62/182 72/59/164 119/52/163 111/46/200
f 118/51/202 79/68/197 74/67/189 112/47/198
f 116/38/203 125/57/194 79/68/197 118/51/202
f 145/35/204 146/36/204 147/37/204
f 152/36/205 153/35/205 154/37/205
f 159/38/206 160/39/206 161/40/206
f 172/39/207 173/38/207 174/40/207
f 149/41/208 177/42/209 178/43/209 148/44/208
f 164/45/210 168/46/211 169/47/211 165/48/210
f 140/49/212 145/35/213 147/37/213 139/50/212
f 146/36/214 149/41/208 148/44/208 147/37/214
f 156/41/215 152/36/216 154/37/216 155/44/215
f 163/51/217 159/38/218 161/40/218 162/52/217
f 150/53/219 170/42/220 171/43/220 151/54/219
f 174/40/221 141/50/222 142/49/222 172/39/221
f 157/48/223 166/47/224 167/46/224 158/45/223
f 176/52/225 174/40/226 173/38/226 175/51/225
f 177/42/209 144/53/227 143/54/227 178/43/209
f 180/55/228 146/36/229 145/35/229 179/56/228
f 170/42/220 156/41/215 155/44/215 171/43/220
f 141/50/222 154/37/230 153/35/230 142/49/222
f 168/46/211 176/52/225 175/51/225 169/47/211
f 182/57/231 173/38/232 172/39/232 181/58/231
f 166/47/224 163/51/217 162/52/217 167/46/224
f 139/50/212 161/40/233 160/39/233 140/49/212
f 152/36/234 180/55/228 179/56/228 153/35/234
f 159/38/235 182/57/231 181/58/231 160/39/235
f 162/52/236 161/40/237 139/50/238 128/59/239
f 139/50/238 147/37/240 148/44/241 128/59/239
f 160/39/242 181/58/243 132/60/155 140/49/244
f 132/60/155 179/56/245 145/35/246 140/49/244
f 181/58/243 172/39/247 142/49/248 132/60/155
f 141/50/249 174/40/250 176/52/251 129/59/252
f 153/35/253 179/56/245 132/60/155 142/49/248
f 154/37/254 141/50/249 129/59/252 155/44/255
f 127/61/256 135/62/257 178/43/258 143/54/259
f 177/42/260 130/63/261 137/64/262 144/53/263
f 146/36/264 180/55/265 134/65/266 149/41/267
f 149/41/267 134/65/266 130/63/261 177/42/260
f 135/62/257 128/59/239 148/44/241 178/43/258
f 151/54/268 171/43/269 133/62/270 126/61/271
f 137/64/262 130/63/261 170/42/272 150/53/273
f 180/55/265 152/36/274 156/41/275 134/65/266
f 130/63/261 134/65/266 156/41/275 170/42/272
f 171/43/269 155/44/255 129/59/252 133/62/270
f 138/66/276 131/67/277 166/47/278 157/48/279
f 158/45/280 167/46/281 135/62/257 127/61/256
f 182/57/282 159/38/283 163/51/284 136/68/285
f 131/67/277 136/68/285 163/51/284 166/47/278
f 167/46/281 162/52/236 128/59/239 135/62/257
f 169/47/286 131/67/277 138/66/276 165/48/287
f 126/61/271 133/62/270 168/46/288 164/45/289
f 133/62/270 129/59/252 176/52/251 168/46/288
f 175/51/290 136/68/285 131/67/277 169/47/286
f 173/38/291 182/57/282 136/68/285 175/51/290
f 195/1/292 196/2/292 197/3/292
f 202/2/293 203/1/293 204/3/293
f 209/4/294 210/5/294 211/6/294
f 222/5/295 223/4/295 224/6/295
f 199/7/296 227/8/297 228/9/297 198/10/296
f 214/11/298 218/12/299 219/13/299 215/14/298
f 190/15/300 195/1/301 197/3/301 189/16/300
f 196/2/302 199/7/296 198/10/296 197/3/302
f 206/7/303 202/2/304 204/3/304 205/10/303
f 213/17/305 209/4/306 211/6/306 212/18/305
f 200/19/307 220/8/308 221/9/308 201/20/307
f 224/6/309 191/16/310 192/15/310 222/5/309
f 207/14/311 216/13/312 217/12/312 208/11/311
f 226/18/313 224/6/314 223/4/314 225/17/313
f 227/8/297 194/19/315 193/20/315 228/9/297
f 220/8/308 206/7/303 205/10/303 221/9/308
f 191/16/310 204/3/316 203/1/316 192/15/310
f 218/12/299 226/18/313 225/17/313 219/13/299
f 216/13/312 213/17/305 212/18/305 217/12/312
f 189/16/300 211/6/317 210/5/317 190/15/300
f 212/18/318 211/6/319 189/16/320 185/21/321
f 189/16/320 197/3/322 198/10/323 185/21/321
f 191/16/324 224/6/325 226/18/326 186/21/327
f 204/3/328 191/16/324 186/21/327 205/10/329
f 184/22/330 188/23/331 228/9/332 193/20/333
f 188/23/331 185/21/321 198/10/323 228/9/332
f 201/20/334 221/9/335 187/23/336 183/22/337
f 221/9/335 205/10/329 186/21/327 187/23/336
f 208/11/338 217/12/339 188/23/331 184/22/330
f 217/12/339 212/18/318 185/21/321 188/23/331
f 183/22/337 187/23/336 218/12/340 214/11/341
f 187/23/336 186/21/327 226/18/326 218/12/340
f 236/24/342 229/25/343 230/25/344 235/24/345
f 238/26/346 231/27/347 232/27/348 237/26/349
f 231/27/347 242/28/350 241/28/351 232/27/348
f 229/25/343 240/29/352 239/29/353 230/25/344
f 244/30/354 245/31/355 246/31/356 243/30/357
f 248/32/358 249/33/359 250/33/360 247/32/361
f 247/32/362 233/34/363 234/34/364 248/32/365
f 233/34/363 244/30/366 243/30/367 234/34/364
f 245/31/368 236/24/342 235/24/345 246/31/369
f 237/26/349 250/33/370 249/33/371 238/26/346
f 229/25/343 236/24/342 206/7/372 220/8/373
f 227/8/374 230/25/344 239/29/353 194/19/375
f 199/7/376 235/24/345 230/25/344 227/8/374
f 240/29/352 229/25/343 220/8/373 200/19/377
f 225/17/378 237/26/349 232/27/348 219/13/379
f 231/27/347 238/26/346 213/17/380 216/13/381
f 219/13/379 232/27/348 241/28/351 215/14/382
f 242/28/350 231/27/347 216/13/381 207/14/383
f 247/32/362 222/5/384 192/15/385 233/34/363
f 210/5/386 248/32/365 234/34/364 190/15/387
f 234/34/364 243/30/367 195/1/388 190/15/387
f 203/1/389 244/30/366 233/34/363 192/15/385
f 245/31/368 202/2/390 206/7/372 236/24/342
f 196/2/391 246/31/369 235/24/345 199/7/376
f 249/33/371 209/4/392 213/17/380 238/26/346
f 223/4/393 250/33/370 237/26/349 225/17/378
f 202/2/394 245/31/355 244/30/354 203/1/394
f 246/31/356 196/2/395 195/1/395 243/30/357
f 209/4/396 249/33/359 248/32/358 210/5/396
f 250/33/360 223/4/397 222/5/397 247/32/361
f 270/69/398 271/70/398 272/71/398
f 277/70/399 278/69/399 279/71/399
f 284/72/400 285/73/400 286/74/400
f 297/73/401 298/72/401 299/74/401
f 274/75/402 302/76/403 303/77/403 273/78/402
f 289/79/404 293/80/405 294/81/405 290/82/404
f 265/83/406 270/69/407 272/71/407 264/84/406
f 271/70/408 274/75/402 273/78/402 272/71/408
f 281/75/409 277/70/410 279/71/410 280/78/409
f 288/85/411 284/72/412 286/74/412 287/86/411
f 275/87/413 295/76/414 296/77/414 276/88/413
f 299/74/415 266/84/416 267/83/416 297/73/415
f 282/82/417 291/81/418 292/80/418 283/79/417
f 301/86/419 299/74/420 298/72/420 300/85/419
f 302/76/403 269/87/421 268/88/421 303/77/403
f 305/89/422 271/70/423 270/69/423 304/90/422
f 295/76/414 281/75/409 280/78/409 296/77/414
f 266/84/416 279/71/424 278/69/424 267/83/416
f 293/80/405 301/86/419 300/85/419 294/81/405
f 307/91/425 298/72/426 297/73/426 306/92/425
f 291/81/418 288/85/411 287/86/411 292/80/418
f 264/84/406 286/74/427 285/73/427 265/83/406
f 277/70/428 305/89/422 304/90/422 278/69/428
f 284/72/429 307/91/425 306/92/425 285/73/429
f 287/86/430 286/74/431 264/84/432 253/93/433
f 264/84/432 272/71/434 273/78/435 253/93/433
f 285/73/436 306/92/437 257/94/155 265/83/438
f 257/94/155 304/90/439 270/69/440 265/83/438
f 306/92/437 297/73/441 267/83/442 257/94/155
f 266/84/443 299/74/444 301/86/445 254/93/446
f 278/69/447 304/90/439 257/94/155 267/83/442
f 279/71/448 266/84/443 254/93/446 280/78/449
f 252/95/450 260/96/451 303/77/452 268/88/453
f 302/76/454 255/97/455 262/98/456 269/87/457
f 271/70/458 305/89/459 259/99/460 274/75/461
f 274/75/461 259/99/460 255/97/455 302/76/454
f 260/96/451 253/93/433 273/78/435 303/77/452
f 276/88/462 296/77/463 258/96/464 251/95/465
f 262/98/456 255/97/455 295/76/466 275/87/467
f 305/89/459 277/70/468 281/75/469 259/99/460
f 255/97/455 259/99/460 281/75/469 295/76/466
f 296/77/463 280/78/449 254/93/446 258/96/464
f 263/100/470 256/101/471 291/81/472 282/82/473
f 283/79/474 292/80/475 260/96/451 252/95/450
f 307/91/476 284/72/477 288/85/478 261/102/479
f 256/101/471 261/102/479 288/85/478 291/81/472
f 292/80/475 287/86/430 253/93/433 260/96/451
f 294/81/480 256/101/471 263/100/470 290/82/481
f 251/95/465 258/96/464 293/80/482 289/79/483
f 258/96/464 254/93/446 301/86/445 293/80/482
f 300/85/484 261/102/479 256/101/471 294/81/480
f 298/72/485 307/91/476 261/102/479 300/85/484
f 327/69/486 328/70/486 329/71/486
f 334/70/487 335/69/487 336/71/487
f 341/72/488 342/73/488 343/74/488
f 354/73/489 355/72/489 356/74/489
f 331/75/490 359/76/491 360/77/491 330/78/490
f 346/79/492 350/80/493 351/81/493 347/82/492
f 322/83/494 327/69/495 329/71/495 321/84/494
f 328/70/496 331/75/490 330/78/490 329/71/496
f 338/75/497 334/70/498 336/71/498 337/78/497
f 345/85/499 341/72/500 343/74/500 344/86/499
f 332/87/501 352/76/502 353/77/502 333/88/501
f 356/74/503 323/84/504 324/83/504 354/73/503
f 339/82/505 348/81/506 349/80/506 340/79/505
f 358/86/507 356/74/508 355/72/508 357/85/507
f 359/76/491 326/87/509 325/88/509 360/77/491
f 362/89/510 328/70/511 327/69/511 361/90/510
f 352/76/502 338/75/497 337/78/497 353/77/502
f 323/84/504 336/71/512 335/69/512 324/83/504
f 350/80/493 358/86/507 357/85/507 351/81/493
f 364/91/513 355/72/514 354/73/514 363/92/513
f 348/81/506 345/85/499 344/86/499 349/80/506
f 321/84/494 343/74/515 342/73/515 322/83/494
f 334/70/516 362/89/510 361/90/510 335/69/516
f 341/72/517 364/91/513 363/92/513 342/73/517
f 344/86/518 343/74/519 321/84/520 310/93/521
f 321/84/520 329/71/522 330/78/523 310/93/521
f 342/73/524 363/92/525 314/94/526 322/83/527
f 314/94/526 361/90/528 327/69/529 322/83/527
f 363/92/525 354/73/530 324/83/531 314/94/526
f 323/84/532 356/74/533 358/86/534 311/93/535
f 335/69/536 361/90/528 314/94/526 324/83/531
f 336/71/537 323/84/532 311/93/535 337/78/538
f 309/95/539 317/96/540 360/77/541 325/88/542
f 359/76/543 312/97/544 319/98/545 326/87/546
f 328/70/547 362/89/548 316/99/549 331/75/550
f 331/75/550 316/99/549 312/97/544 359/76/543
f 317/96/540 310/93/521 330/78/523 360/77/541
f 333/88/551 353/77/552 315/96/553 308/95/554
f 319/98/545 312/97/544 352/76/555 332/87/556
f 362/89/548 334/70/557 338/75/558 316/99/549
f 312/97/544 316/99/549 338/75/558 352/76/555
f 353/77/552 337/78/538 311/93/535 315/96/553
f 320/100/559 313/101/560 348/81/561 339/82/562
f 340/79/563 349/80/564 317/96/540 309/95/539
f 364/91/565 341/72/566 345/85/567 318/102/568
f 313/101/560 318/102/568 345/85/567 348/81/561
f 349/80/564 344/86/518 310/93/521 317/96/540
f 351/81/569 313/101/560 320/100/559 347/82/570
f 308/95/554 315/96/553 350/80/571 346/79/572
f 315/96/553 311/93/535 358/86/534 350/80/571
f 357/85/573 318/102/568 313/101/560 351/81/569
f 355/72/574 364/91/565 318/102/568 357/85/573
f 384/69/575 385/70/575 386/71/575
f 391/70/576 392/69/576 393/71/576
f 398/72/577 399/73/577 400/74/577
f 411/73/578 412/72/578 413/74/578
f 388/75/579 416/76/580 417/77/580 387/78/579
f 403/79/581 407/80/582 408/81/582 404/82/581
f 379/83/583 384/69/584 386/71/584 378/84/583
f 385/70/585 388/75/579 387/78/579 386/71/585
f 395/75/586 391/70/587 393/71/587 394/78/586
f 402/85/588 398/72/589 400/74/589 401/86/588
f 389/87/590 409/76/591 410/77/591 390/88/590
f 413/74/592 380/84/593 381/83/593 411/73/592
f 396/82/594 405/81/595 406/80/595 397/79/594
f 415/86/596 413/74/597 412/72/597 414/85/596
f 416/76/580 383/87/598 382/88/598 417/77/580
f 419/89/599 385/70/600 384/69/600 418/90/599
f 409/76/591 395/75/586 394/78/586 410/77/591
f 380/84/593 393/71/601 392/69/601 381/83/593
f 407/80/582 415/86/596 414/85/596 408/81/582
f 421/91/602 412/72/603 411/73/603 420/92/602
f 405/81/595 402/85/588 401/86/588 406/80/595
f 378/84/583 400/74/604 399/73/604 379/83/583
f 391/70/605 419/89/599 418/90/599 392/69/605
f 398/72/606 421/91/602 420/92/602 399/73/606
f 401/86/607 400/74/608 378/84/609 367/93/610
f 378/84/609 386/71/611 387/78/612 367/93/610
f 399/73/613 420/92/614 371/94/615 379/83/616
f 371/94/615 418/90/617 384/69/618 379/83/616
f 420/92/614 411/73/619 381/83/620 371/94/615
f 380/84/621 413/74/622 415/86/623 368/93/624
f 392/69/625 418/90/617 371/94/615 381/83/620
f 393/71/626 380/84/621 368/93/624 394/78/627
f 366/95/628 374/96/629 417/77/630 382/88/631
f 416/76/632 369/97/633 376/98/634 383/87/635
f 385/70/636 419/89/637 373/99/638 388/75/639
f 388/75/639 373/99/638 369/97/633 416/76/632
f 374/96/629 367/93/610 387/78/612 417/77/630
f 390/88/640 410/77/641 372/96/642 365/95/643
f 376/98/634 369/97/633 409/76/644 389/87/645
f 419/89/637 391/70/646 395/75/647 373/99/638
f 369/97/633 373/99/638 395/75/647 409/76/644
f 410/77/641 394/78/627 368/93/624 372/96/642
f 377/100/648 370/101/649 405/81/650 396/82/651
f 397/79/652 406/80/653 374/96/629 366/95/628
f 421/91/654 398/72/655 402/85/656 375/102/657
f 370/101/649 375/102/657 402/85/656 405/81/650
f 406/80/653 401/86/607 367/93/610 374/96/629
f 408/81/658 370/101/649 377/100/648 404/82/659
f 365/95/643 372/96/642 407/80/660 403/79/661
f 372/96/642 368/93/624 415/86/623 407/80/660
f 414/85/662 375/102/657 370/101/649 408/81/658
f 412/72/663 421/91/654 375/102/657 414/85/662
f 441/69/664 442/70/664 443/71/664
f 448/70/665 449/69/665 450/71/665
f 455/72/666 456/73/666 457/74/666
f 468/73/667 469/72/667 470/74/667
f 445/75/668 473/76/669 474/77/669 444/78/668
f 460/79/670 464/80/671 465/81/671 461/82/670
f 436/83/672 441/69/673 443/71/673 435/84/672
f 442/70/674 445/75/668 444/78/668 443/71/674
f 452/75/675 448/70/676 450/71/676 451/78/675
f 459/85/677 455/72/678 457/74/678 458/86/677
f 446/87/679 466/76/680 467/77/680 447/88/679
f 470/74/681 437/84/682 438/83/682 468/73/681
f 453/82/683 462/81/684 463/80/684 454/79/683
f 472/86/685 470/74/686 469/72/686 471/85/685
f 473/76/669 440/87/687 439/88/687 474/77/669
f 476/89/688 442/70/689 441/69/689 475/90/688
f 466/76/680 452/75/675 451/78/675 467/77/680
f 437/84/682 450/71/690 449/69/690 438/83/682
f 464/80/671 472/86/685 471/85/685 465/81/671
f 478/91/691 469/72/692 468/73/692 477/92/691
f 462/81/684 459/85/677 458/86/677 463/80/684
f 435/84/672 457/74/693 456/73/693 436/83/672
f 448/70/694 476/89/688 475/90/688 449/69/694
f 455/72/695 478/91/691 477/92/691 456/73/695
f 458/86/696 457/74/697 435/84/698 424/93/699
f 435/84/698 443/71/700 444/78/701 424/93/699
f 456/73/702 477/92/703 428/94/155 436/83/704
f 428/94/155 475/90/705 441/69/706 436/83/704
f 477/92/703 468/73/707 438/83/708 428/94/155
f 437/84/709 470/74/710 472/86/711 425/93/712
f 449/69/713 475/90/705 428/94/155 438/83/708
f 450/71/714 437/84/709 425/93/712 451/78/715
f 423/95/716 431/96/717 474/77/718 439/88/719
f 473/76/720 426/97/721 433/98/722 440/87/723
f 442/70/724 476/89/725 430/99/726 445/75/727
f 445/75/727 430/99/726 426/97/721 473/76/720
f 431/96/717 424/93/699 444/78/701 474/77/718
f 447/88/728 467/77/729 429/96/730 422/95/731
f 433/98/722 426/97/721 466/76/732 446/87/733
f 476/89/725 448/70/734 452/75/735 430/99/726
f 426/97/721 430/99/726 452/75/735 466/76/732
f 467/77/729 451/78/715 425/93/712 429/96/730
f 434/100/736 427/101/737 462/81/738 453/82/739
f 454/79/740 463/80/741 431/96/717 423/95/716
f 478/91/742 455/72/743 459/85/744 432/102/745
f 427/101/737 432/102/745 459/85/744 462/81/738
f 463/80/741 458/86/696 424/93/699 431/96/717
f 465/81/746 427/101/737 434/100/736 461/82/747
f 422/95/731 429/96/730 464/80/748 460/79/749
f 429/96/730 425/93/712 472/86/711 464/80/748
f 471/85/750 432/102/745 427/101/737 465/81/746
f 469/72/751 478/91/742 432/102/745 471/85/750
f 498/69/752 499/70/752 500/71/752
f 505/70/753 506/69/753 507/71/753
f 512/72/754 513/73/754 514/74/754
f 525/73/755 526/72/755 527/74/755
f 502/75/756 530/76/757 531/77/757 501/78/756
f 517/79/758 521/80/759 522/81/759 518/82/758
f 493/83/760 498/69/761 500/71/761 492/84/760
f 499/70/762 502/75/756 501/78/756 500/71/762
f 509/75/763 505/70/764 507/71/764 508/78/763
f 516/85/765 512/72/766 514/74/766 515/86/765
f 503/87/767 523/76/768 524/77/768 504/88/767
f 527/74/769 494/84/770 495/83/770 525/73/769
f 510/82/771 519/81/772 520/80/772 511/79/771
f 529/86/773 527/74/774 526/72/774 528/85/773
f 530/76/757 497/87/775 496/88/775 531/77/757
f 533/89/776 499/70/777 498/69/777 532/90/776
f 523/76/768 509/75/763 508/78/763 524/77/768
f 494/84/770 507/71/778 506/69/778 495/83/770
f 521/80/759 529/86/773 528/85/773 522/81/759
f 535/91/779 526/72/780 525/73/780 534/92/779
f 519/81/772 516/85/765 515/86/765 520/80/772
f 492/84/760 514/74/781 513/73/781 493/83/760
f 505/70/782 533/89/776 532/90/776 506/69/782
f 512/72/783 535/91/779 534/92/779 513/73/783
f 515/86/784 514/74/785 492/84/786 481/93/787
f 492/84/786 500/71/788 501/78/789 481/93/787
f 513/73/790 534/92/791 485/94/792 493/83/793
f 485/94/792 532/90/794 498/69/795 493/83/793
f 534/92/791 525/73/796 495/83/797 485/94/792
f 494/84/798 527/74/799 529/86/800 482/93/801
f 506/69/802 532/90/794 485/94/792 495/83/797
f 507/71/803 494/84/798 482/93/801 508/78/804
f 480/95/805 488/96/806 531/77/807 496/88/808
f 530/76/809 483/97/810 490/98/811 497/87/812
f 499/70/813 533/89/814 487/99/815 502/75/816
f 502/75/816 487/99/815 483/97/810 530/76/809
f 488/96/806 481/93/787 501/78/789 531/77/807
f 504/88/817 524/77/818 486/96/819 479/95/820
f 490/98/811 483/97/810 523/76/821 503/87/822
f 533/89/814 505/70/823 509/75/824 487/99/815
f 483/97/810 487/99/815 509/75/824 523/76/821
f 524/77/818 508/78/804 482/93/801 486/96/819
f 491/100/825 484/101/826 519/81/827 510/82/828
f 511/79/829 520/80/830 488/96/806 480/95/805
f 535/91/831 512/72/832 516/85/833 489/102/834
f 484/101/826 489/102/834 516/85/833 519/81/827
f 520/80/830 515/86/784 481/93/787 488/96/806
f 522/81/835 484/101/826 491/100/825 518/82/836
f 479/95/820 486/96/819 521/80/837 517/79/838
f 486/96/819 482/93/801 529/86/800 521/80/837
f 528/85/839 489/102/834 484/101/826 522/81/835
f 526/72/840 535/91/831 489/102/834 528/85/839
f 555/69/841 556/70/841 557/71/841
f 562/70/842 563/69/842 564/71/842
f 569/72/843 570/73/843 571/74/843
f 582/73/844 583/72/844 584/74/844
f 559/75/845 587/76/846 588/77/846 558/78/845
f 574/79/847 578/80/848 579/81/848 575/82/847
f 550/83/849 555/69/850 557/71/850 549/84/849
f 556/70/851 559/75/845 558/78/845 557/71/851
f 566/75/852 562/70/853 564/71/853 565/78/852
f 573/85/854 569/72/855 571/74/855 572/86/854
f 560/87/856 580/76/857 581/77/857 561/88/856
f 584/74/858 551/84/859 552/83/859 582/73/858
f 567/82/860 576/81/861 577/80/861 568/79/860
f 586/86/862 584/74/863 583/72/863 585/85/862
f 587/76/846 554/87/864 553/88/864 588/77/846
f 590/89/865 556/70/866 555/69/866 589/90/865
f 580/76/857 566/75/852 565/78/852 581/77/857
f 551/84/859 564/71/867 563/69/867 552/83/859
f 578/80/848 586/86/862 585/85/862 579/81/848
f 592/91/868 583/72/869 582/73/869 591/92/868
f 576/81/861 573/85/854 572/86/854 577/80/861
f 549/84/849 571/74/870 570/73/870 550/83/849
f 562/70/871 590/89/865 589/90/865 563/69/871
f 569/72/872 592/91/868 591/92/868 570/73/872
f 572/86/873 571/74/874 549/84/875 538/93/876
f 549/84/875 557/71/877 558/78/878 538/93/876
f 570/73/879 591/92/880 542/94/881 550/83/882
f 542/94/881 589/90/883 555/69/884 550/83/882
f 591/92/880 582/73/885 552/83/886 542/94/881
f 551/84/887 584/74/888 586/86/889 539/93/890
f 563/69/891 589/90/883 542/94/881 552/83/886
f 564/71/892 551/84/887 539/93/890 565/78/893
f 537/95/894 545/96/895 588/77/896 553/88/897
f 587/76/898 540/97/899 547/98/900 554/87/901
f 556/70/902 590/89/903 544/99/904 559/75/905
f 559/75/905 544/99/904 540/97/899 587/76/898
f 545/96/895 538/93/876 558/78/878 588/77/896
f 561/88/906 581/77/907 543/96/908 536/95/909
f 547/98/900 540/97/899 580/76/910 560/87/911
f 590/89/903 562/70/912 566/75/913 544/99/904
f 540/97/899 544/99/904 566/75/913 580/76/910
f 581/77/907 565/78/893 539/93/890 543/96/908
f 548/100/914 541/101/915 576/81/916 567/82/917
f 568/79/918 577/80/919 545/96/895 537/95/894
f 592/91/920 569/72/921 573/85/922 546/102/923
f 541/101/915 546/102/923 573/85/922 576/81/916
f 577/80/919 572/86/873 538/93/876 545/96/895
f 579/81/924 541/101/915 548/100/914 575/82/925
f 536/95/909 543/96/908 578/80/926 574/79/927
f 543/96/908 539/93/890 586/86/889 578/80/926
f 585/85/928 546/102/923 541/101/915 579/81/924
f 583/72/929 592/91/920 546/102/923 585/85/928
f 612/69/930 613/70/930 614/71/930
f 619/70/931 620/69/931 621/71/931
f 626/72/932 627/73/932 628/74/932
f 639/73/933 640/72/933 641/74/933
f 616/75/934 644/76/935 645/77/935 615/78/934
f 631/79/936 635/80/937 636/81/937 632/82/936
f 607/83/938 612/69/939 614/71/939 606/84/938
f 613/70/940 616/75/934 615/78/934 614/71/940
f 623/75/941 619/70/942 621/71/942 622/78/941
f 630/85/943 626/72/944 628/74/944 629/86/943
f 617/87/945 637/76/946 638/77/947 618/88/945
f 641/74/948 608/84/949 609/83/949 639/73/948
f 624/82/950 633/81/951 634/80/951 625/79/950
f 643/86/952 641/74/953 640/72/953 642/85/952
f 644/76/935 611/87/954 610/88/954 645/77/935
f 647/89/955 613/70/956 612/69/956 646/90/955
f 637/76/946 623/75/941 622/78/941 638/77/947
f 608/84/949 621/71/957 620/69/957 609/83/949
f 635/80/937 643/86/952 642/85/952 636/81/937
f 649/91/958 640/72/959 639/73/959 648/92/958
f 633/81/951 630/85/943 629/86/943 634/80/951
f 606/84/938 628/74/960 627/73/960 607/83/938
f 619/70/961 647/89/955 646/90/955 620/69/961
f 626/72/962 649/91/958 648/92/958 627/73/962
f 629/86/963 628/74/964 606/84/965 595/93/966
f 606/84/965 614/71/967 615/78/968 595/93/966
f 627/73/969 648/92/970 599/94/971 607/83/972
f 599/94/971 646/90/973 612/69/974 607/83/972
f 648/92/970 639/73/975 609/83/976 599/94/971
f 608/84/977 641/74/978 643/86/979 596/93/980
f 620/69/981 646/90/973 599/94/971 609/83/976
f 621/71/982 608/84/977 596/93/980 622/78/983
f 594/95/984 602/96/985 645/77/986 610/88/987
f 644/76/988 597/97/989 604/98/990 611/87/991
f 613/70/992 647/89/993 601/99/994 616/75/995
f 616/75/995 601/99/994 597/97/989 644/76/988
f 602/96/985 595/93/966 615/78/968 645/77/986
f 618/88/996 638/77/997 600/96/998 593/95/999
f 604/98/990 597/97/989 637/76/1000 617/87/1001
f 647/89/993 619/70/1002 623/75/1003 601/99/994
f 597/97/989 601/99/994 623/75/1003 637/76/1000
f 638/77/997 622/78/983 596/93/980 600/96/998
f 605/100/1004 598/101/1005 633/81/1006 624/82/1007
f 625/79/1008 634/80/1009 602/96/985 594/95/984
f 649/91/1010 626/72/1011 630/85/1012 603/102/1013
f 598/101/1005 603/102/1013 630/85/1012 633/81/1006
f 634/80/1009 629/86/963 595/93/966 602/96/985
f 636/81/1014 598/101/1005 605/100/1004 632/82/1015
f 593/95/999 600/96/998 635/80/1016 631/79/1017
f 600/96/998 596/93/980 643/86/979 635/80/1016
f 642/85/1018 603/102/1013 598/101/1005 636/81/1014
f 640/72/1019 649/91/1010 603/102/1013 642/85/1018
f 669/69/1020 670/70/1020 671/71/1020
f 676/70/1021 677/69/1021 678/71/1021
f 683/72/1022 684/73/1022 685/74/1022
f 696/73/1023 697/72/1023 698/74/1023
f 673/75/1024 701/76/1025 702/77/1025 672/78/1024
f 688/79/1026 692/80/1027 693/81/1027 689/82/1026
f 664/83/1028 669/69/1029 671/71/1029 663/84/1028
f 670/70/1030 673/75/1024 672/78/1024 671/71/1030
f 680/75/1031 676/70/1032 678/71/1032 679/78/1031
f 687/85/1033 683/72/1034 685/74/1034 686/86/1033
f 674/87/1035 694/76/1036 695/77/1036 675/88/1035
f 698/74/1037 665/84/1038 666/83/1038 696/73/1037
f 681/82/1039 690/81/1040 691/80/1040 682/79/1039
f 700/86/1041 698/74/1042 697/72/1042 699/85/1041
f 701/76/1025 668/87/1043 667/88/1043 702/77/1025
f 704/89/1044 670/70/1045 669/69/1045 703/90/1044
f 694/76/1036 680/75/1031 679/78/1031 695/77/1036
f 665/84/1038 678/71/1046 677/69/1046 666/83/1038
f 692/80/1027 700/86/1041 699/85/1041 693/81/1027
f 706/91/1047 697/72/1048 696/73/1048 705/92/1047
f 690/81/1040 687/85/1033 686/86/1033 691/80/1040
f 663/84/1028 685/74/1049 684/73/1049 664/83/1028
f 676/70/1050 704/89/1044 703/90/1044 677/69/1050
f 683/72/1051 706/91/1047 705/92/1047 684/73/1051
f 686/86/1052 685/74/1053 663/84/1054 652/93/1055
f 663/84/1054 671/71/1056 672/78/1057 652/93/1055
f 684/73/1058 705/92/1059 656/94/1060 664/83/1061
f 656/94/1060 703/90/1062 669/69/1063 664/83/1061
f 705/92/1059 696/73/1064 666/83/1065 656/94/1060
f 665/84/1066 698/74/1067 700/86/1068 653/93/1069
f 677/69/1070 703/90/1062 656/94/1060 666/83/1065
f 678/71/1071 665/84/1066 653/93/1069 679/78/1072
f 651/95/1073 659/96/1074 702/77/1075 667/88/1076
f 701/76/1077 654/97/1078 661/98/1079 668/87/1080
f 670/70/1081 704/89/1082 658/99/1083 673/75/1084
f 673/75/1084 658/99/1083 654/97/1078 701/76/1077
f 659/96/1074 652/93/1055 672/78/1057 702/77/1075
f 675/88/1085 695/77/1086 657/96/1087 650/95/1088
f 661/98/1079 654/97/1078 694/76/1089 674/87/1090
f 704/89/1082 676/70/1091 680/75/1092 658/99/1083
f 654/97/1078 658/99/1083 680/75/1092 694/76/1089
f 695/77/1086 679/78/1072 653/93/1069 657/96/1087
f 662/100/1093 655/101/1094 690/81/1095 681/82/1096
f 682/79/1097 691/80/1098 659/96/1074 651/95/1073
f 706/91/1099 683/72/1100 687/85/1101 660/102/1102
f 655/101/1094 660/102/1102 687/85/1101 690/81/1095
f 691/80/1098 686/86/1052 652/93/1055 659/96/1074
f 693/81/1103 655/101/1094 662/100/1093 689/82/1104
f 650/95/1088 657/96/1087 692/80/1105 688/79/1106
f 657/96/1087 653/93/1069 700/86/1068 692/80/1105
f 699/85/1107 660/102/1102 655/101/1094 693/81/1103
f 697/72/1108 706/91/1099 660/102/1102 699/85/1107
f 726/69/1109 727/70/1109 728/71/1109
f 733/70/1110 734/69/1110 735/71/1110
f 740/72/1111 741/73/1111 742/74/1111
f 753/73/1112 754/72/1112 755/74/1112
f 730/75/1113 758/76/1114 759/77/1114 729/78/1113
f 745/79/1115 749/80/1116 750/81/1116 746/82/1115
f 721/83/1117 726/69/1118 728/71/1118 720/84/1117
f 727/70/1119 730/75/1113 729/78/1113 728/71/1119
f 737/75/1120 733/70/1121 735/71/1121 736/78/1120
f 744/85/1122 740/72/1123 742/74/1123 743/86/1122
f 731/87/1124 751/76/1125 752/77/1125 732/88/1124
f 755/74/1126 722/84/1127 723/83/1127 753/73/1126
f 738/82/1128 747/81/1129 748/80/1129 739/79/1128
f 757/86/1130 755/74/1131 754/72/1131 756/85/1130
f 758/76/1114 725/87/1132 724/88/1132 759/77/1114
f 761/89/1133 727/70/1134 726/69/1134 760/90/1133
f 751/76/1125 737/75/1120 736/78/1120 752/77/1125
f 722/84/1127 735/71/1135 734/69/1135 723/83/1127
f 749/80/1116 757/86/1130 756/85/1130 750/81/1116
f 763/91/1136 754/72/1137 753/73/1137 762/92/1136
f 747/81/1129 744/85/1122 743/86/1122 748/80/1129
f 720/84/1117 742/74/1138 741/73/1138 721/83/1117
f 733/70/1139 761/89/1133 760/90/1133 734/69/1139
f 740/72/1140 763/91/1136 762/92/1136 741/73/1140
f 743/86/1141 742/74/1142 720/84/1143 709/93/1144
f 720/84/1143 728/71/1145 729/78/1146 709/93/1144
f 741/73/1147 762/92/1148 713/94/155 721/83/1149
f 713/94/155 760/90/1150 726/69/1151 721/83/1149
f 762/92/1148 753/73/1152 723/83/1153 713/94/155
f 722/84/1154 755/74/1155 757/86/1156 710/93/1157
f 734/69/1158 760/90/1150 713/94/155 723/83/1153
f 735/71/1159 722/84/1154 710/93/1157 736/78/1160
f 708/95/1161 716/96/1162 759/77/1163 724/88/1164
f 758/76/1165 711/97/1166 718/98/1167 725/87/1168
f 727/70/1169 761/89/1170 715/99/1171 730/75/1172
f 730/75/1172 715/99/1171 711/97/1166 758/76/1165
f 716/96/1162 709/93/1144 729/78/1146 759/77/1163
f 732/88/1173 752/77/1174 714/96/1175 707/95/1176
f 718/98/1167 711/97/1166 751/76/1177 731/87/1178
f 761/89/1170 733/70/1179 737/75/1180 715/99/1171
f 711/97/1166 715/99/1171 737/75/1180 751/76/1177
f 752/77/1174 736/78/1160 710/93/1157 714/96/1175
f 719/100/1181 712/101/1182 747/81/1183 738/82/1184
f 739/79/1185 748/80/1186 716/96/1162 708/95/1161
f 763/91/1187 740/72/1188 744/85/1189 717/102/1190
f 712/101/1182 717/102/1190 744/85/1189 747/81/1183
f 748/80/1186 743/86/1141 709/93/1144 716/96/1162
f 750/81/1191 712/101/1182 719/100/1181 746/82/1192
f 707/95/1176 714/96/1175 749/80/1193 745/79/1194
f 714/96/1175 710/93/1157 757/86/1156 749/80/1193
f 756/85/1195 717/102/1190 712/101/1182 750/81/1191
f 754/72/1196 763/91/1187 717/102/1190 756/85/1195
f 783/69/292 784/70/292 785/71/292
f 790/70/293 791/69/293 792/71/293
f 797/72/294 798/73/294 799/74/294
f 810/73/295 811/72/295 812/74/295
f 787/75/1197 815/76/1198 816/77/1198 786/78/1197
f 802/79/298 806/80/1199 807/81/1199 803/82/298
f 778/83/300 783/69/301 785/71/301 777/84/300
f 784/70/302 787/75/1197 786/78/1197 785/71/302
f 794/75/1200 790/70/304 792/71/304 793/78/1200
f 801/85/1201 797/72/306 799/74/306 800/86/1201
f 788/87/307 808/76/1202 809/77/1202 789/88/307
f 812/74/1203 779/84/310 780/83/310 810/73/1203
f 795/82/311 804/81/1204 805/80/1204 796/79/311
f 814/86/1205 812/74/1206 811/72/1206 813/85/1205
f 815/76/1198 782/87/315 781/88/315 816/77/1198
f 818/89/1207 784/70/1208 783/69/1208 817/90/1207
f 808/76/1202 794/75/1200 793/78/1200 809/77/1202
f 779/84/310 792/71/316 791/69/316 780/83/310
f 806/80/1199 814/86/1205 813/85/1205 807/81/1199
f 820/91/1209 811/72/1210 810/73/1210 819/92/1209
f 804/81/1204 801/85/1201 800/86/1201 805/80/1204
f 777/84/300 799/74/317 798/73/317 778/83/300
f 790/70/1211 818/89/1207 817/90/1207 791/69/1211
f 797/72/1212 820/91/1209 819/92/1209 798/73/1212
f 800/86/1213 799/74/319 777/84/320 766/93/1214
f 777/84/320 785/71/322 786/78/1215 766/93/1214
f 798/73/1216 819/92/1217 770/94/155 778/83/1218
f 770/94/155 817/90/1219 783/69/1220 778/83/1218
f 819/92/1217 810/73/1221 780/83/1222 770/94/155
f 779/84/324 812/74/325 814/86/1223 767/93/1224
f 791/69/1225 817/90/1219 770/94/155 780/83/1222
f 792/71/328 779/84/324 767/93/1224 793/78/1226
f 765/95/330 773/96/1227 816/77/1228 781/88/333
f 815/76/1229 768/97/1230 775/98/1231 782/87/1232
f 784/70/1233 818/89/1234 772/99/1235 787/75/1236
f 787/75/1236 772/99/1235 768/97/1230 815/76/1229
f 773/96/1227 766/93/1214 786/78/1215 816/77/1228
f 789/88/334 809/77/1237 771/96/1238 764/95/337
f 775/98/1231 768/97/1230 808/76/1239 788/87/1240
f 818/89/1234 790/70/1241 794/75/1242 772/99/1235
f 768/97/1230 772/99/1235 794/75/1242 808/76/1239
f 809/77/1237 793/78/1226 767/93/1224 771/96/1238
f 776/100/1243 769/101/1244 804/81/1245 795/82/1246
f 796/79/338 805/80/1247 773/96/1227 765/95/330
f 820/91/1248 797/72/1249 801/85/1250 774/102/1251
f 769/101/1244 774/102/1251 801/85/1250 804/81/1245
f 805/80/1247 800/86/1213 766/93/1214 773/96/1227
f 807/81/1252 769/101/1244 776/100/1243 803/82/1253
f 764/95/337 771/96/1238 806/80/1254 802/79/341
f 771/96/1238 767/93/1224 814/86/1223 806/80/1254
f 813/85/1255 774/102/1251 769/101/1244 807/81/1252
f 811/72/1256 820/91/1248 774/102/1251 813/85/1255
f 840/69/1257 841/70/1257 842/71/1257
f 847/70/1258 848/69/1258 849/71/1258
f 854/72/1259 855/73/1259 856/74/1259
f 867/73/1260 868/72/1260 869/74/1260
f 844/75/1261 872/76/1262 873/77/1262 843/78/1261
f 859/79/1263 863/80/1264 864/81/1264 860/82/1263
f 835/83/1265 840/69/1266 842/71/1266 834/84/1265
f 841/70/1267 844/75/1261 843/78/1261 842/71/1267
f 851/75/1268 847/70/1269 849/71/1269 850/78/1268
f 858/85/1270 854/72/1271 856/74/1271 857/86/1270
f 845/87/1272 865/76/1273 866/77/1273 846/88/1272
f 869/74/1274 836/84/1275 837/83/1275 867/73/1274
f 852/82/1276 861/81/1277 862/80/1277 853/79/1276
f 871/86/1278 869/74/1279 868/72/1279 870/85/1278
f 872/76/1262 839/87/1280 838/88/1280 873/77/1262
f 875/89/1281 841/70/1282 840/69/1282 874/90/1281
f 865/76/1273 851/75/1268 850/78/1268 866/77/1273
f 836/84/1275 849/71/1283 848/69/1283 837/83/1275
f 863/80/1264 871/86/1278 870/85/1278 864/81/1264
f 877/91/1284 868/72/1285 867/73/1285 876/92/1284
f 861/81/1277 858/85/1270 857/86/1270 862/80/1277
f 834/84/1265 856/74/1286 855/73/1286 835/83/1265
f 847/70/1287 875/89/1281 874/90/1281 848/69/1287
f 854/72/1288 877/91/1284 876/92/1284 855/73/1288
f 857/86/1289 856/74/1290 834/84/1291 823/93/1292
f 834/84/1291 842/71/1293 843/78/1294 823/93/1292
f 855/73/1295 876/92/1296 827/94/1297 835/83/1298
f 827/94/1297 874/90/1299 840/69/1300 835/83/1298
f 876/92/1296 867/73/1301 837/83/1302 827/94/1297
f 836/84/1303 869/74/1304 871/86/1305 824/93/1306
f 848/69/1307 874/90/1299 827/94/1297 837/83/1302
f 849/71/1308 836/84/1303 824/93/1306 850/78/1309
f 822/95/1310 830/96/1311 873/77/1312 838/88/1313
f 872/76/1314 825/97/1315 832/98/1316 839/87/1317
f 841/70/1318 875/89/1319 829/99/1320 844/75/1321
f 844/75/1321 829/99/1320 825/97/1315 872/76/1314
f 830/96/1311 823/93/1292 843/78/1294 873/77/1312
f 846/88/1322 866/77/1323 828/96/1324 821/95/1325
f 832/98/1316 825/97/1315 865/76/1326 845/87/1327
f 875/89/1319 847/70/1328 851/75/1329 829/99/1320
f 825/97/1315 829/99/1320 851/75/1329 865/76/1326
f 866/77/1323 850/78/1309 824/93/1306 828/96/1324
f 833/100/1330 826/101/1331 861/81/1332 852/82/1333
f 853/79/1334 862/80/1335 830/96/1311 822/95/1310
f 877/91/1336 854/72/1337 858/85/1338 831/102/1339
f 826/101/1331 831/102/1339 858/85/1338 861/81/1332
f 862/80/1335 857/86/1289 823/93/1292 830/96/1311
f 864/81/1340 826/101/1331 833/100/1330 860/82/1341
f 821/95/1325 828/96/1324 863/80/1342 859/79/1343
f 828/96/1324 824/93/1306 871/86/1305 863/80/1342
f 870/85/1344 831/102/1339 826/101/1331 864/81/1340
f 868/72/1345 877/91/1336 831/102/1339 870/85/1344
f 897/69/1346 898/70/1346 899/71/1346
f 904/70/1347 905/69/1347 906/71/1347
f 911/72/1348 912/73/1348 913/74/1348
f 924/73/1349 925/72/1349 926/74/1349
f 901/75/1350 929/76/1351 930/77/1351 900/78/1350
f 916/79/1352 920/80/1353 921/81/1353 917/82/1352
f 892/83/1354 897/69/1355 899/71/1355 891/84/1354
f 898/70/1356 901/75/1350 900/78/1350 899/71/1356
f 908/75/1357 904/70/1358 906/71/1358 907/78/1357
f 915/85/1359 911/72/1360 913/74/1360 914/86/1359
f 902/87/1361 922/76/1362 923/77/1362 903/88/1361
f 926/74/1363 893/84/1364 894/83/1364 924/73/1363
f 909/82/1365 918/81/1366 919/80/1366 910/79/1365
f 928/86/1367 926/74/1368 925/72/1368 927/85/1367
f 929/76/1351 896/87/1369 895/88/1369 930/77/1351
f 932/89/1370 898/70/1371 897/69/1371 931/90/1370
f 922/76/1362 908/75/1357 907/78/1357 923/77/1362
f 893/84/1364 906/71/1372 905/69/1372 894/83/1364
f 920/80/1353 928/86/1367 927/85/1367 921/81/1353
f 934/91/1373 925/72/1374 924/73/1374 933/92/1373
f 918/81/1366 915/85/1359 914/86/1359 919/80/1366
f 891/84/1354 913/74/1375 912/73/1375 892/83/1354
f 904/70/1376 932/89/1370 931/90/1370 905/69/1376
f 911/72/1377 934/91/1373 933/92/1373 912/73/1377
f 914/86/1378 913/74/1379 891/84/1380 880/93/1381
f 891/84/1380 899/71/1382 900/78/1383 880/93/1381
f 912/73/1384 933/92/1385 884/94/155 892/83/1386
f 884/94/155 931/90/1387 897/69/1388 892/83/1386
f 933/92/1385 924/73/1389 894/83/1390 884/94/155
f 893/84/1391 926/74/1392 928/86/1393 881/93/1394
f 905/69/1395 931/90/1387 884/94/155 894/83/1390
f 906/71/1396 893/84/1391 881/93/1394 907/78/1397
f 879/95/1398 887/96/1399 930/77/1400 895/88/1401
f 929/76/1402 882/97/1403 889/98/1404 896/87/1405
f 898/70/1406 932/89/1407 886/99/1408 901/75/1409
f 901/75/1409 886/99/1408 882/97/1403 929/76/1402
f 887/96/1399 880/93/1381 900/78/1383 930/77/1400
f 903/88/1410 923/77/1411 885/96/1412 878/95/1413
f 889/98/1404 882/97/1403 922/76/1414 902/87/1415
f 932/89/1407 904/70/1416 908/75/1417 886/99/1408
f 882/97/1403 886/99/1408 908/75/1417 922/76/1414
f 923/77/1411 907/78/1397 881/93/1394 885/96/1412
f 890/100/1418 883/101/1419 918/81/1420 909/82/1421
f 910/79/1422 919/80/1423 887/96/1399 879/95/1398
f 934/91/1424 911/72/1425 915/85/1426 888/102/1427
f 883/101/1419 888/102/1427 915/85/1426 918/81/1420
f 919/80/1423 914/86/1378 880/93/1381 887/96/1399
f 921/81/1428 883/101/1419 890/100/1418 917/82/1429
f 878/95/1413 885/96/1412 920/80/1430 916/79/1431
f 885/96/1412 881/93/1394 928/86/1393 920/80/1430
f 927/85/1432 888/102/1427 883/101/1419 921/81/1428
f 925/72/1433 934/91/1424 888/102/1427 927/85/1432
f 954/69/1434 955/70/1434 956/71/1434
f 961/70/1435 962/69/1435 963/71/1435
f 968/72/1436 969/73/1436 970/74/1436
f 981/73/1437 982/72/1437 983/74/1437
f 958/75/1438 986/76/1439 987/77/1439 957/78/1438
f 973/79/1440 977/80/1441 978/81/1441 974/82/1440
f 949/83/1442 954/69/1443 956/71/1443 948/84/1442
f 955/70/1444 958/75/1438 957/78/1438 956/71/1444
f 965/75/1445 961/70/1446 963/71/1446 964/78/1445
f 972/85/1447 968/72/1448 970/74/1448 971/86/1447
f 959/87/1449 979/76/1450 980/77/1450 960/88/1449
f 983/74/1451 950/84/1452 951/83/1452 981/73/1451
f 966/82/1453 975/81/1454 976/80/1454 967/79/1453
f 985/86/1455 983/74/1456 982/72/1456 984/85/1455
f 986/76/1439 953/87/1457 952/88/1457 987/77/1439
f 989/89/1458 955/70/1459 954/69/1459 988/90/1458
f 979/76/1450 965/75/1445 964/78/1445 980/77/1450
f 950/84/1452 963/71/1460 962/69/1460 951/83/1452
f 977/80/1441 985/86/1455 984/85/1455 978/81/1441
f 991/91/1461 982/72/1462 981/73/1462 990/92/1461
f 975/81/1454 972/85/1447 971/86/1447 976/80/1454
f 948/84/1442 970/74/1463 969/73/1463 949/83/1442
f 961/70/1464 989/89/1458 988/90/1458 962/69/1464
f 968/72/1465 991/91/1461 990/92/1461 969/73/1465
f 971/86/1466 970/74/1467 948/84/1468 937/93/1469
f 948/84/1468 956/71/1470 957/78/1471 937/93/1469
f 969/73/1472 990/92/1473 941/94/155 949/83/1474
f 941/94/155 988/90/1475 954/69/1476 949/83/1474
f 990/92/1473 981/73/1477 951/83/1478 941/94/155
f 950/84/1479 983/74/1480 985/86/1481 938/93/1482
f 962/69/1483 988/90/1475 941/94/155 951/83/1478
f 963/71/1484 950/84/1479 938/93/1482 964/78/1485
f 936/95/1486 944/96/1487 987/77/1488 952/88/1489
f 986/76/1490 939/97/1491 946/98/1492 953/87/1493
f 955/70/1494 989/89/1495 943/99/1496 958/75/1497
f 958/75/1497 943/99/1496 939/97/1491 986/76/1490
f 944/96/1487 937/93/1469 957/78/1471 987/77/1488
f 960/88/1498 980/77/1499 942/96/1500 935/95/1501
f 946/98/1492 939/97/1491 979/76/1502 959/87/1503
f 989/89/1495 961/70/1504 965/75/1505 943/99/1496
f 939/97/1491 943/99/1496 965/75/1505 979/76/1502
f 980/77/1499 964/78/1485 938/93/1482 942/96/1500
f 947/100/1506 940/101/1507 975/81/1508 966/82/1509
f 967/79/1510 976/80/1511 944/96/1487 936/95/1486
f 991/91/1512 968/72/1513 972/85/1514 945/102/1515
f 940/101/1507 945/102/1515 972/85/1514 975/81/1508
f 976/80/1511 971/86/1466 937/93/1469 944/96/1487
f 978/81/1516 940/101/1507 947/100/1506 974/82/1517
f 935/95/1501 942/96/1500 977/80/1518 973/79/1519
f 942/96/1500 938/93/1482 985/86/1481 977/80/1518
f 984/85/1520 945/102/1515 940/101/1507 978/81/1516
f 982/72/1521 991/91/1512 945/102/1515 984/85/1520
