# Blender 5.0.1
# www.blender.org
o GEO_GoldMine_A
v 10.000000 0.000000 -9.528000
v 10.000000 0.000000 -8.472000
v 10.000000 0.492815 -8.424107
v 10.000000 0.492815 -9.575893
v 9.368273 0.172485 -9.000000
v 10.631727 0.172485 -9.000000
v 10.000000 0.880000 -9.000000
v 10.000000 0.172485 -9.631727
v 9.424107 0.492815 -9.000000
v 10.000000 0.172485 -8.368273
v 10.575893 0.492815 -9.000000
v 9.472000 0.000000 -9.000000
v 10.528000 0.000000 -9.000000
v 10.000000 0.767144 -8.615126
v 10.000000 0.777196 -8.629332
v 10.000000 0.767144 -9.384874
v 10.000000 0.777196 -9.370668
v 9.587542 0.000000 -8.576006
v 9.576006 0.000000 -8.587542
v 9.675676 0.730703 -8.675676
v 9.662086 0.720970 -8.673528
v 9.673528 0.720970 -8.662086
v 9.562316 0.492815 -8.550580
v 9.550580 0.492815 -8.562316
v 9.576006 0.000000 -9.412458
v 9.587542 0.000000 -9.423994
v 9.662086 0.720970 -9.326472
v 9.675676 0.730703 -9.324324
v 9.673528 0.720970 -9.337914
v 9.562316 0.492815 -9.449420
v 9.550580 0.492815 -9.437684
v 10.423994 0.000000 -8.587542
v 10.412458 0.000000 -8.576006
v 10.337914 0.720970 -8.673528
v 10.324324 0.730703 -8.675676
v 10.326472 0.720970 -8.662086
v 10.437684 0.492815 -8.550580
v 10.449420 0.492815 -8.562316
v 10.412458 0.000000 -9.423994
v 10.423994 0.000000 -9.412458
v 10.501922 0.172485 -8.509670
v 10.490330 0.172485 -8.498078
v 10.490330 0.172485 -9.501922
v 10.501922 0.172485 -9.490330
v 9.498078 0.172485 -9.490330
v 9.509670 0.172485 -9.501922
v 10.324324 0.730703 -9.324324
v 10.337914 0.720970 -9.326472
v 10.326472 0.720970 -9.337914
v 10.449420 0.492815 -9.437684
v 10.437684 0.492815 -9.449420
v 9.498078 0.172485 -8.509670
v 9.509670 0.172485 -8.498078
v 9.629332 0.777196 -9.000000
v 9.615126 0.767144 -9.000000
v 10.370668 0.777196 -9.000000
v 10.384874 0.767144 -9.000000
v 10.621075 0.000000 -9.450156
v 10.466328 0.000000 -8.572543
v 10.461036 0.313610 -8.542528
v 10.626368 0.313610 -9.480171
v 10.128774 0.109763 -8.973247
v 10.920574 0.109763 -8.833631
v 10.524673 0.560000 -8.903439
v 10.632537 0.109763 -9.515162
v 10.163764 0.313610 -8.967076
v 10.454865 0.109763 -8.507538
v 10.885584 0.313610 -8.839800
v 10.193778 0.000000 -8.961784
v 10.855569 0.000000 -8.845093
v 10.482143 0.488183 -8.662239
v 10.483714 0.494579 -8.671142
v 10.605259 0.488183 -9.360460
v 10.603689 0.494579 -9.351557
v 10.219335 0.000000 -8.683301
v 10.213381 0.000000 -8.691805
v 10.285583 0.464993 -8.736025
v 10.276829 0.458799 -8.736180
v 10.282734 0.458799 -8.727745
v 10.200717 0.313610 -8.670155
v 10.194659 0.313610 -8.678806
v 10.342592 0.000000 -9.424600
v 10.351096 0.000000 -9.430553
v 10.387036 0.458799 -9.361200
v 10.395315 0.464993 -9.358352
v 10.395471 0.458799 -9.367105
v 10.338097 0.313610 -9.449276
v 10.329445 0.313610 -9.443217
v 10.744811 0.000000 -8.598100
v 10.736307 0.000000 -8.592145
v 10.700366 0.458799 -8.661499
v 10.692087 0.464993 -8.664347
v 10.691932 0.458799 -8.655593
v 10.749306 0.313610 -8.573423
v 10.757957 0.313610 -8.579481
v 10.868068 0.000000 -9.339397
v 10.874022 0.000000 -9.330894
v 10.785043 0.109763 -8.540687
v 10.776497 0.109763 -8.534702
v 10.925481 0.109763 -9.379630
v 10.931464 0.109763 -9.371084
v 10.302360 0.109763 -9.482012
v 10.310905 0.109763 -9.487996
v 10.801821 0.464993 -9.286674
v 10.810575 0.458799 -9.286519
v 10.804668 0.458799 -9.294953
v 10.892744 0.313610 -9.343893
v 10.886686 0.313610 -9.352545
v 10.155938 0.109763 -8.651615
v 10.161922 0.109763 -8.643069
v 10.292377 0.494579 -8.944398
v 10.283475 0.488183 -8.945968
v 10.756970 0.494579 -8.862478
v 10.765873 0.488183 -8.860909
v 9.481140 0.000000 -8.630719
v 9.372817 0.000000 -9.245049
v 9.369112 0.219527 -9.266059
v 9.484844 0.219527 -8.609709
v 9.690789 0.076834 -9.062287
v 9.136529 0.076834 -8.964556
v 9.413659 0.392000 -9.013422
v 9.489163 0.076834 -8.585216
v 9.666296 0.219527 -9.057968
v 9.364794 0.076834 -9.290552
v 9.161022 0.219527 -8.968875
v 9.645286 0.000000 -9.054264
v 9.182033 0.000000 -8.972580
v 9.383888 0.341728 -9.182261
v 9.384987 0.346205 -9.176029
v 9.470069 0.341728 -8.693506
v 9.468970 0.346205 -8.699739
v 9.561803 0.000000 -9.231327
v 9.567756 0.000000 -9.227159
v 9.530849 0.325495 -9.180786
v 9.536644 0.321159 -9.182779
v 9.530740 0.321159 -9.186913
v 9.570902 0.219527 -9.244432
v 9.576958 0.219527 -9.240191
v 9.658203 0.000000 -8.714203
v 9.654035 0.000000 -8.708250
v 9.613790 0.321159 -8.745265
v 9.607662 0.325495 -8.745156
v 9.609655 0.321159 -8.739361
v 9.667068 0.219527 -8.699047
v 9.671309 0.219527 -8.705103
v 9.195754 0.000000 -9.161565
v 9.199923 0.000000 -9.167518
v 9.240168 0.321159 -9.130503
v 9.246295 0.325495 -9.130611
v 9.244302 0.321159 -9.136407
v 9.186890 0.219527 -9.176721
v 9.182649 0.219527 -9.170665
v 9.292154 0.000000 -8.644441
v 9.286201 0.000000 -8.648609
v 9.155544 0.076834 -9.189698
v 9.159733 0.076834 -9.195681
v 9.264022 0.076834 -8.604231
v 9.258039 0.076834 -8.608420
v 9.698413 0.076834 -8.686069
v 9.694224 0.076834 -8.680087
v 9.323109 0.325495 -8.694982
v 9.317313 0.321159 -8.692988
v 9.323217 0.321159 -8.688854
v 9.276999 0.219527 -8.635576
v 9.283055 0.219527 -8.631335
v 9.595918 0.076834 -9.267347
v 9.589935 0.076834 -9.271537
v 9.576266 0.346205 -9.042094
v 9.582499 0.341728 -9.043193
v 9.251052 0.346205 -8.984750
v 9.244820 0.341728 -8.983651
v 9.508773 0.000000 -8.788639
v 9.821172 0.000000 -8.118697
v 9.835340 0.344971 -8.088312
v 9.494604 0.344971 -8.819024
v 9.264195 0.120740 -8.266783
v 10.065750 0.120740 -8.640553
v 9.664972 0.616000 -8.453669
v 9.478087 0.120740 -8.854445
v 9.299617 0.344971 -8.283300
v 9.851858 0.120740 -8.052891
v 10.030329 0.344971 -8.624037
v 9.330001 0.000000 -8.297468
v 9.999944 0.000000 -8.609868
v 9.778831 0.537001 -8.209497
v 9.774629 0.544037 -8.218511
v 9.551114 0.537001 -8.697839
v 9.555317 0.544037 -8.688826
v 9.528734 0.000000 -8.062661
v 9.518003 0.000000 -8.066566
v 9.555161 0.511492 -8.151966
v 9.547176 0.504679 -8.146584
v 9.557819 0.504679 -8.142710
v 9.520252 0.344971 -8.039068
v 9.509335 0.344971 -8.043041
v 9.273966 0.000000 -8.589907
v 9.277871 0.000000 -8.600637
v 9.354013 0.504679 -8.560822
v 9.363271 0.511492 -8.563478
v 9.357887 0.504679 -8.571465
v 9.254346 0.344971 -8.609305
v 9.250373 0.344971 -8.598389
v 10.055980 0.000000 -8.317430
v 10.052073 0.000000 -8.306699
v 9.975931 0.504679 -8.346515
v 9.966675 0.511492 -8.343858
v 9.972057 0.504679 -8.335872
v 10.075599 0.344971 -8.298031
v 10.079573 0.344971 -8.308948
v 9.801211 0.000000 -8.844675
v 9.811942 0.000000 -8.840770
v 10.128455 0.120740 -8.291080
v 10.124530 0.120740 -8.280296
v 9.827560 0.120740 -8.917150
v 9.838344 0.120740 -8.913226
v 9.201490 0.120740 -8.616256
v 9.205415 0.120740 -8.627040
v 9.774783 0.511492 -8.755370
v 9.782769 0.504679 -8.760753
v 9.772126 0.504679 -8.764627
v 9.820610 0.344971 -8.864295
v 9.809692 0.344971 -8.868268
v 9.491601 0.120740 -7.994111
v 9.502385 0.120740 -7.990186
v 9.429814 0.544037 -8.344012
v 9.420802 0.537001 -8.339809
v 9.900130 0.544037 -8.563324
v 9.909142 0.537001 -8.567527
v 10.498631 0.000000 -9.961885
v 10.129031 0.000000 -9.321719
v 10.112268 0.344971 -9.292686
v 10.515394 0.344971 -9.990920
v 9.930867 0.120740 -9.862907
v 10.696795 0.120740 -9.420698
v 10.313831 0.616000 -9.641803
v 10.534935 0.120740 -10.024767
v 9.964714 0.344971 -9.843366
v 10.092727 0.120740 -9.258839
v 10.662948 0.344971 -9.440240
v 9.993748 0.000000 -9.826603
v 10.633914 0.000000 -9.457003
v 10.179125 0.537001 -9.408484
v 10.184097 0.544037 -9.417097
v 10.448537 0.537001 -9.875120
v 10.443564 0.544037 -9.866508
v 9.915393 0.000000 -9.529130
v 9.912437 0.000000 -9.540161
v 10.003706 0.511492 -9.558705
v 9.994717 0.504679 -9.562159
v 9.997648 0.504679 -9.551219
v 9.891202 0.344971 -9.522546
v 9.888195 0.344971 -9.533768
v 10.201159 0.000000 -10.040240
v 10.212189 0.000000 -10.043196
v 10.223248 0.504679 -9.957986
v 10.230733 0.511492 -9.951927
v 10.234187 0.504679 -9.960917
v 10.205796 0.344971 -10.067438
v 10.194574 0.344971 -10.064431
v 10.426503 0.000000 -9.243365
v 10.415473 0.000000 -9.240410
v 10.404415 0.504679 -9.325620
v 10.396929 0.511492 -9.331678
v 10.393475 0.504679 -9.322688
v 10.421865 0.344971 -9.216167
v 10.433087 0.344971 -9.219174
v 10.712269 0.000000 -9.754475
v 10.715224 0.000000 -9.743444
v 10.446489 0.120740 -9.168883
v 10.435405 0.120740 -9.165914
v 10.786750 0.120740 -9.774462
v 10.789721 0.120740 -9.763376
v 10.181172 0.120740 -10.114721
v 10.192257 0.120740 -10.117692
v 10.623956 0.511492 -9.724900
v 10.632945 0.504679 -9.721446
v 10.630014 0.504679 -9.732387
v 10.739467 0.344971 -9.749838
v 10.736460 0.344971 -9.761060
v 9.837941 0.120740 -9.520228
v 9.840912 0.120740 -9.509144
v 10.089126 0.544037 -9.771537
v 10.080513 0.537001 -9.776508
v 10.538537 0.544037 -9.512069
v 10.547149 0.537001 -9.507096
v 10.563611 0.413891 -9.242708
v 10.371611 0.413891 -8.910154
v 10.362903 0.593097 -8.895072
v 10.572319 0.593097 -9.257791
v 10.268668 0.476613 -9.191291
v 10.666553 0.476613 -8.961572
v 10.467611 0.733891 -9.076431
v 10.582470 0.476613 -9.275373
v 10.286251 0.593097 -9.181139
v 10.352752 0.476613 -8.877489
v 10.648971 0.593097 -8.971724
v 10.301334 0.413891 -9.172431
v 10.633887 0.413891 -8.980432
v 10.397634 0.692853 -8.955227
v 10.400217 0.696508 -8.959701
v 10.537588 0.692853 -9.197635
v 10.535006 0.696508 -9.193161
v 10.260631 0.413891 -9.017900
v 10.259095 0.413891 -9.023630
v 10.306507 0.679601 -9.033263
v 10.301837 0.676062 -9.035058
v 10.303360 0.676062 -9.029374
v 10.248064 0.593097 -9.014480
v 10.246502 0.593097 -9.020309
v 10.409080 0.413891 -9.283412
v 10.414810 0.413891 -9.284947
v 10.420554 0.676062 -9.240682
v 10.424443 0.679601 -9.237535
v 10.426237 0.676062 -9.242205
v 10.411489 0.593097 -9.297541
v 10.405660 0.593097 -9.295979
v 10.526142 0.413891 -8.869451
v 10.520411 0.413891 -8.867915
v 10.514668 0.676062 -8.912180
v 10.510778 0.679601 -8.915327
v 10.508985 0.676062 -8.910657
v 10.523733 0.593097 -8.855322
v 10.529562 0.593097 -8.856884
v 10.674591 0.413891 -9.134962
v 10.676126 0.413891 -9.129232
v 10.536525 0.476613 -8.830759
v 10.530766 0.476613 -8.829216
v 10.713284 0.476613 -9.145345
v 10.714826 0.476613 -9.139586
v 10.398697 0.476613 -9.322104
v 10.404455 0.476613 -9.323647
v 10.628715 0.679601 -9.119598
v 10.633385 0.676062 -9.117805
v 10.631862 0.676062 -9.123487
v 10.688720 0.593097 -9.132553
v 10.687159 0.593097 -9.138383
v 10.220396 0.476613 -9.013276
v 10.221939 0.476613 -9.007518
v 10.350881 0.696508 -9.143826
v 10.346407 0.692853 -9.146408
v 10.584341 0.696508 -9.009037
v 10.588815 0.692853 -9.006454
v 10.301314 0.439557 -9.527218
v 10.184920 0.573957 -9.325619
v 10.211002 0.688690 -9.370794
v 10.337954 0.542099 -9.590680
v 10.114834 0.544780 -9.525831
v 10.393353 0.544780 -9.365028
v 10.299117 0.700747 -9.523414
v 10.323724 0.464379 -9.566032
v 10.147527 0.615395 -9.554032
v 10.184464 0.625182 -9.324827
v 10.401430 0.615395 -9.407441
v 10.126723 0.506757 -9.493618
v 10.359511 0.506757 -9.359219
v 10.249514 0.724853 -9.437498
v 10.251719 0.725260 -9.441319
v 10.334357 0.626885 -9.584450
v 10.333430 0.630908 -9.582846
v 10.105460 0.560720 -9.397968
v 10.104189 0.559252 -9.401639
v 10.182374 0.709113 -9.486319
v 10.178522 0.707241 -9.486566
v 10.179783 0.708697 -9.482925
v 10.128458 0.672594 -9.450644
v 10.127165 0.671100 -9.454378
v 10.195112 0.454262 -9.559123
v 10.198927 0.452794 -9.559857
v 10.250491 0.624139 -9.611218
v 10.253869 0.626558 -9.610151
v 10.254274 0.622683 -9.611946
v 10.227530 0.558196 -9.622241
v 10.223649 0.559690 -9.621494
v 10.291121 0.559252 -9.293714
v 10.287308 0.560720 -9.292979
v 10.327503 0.707241 -9.400551
v 10.325364 0.709113 -9.403764
v 10.323720 0.708697 -9.399823
v 10.321426 0.672594 -9.339233
v 10.325308 0.671100 -9.339980
v 10.380774 0.452794 -9.454868
v 10.382046 0.454262 -9.451198
v 10.310694 0.607186 -9.287941
v 10.306861 0.608661 -9.287203
v 10.417505 0.480899 -9.478846
v 10.418783 0.482375 -9.475158
v 10.197494 0.482375 -9.602920
v 10.201326 0.480899 -9.603657
v 10.396859 0.626558 -9.527596
v 10.399472 0.624139 -9.525204
v 10.398211 0.622683 -9.528845
v 10.421792 0.559690 -9.507096
v 10.420498 0.558196 -9.510830
v 10.089404 0.607186 -9.415703
v 10.090681 0.608661 -9.412014
v 10.210864 0.678084 -9.559258
v 10.207092 0.675869 -9.559958
v 10.374287 0.678084 -9.464906
v 10.376779 0.675869 -9.461990
v 9.683819 0.491275 -8.770949
v 9.347655 0.328989 -8.680875
v 9.249743 0.478510 -8.702657
v 9.616399 0.655516 -8.800902
v 9.453645 0.411155 -8.955800
v 9.519962 0.518926 -8.514132
v 9.368123 0.690268 -8.772102
v 9.687905 0.562124 -8.788851
v 9.402843 0.517891 -8.953096
v 9.285702 0.367957 -8.681081
v 9.463299 0.616136 -8.550464
v 9.488023 0.365095 -8.910486
v 9.543451 0.455169 -8.541338
v 9.264534 0.595195 -8.733350
v 9.267370 0.600578 -8.735089
v 9.509573 0.713489 -8.799008
v 9.503365 0.714506 -8.798324
v 9.359115 0.309791 -8.833930
v 9.362182 0.310580 -8.838946
v 9.272899 0.565235 -8.849977
v 9.273134 0.560648 -8.854033
v 9.270092 0.559866 -8.849057
v 9.267030 0.460613 -8.866447
v 9.270150 0.461416 -8.871551
v 9.624783 0.437353 -8.909310
v 9.629061 0.440109 -8.906261
v 9.480990 0.660992 -8.909728
v 9.479387 0.664919 -8.905305
v 9.485233 0.663726 -8.906704
v 9.553164 0.598746 -8.943116
v 9.548812 0.595942 -8.946218
v 9.406692 0.382912 -8.542514
v 9.402414 0.380155 -8.545563
v 9.308608 0.618295 -8.617783
v 9.306946 0.620564 -8.623227
v 9.304365 0.615560 -8.620807
v 9.312978 0.535280 -8.560443
v 9.317329 0.538085 -8.557342
v 9.672359 0.510473 -8.617894
v 9.669293 0.509684 -8.612878
v 9.357059 0.432500 -8.517684
v 9.352760 0.429730 -8.520747
v 9.672321 0.584000 -8.606374
v 9.669239 0.583207 -8.601332
v 9.616549 0.497581 -8.952248
v 9.620847 0.500351 -8.949184
v 9.513434 0.720248 -8.678555
v 9.516464 0.718639 -8.673478
v 9.519506 0.719421 -8.678453
v 9.595991 0.672611 -8.632009
v 9.599111 0.673413 -8.637113
v 9.304369 0.346874 -8.868599
v 9.301287 0.346081 -8.863558
v 9.365911 0.625925 -8.896282
v 9.366852 0.621513 -8.900721
v 9.404823 0.689159 -8.637132
v 9.407255 0.687171 -8.631638
v 9.932892 0.699749 -9.146157
v 9.779292 0.699749 -8.880115
v 9.746454 0.869172 -8.882985
v 9.913986 0.869172 -9.173161
v 9.690301 0.727135 -9.108855
v 10.003773 0.790959 -8.927872
v 9.809894 1.002282 -9.039808
v 9.938924 0.759047 -9.177518
v 9.687337 0.840081 -9.110566
v 9.755149 0.759047 -8.859210
v 9.973104 0.898264 -8.945579
v 9.725091 0.673076 -9.088769
v 9.987092 0.726421 -8.937503
v 9.759837 0.963483 -8.939425
v 9.761375 0.966939 -8.943308
v 9.871800 0.963483 -9.133350
v 9.869206 0.966939 -9.130076
v 9.692086 0.678913 -8.965400
v 9.690902 0.678330 -8.969958
v 9.690090 0.934572 -9.000032
v 9.686917 0.930539 -9.001143
v 9.688091 0.931117 -8.996621
v 9.656258 0.847062 -8.977544
v 9.655053 0.846470 -8.982182
v 9.810890 0.678330 -9.177783
v 9.815430 0.678913 -9.179037
v 9.781891 0.930539 -9.165642
v 9.784439 0.934572 -9.163449
v 9.786393 0.931117 -9.166885
v 9.786998 0.847062 -9.203993
v 9.782379 0.846470 -9.202718
v 9.901294 0.721167 -8.848488
v 9.896754 0.720584 -8.847235
v 9.854594 0.964679 -8.904334
v 9.851025 0.967339 -8.907117
v 9.850092 0.964101 -8.903090
v 9.873443 0.891282 -8.852153
v 9.878061 0.891875 -8.853428
v 10.020098 0.720584 -9.060872
v 10.021281 0.721167 -9.056314
v 9.900247 0.784402 -8.822935
v 9.895684 0.783816 -8.821675
v 10.041698 0.783816 -9.074578
v 10.042888 0.784402 -9.069997
v 9.793827 0.733692 -9.213792
v 9.798389 0.734278 -9.215053
v 9.945374 0.967339 -9.070534
v 9.949568 0.964679 -9.068833
v 9.948394 0.964101 -9.073355
v 10.005387 0.891875 -9.073963
v 10.004183 0.891282 -9.078601
v 9.651186 0.733692 -8.966730
v 9.652375 0.734278 -8.962150
v 9.723326 0.948214 -9.089788
v 9.720328 0.944041 -9.091518
v 9.907256 0.985664 -8.983596
v 9.911308 0.982925 -8.981256
v 9.845654 0.465403 -8.590239
v 9.539624 0.465403 -8.563464
v 9.532609 0.634316 -8.483785
v 9.866400 0.634316 -8.512988
v 9.680526 0.602189 -8.715312
v 9.709558 0.446856 -8.383466
v 9.704898 0.767023 -8.436739
v 9.878118 0.524523 -8.565406
v 9.686271 0.705118 -8.649645
v 9.511967 0.524523 -8.533372
v 9.712737 0.563513 -8.347128
v 9.680507 0.530318 -8.715530
v 9.704772 0.400489 -8.438172
v 9.591788 0.728341 -8.444950
v 9.596045 0.731787 -8.443709
v 9.814863 0.728341 -8.464466
v 9.810886 0.731787 -8.462505
v 9.560287 0.516113 -8.674434
v 9.563365 0.517531 -8.677755
v 9.601376 0.755725 -8.537471
v 9.600305 0.754060 -8.542535
v 9.597252 0.752653 -8.539240
v 9.559204 0.688126 -8.601949
v 9.562335 0.689569 -8.605330
v 9.802427 0.517531 -8.698671
v 9.806036 0.516113 -8.695933
v 9.789530 0.754060 -8.559091
v 9.789355 0.755725 -8.553917
v 9.793108 0.752653 -8.556376
v 9.819690 0.688126 -8.624739
v 9.816019 0.689569 -8.627523
v 9.582850 0.413276 -8.455032
v 9.579243 0.414694 -8.457769
v 9.615835 0.670971 -8.365029
v 9.616281 0.675978 -8.367104
v 9.612256 0.672378 -8.367744
v 9.579319 0.580505 -8.372034
v 9.582990 0.579062 -8.369249
v 9.824991 0.414694 -8.479269
v 9.821914 0.413276 -8.475947
v 9.564477 0.462815 -8.405127
v 9.560851 0.464240 -8.407878
v 9.851768 0.464240 -8.433330
v 9.848674 0.462815 -8.429991
v 9.825607 0.586231 -8.693650
v 9.829233 0.584805 -8.690900
v 9.804260 0.675978 -8.383550
v 9.805059 0.670971 -8.381584
v 9.808112 0.672378 -8.384879
v 9.836673 0.579062 -8.391443
v 9.839805 0.580505 -8.394823
v 9.541409 0.586231 -8.668786
v 9.538317 0.584805 -8.665447
v 9.694948 0.777358 -8.550464
v 9.694482 0.775659 -8.555796
v 9.711983 0.686215 -8.355752
v 9.712170 0.681024 -8.353621
v 10.358888 -0.021833 -8.481062
v 10.060205 -0.021833 -8.182380
v 10.046659 0.175293 -8.168834
v 10.372435 0.175293 -8.494608
v 10.030868 0.047161 -8.510400
v 10.388227 0.047161 -8.153042
v 10.209547 0.330167 -8.331720
v 10.388227 0.047161 -8.510400
v 10.046659 0.175293 -8.494608
v 10.030868 0.047161 -8.153042
v 10.372435 0.175293 -8.168834
v 10.060205 -0.021833 -8.481062
v 10.358888 -0.021833 -8.182380
v 10.100688 0.285025 -8.222862
v 10.104706 0.289045 -8.226880
v 10.318406 0.285025 -8.440579
v 10.314387 0.289045 -8.436562
v 9.972962 -0.021833 -8.328458
v 9.972962 -0.021833 -8.334984
v 10.026081 0.270448 -8.331720
v 10.021630 0.266555 -8.334957
v 10.021630 0.266555 -8.328485
v 9.958636 0.175293 -8.328402
v 9.958636 0.175293 -8.335040
v 10.206285 -0.021833 -8.568305
v 10.212810 -0.021833 -8.568305
v 10.206311 0.266555 -8.519637
v 10.209547 0.270448 -8.515186
v 10.212783 0.266555 -8.519637
v 10.212866 0.175293 -8.582632
v 10.206227 0.175293 -8.582632
v 10.212810 -0.021833 -8.095137
v 10.206285 -0.021833 -8.095137
v 10.212783 0.266555 -8.143805
v 10.209547 0.270448 -8.148255
v 10.206311 0.266555 -8.143805
v 10.206227 0.175293 -8.080811
v 10.212866 0.175293 -8.080811
v 10.446132 -0.021833 -8.334984
v 10.446132 -0.021833 -8.328458
v 10.212826 0.047161 -8.051069
v 10.206268 0.047161 -8.051069
v 10.490198 0.047161 -8.335000
v 10.490198 0.047161 -8.328442
v 10.206268 0.047161 -8.612372
v 10.212826 0.047161 -8.612372
v 10.393012 0.270448 -8.331720
v 10.397464 0.266555 -8.328485
v 10.397464 0.266555 -8.334957
v 10.460458 0.175293 -8.328402
v 10.460458 0.175293 -8.335040
v 9.928896 0.047161 -8.335000
v 9.928896 0.047161 -8.328442
v 10.104706 0.289045 -8.436562
v 10.100688 0.285025 -8.440579
v 10.314387 0.289045 -8.226880
v 10.318406 0.285025 -8.222862
v 10.640707 -0.021833 -8.596063
v 10.372729 -0.021833 -8.471103
v 10.360576 0.116155 -8.465435
v 10.652861 0.116155 -8.601730
v 10.431964 0.026463 -8.693893
v 10.581472 0.026463 -8.373272
v 10.506718 0.224567 -8.533583
v 10.667029 0.026463 -8.608337
v 10.438571 0.116155 -8.679726
v 10.346407 0.026463 -8.458829
v 10.574865 0.116155 -8.387441
v 10.444238 -0.021833 -8.667571
v 10.569198 -0.021833 -8.399594
v 10.409050 0.192967 -8.488039
v 10.412655 0.195782 -8.489720
v 10.604386 0.192967 -8.579126
v 10.600781 0.195782 -8.577445
v 10.350315 -0.021833 -8.588078
v 10.351877 -0.021833 -8.592371
v 10.386037 0.182764 -8.577507
v 10.383884 0.180039 -8.580701
v 10.382335 0.180039 -8.576444
v 10.340878 0.116155 -8.591471
v 10.342467 0.116155 -8.595838
v 10.561213 -0.021833 -8.689985
v 10.565506 -0.021833 -8.688423
v 10.549580 0.180039 -8.657967
v 10.550642 0.182764 -8.654263
v 10.553837 0.180039 -8.656417
v 10.568974 0.116155 -8.697833
v 10.564606 0.116155 -8.699423
v 10.452223 -0.021833 -8.377180
v 10.447930 -0.021833 -8.378742
v 10.463857 0.180039 -8.409200
v 10.462793 0.182764 -8.412902
v 10.459599 0.180039 -8.410748
v 10.444463 0.116155 -8.369332
v 10.448830 0.116155 -8.367743
v 10.663121 -0.021833 -8.479087
v 10.661558 -0.021833 -8.474795
v 10.441683 0.026463 -8.348189
v 10.437369 0.026463 -8.349760
v 10.692111 0.026463 -8.468548
v 10.690541 0.026463 -8.464234
v 10.571754 0.026463 -8.718976
v 10.576067 0.026463 -8.717406
v 10.627398 0.182764 -8.489658
v 10.629552 0.180039 -8.486465
v 10.631102 0.180039 -8.490722
v 10.670969 0.116155 -8.471328
v 10.672558 0.116155 -8.475695
v 10.322895 0.026463 -8.602931
v 10.321325 0.026463 -8.598618
v 10.462855 0.195782 -8.627645
v 10.461175 0.192967 -8.631251
v 10.550580 0.195782 -8.439520
v 10.552261 0.192967 -8.435915
v 9.605428 -0.021833 -9.835093
v 9.714753 -0.021833 -9.427085
v 9.719711 0.175293 -9.408580
v 9.600470 0.175293 -9.853597
v 9.416010 0.047161 -9.565687
v 9.904171 0.047161 -9.696489
v 9.660090 0.330167 -9.631088
v 9.594689 0.047161 -9.875169
v 9.437582 0.175293 -9.571467
v 9.725492 0.047161 -9.387008
v 9.882599 0.175293 -9.690709
v 9.456087 -0.021833 -9.576426
v 9.864094 -0.021833 -9.685751
v 9.699935 0.285025 -9.482385
v 9.698464 0.289045 -9.487873
v 9.620245 0.285025 -9.779793
v 9.621716 0.289045 -9.774303
v 9.544623 -0.021833 -9.424569
v 9.538973 -0.021833 -9.427832
v 9.568357 0.270448 -9.472203
v 9.563330 0.266555 -9.469966
v 9.568934 0.266555 -9.466730
v 9.537510 0.175293 -9.412134
v 9.531760 0.175293 -9.415453
v 9.453570 -0.021833 -9.746555
v 9.456833 -0.021833 -9.752207
v 9.495731 0.266555 -9.722244
v 9.501204 0.270448 -9.722821
v 9.498967 0.266555 -9.727849
v 9.444455 0.175293 -9.759418
v 9.441135 0.175293 -9.753670
v 9.866610 -0.021833 -9.515622
v 9.863347 -0.021833 -9.509971
v 9.824449 0.266555 -9.539932
v 9.818975 0.270448 -9.539356
v 9.821213 0.266555 -9.534328
v 9.875726 0.175293 -9.502758
v 9.879045 0.175293 -9.508508
v 9.775557 -0.021833 -9.837608
v 9.781208 -0.021833 -9.834346
v 9.904780 0.047161 -9.493603
v 9.901502 0.047161 -9.487924
v 9.797576 0.047161 -9.875779
v 9.803255 0.047161 -9.872500
v 9.415400 0.047161 -9.768575
v 9.418678 0.047161 -9.774254
v 9.751822 0.270448 -9.789974
v 9.756851 0.266555 -9.792212
v 9.751246 0.266555 -9.795447
v 9.788421 0.175293 -9.846724
v 9.782671 0.175293 -9.850043
v 9.516925 0.047161 -9.389677
v 9.522604 0.047161 -9.386398
v 9.516875 0.289045 -9.592714
v 9.511386 0.285025 -9.591244
v 9.803306 0.289045 -9.669463
v 9.808794 0.285025 -9.670934
v 9.982783 0.728259 -8.909189
v 9.898303 0.728259 -8.762865
v 9.880242 0.821442 -8.764444
v 9.972385 0.821442 -8.924041
v 9.849358 0.743321 -8.888673
v 10.021768 0.778425 -8.789132
v 9.915134 0.894652 -8.850697
v 9.986101 0.760873 -8.926437
v 9.847728 0.805442 -8.889614
v 9.885025 0.760873 -8.751368
v 10.004900 0.837443 -8.798871
v 9.868493 0.713589 -8.877625
v 10.012593 0.742929 -8.794429
v 9.887603 0.873313 -8.795485
v 9.888449 0.875214 -8.797622
v 9.949183 0.873313 -8.902145
v 9.947756 0.875214 -8.900345
v 9.850340 0.716799 -8.809772
v 9.849689 0.716479 -8.812280
v 9.849242 0.857412 -8.828820
v 9.847497 0.855194 -8.829431
v 9.848143 0.855512 -8.826944
v 9.830634 0.809282 -8.816452
v 9.829971 0.808956 -8.819002
v 9.915682 0.716479 -8.926583
v 9.918179 0.716799 -8.927273
v 9.899733 0.855194 -8.919906
v 9.901134 0.857412 -8.918699
v 9.902209 0.855512 -8.920589
v 9.902541 0.809282 -8.940998
v 9.900001 0.808956 -8.940297
v 9.965405 0.740039 -8.745471
v 9.962907 0.739719 -8.744781
v 9.939719 0.873971 -8.776186
v 9.937756 0.875434 -8.777717
v 9.937243 0.873653 -8.775502
v 9.950086 0.833603 -8.747486
v 9.952626 0.833929 -8.748188
v 10.030746 0.739719 -8.862282
v 10.031398 0.740039 -8.859775
v 9.964828 0.774818 -8.731417
v 9.962318 0.774496 -8.730723
v 10.042626 0.774496 -8.869821
v 10.043281 0.774818 -8.867301
v 9.906298 0.746928 -8.946388
v 9.908807 0.747250 -8.947082
v 9.989648 0.875434 -8.867596
v 9.991955 0.873971 -8.866661
v 9.991309 0.873653 -8.869147
v 10.022655 0.833929 -8.869482
v 10.021993 0.833603 -8.872033
v 9.827845 0.746928 -8.810504
v 9.828499 0.747250 -8.807984
v 9.867521 0.864915 -8.878186
v 9.865873 0.862620 -8.879138
v 9.968683 0.885512 -8.819780
v 9.970912 0.884006 -8.818493
v 10.526217 0.472929 -9.330627
v 10.468019 0.540129 -9.229828
v 10.481061 0.597495 -9.252416
v 10.544537 0.524200 -9.362359
v 10.432977 0.525540 -9.329934
v 10.572236 0.525540 -9.249533
v 10.525118 0.603524 -9.328725
v 10.537421 0.485340 -9.350035
v 10.449323 0.560848 -9.344035
v 10.467792 0.565741 -9.229432
v 10.576275 0.560848 -9.270740
v 10.438921 0.506529 -9.313828
v 10.555315 0.506529 -9.246628
v 10.500317 0.615576 -9.285768
v 10.501419 0.615780 -9.287678
v 10.542738 0.566592 -9.359243
v 10.542275 0.568604 -9.358441
v 10.428290 0.533510 -9.266003
v 10.427654 0.532776 -9.267838
v 10.466746 0.607707 -9.310178
v 10.464821 0.606771 -9.310301
v 10.465451 0.607499 -9.308481
v 10.439789 0.589447 -9.292340
v 10.439142 0.588700 -9.294208
v 10.473116 0.480281 -9.346581
v 10.475023 0.479547 -9.346948
v 10.500805 0.565220 -9.372627
v 10.502494 0.566429 -9.372094
v 10.502697 0.564491 -9.372992
v 10.489325 0.532248 -9.378139
v 10.487384 0.532995 -9.377766
v 10.521121 0.532776 -9.213875
v 10.519214 0.533510 -9.213509
v 10.539311 0.606771 -9.267294
v 10.538241 0.607707 -9.268900
v 10.537420 0.607499 -9.266930
v 10.536273 0.589447 -9.236635
v 10.538214 0.588700 -9.237009
v 10.565947 0.479547 -9.294453
v 10.566583 0.480281 -9.292618
v 10.530907 0.556743 -9.210989
v 10.528990 0.557481 -9.210620
v 10.584312 0.493600 -9.306441
v 10.584951 0.494338 -9.304597
v 10.474306 0.494338 -9.368478
v 10.476223 0.493600 -9.368847
v 10.573989 0.566429 -9.330816
v 10.575295 0.565220 -9.329620
v 10.574665 0.564491 -9.331441
v 10.586455 0.532995 -9.320566
v 10.585809 0.532248 -9.322433
v 10.420261 0.556743 -9.274870
v 10.420900 0.557481 -9.273026
v 10.480991 0.592192 -9.346647
v 10.479106 0.591084 -9.346997
v 10.562703 0.592192 -9.299472
v 10.563949 0.591084 -9.298014
v 9.383594 -0.021833 -9.527246
v 9.545382 -0.021833 -9.391489
v 9.552720 0.076730 -9.385332
v 9.376256 0.076730 -9.533403
v 9.383275 0.012664 -9.362581
v 9.545701 0.012664 -9.556154
v 9.464488 0.154167 -9.459368
v 9.367702 0.012664 -9.540581
v 9.390452 0.076730 -9.371136
v 9.561274 0.012664 -9.378155
v 9.538524 0.076730 -9.547600
v 9.396609 -0.021833 -9.378473
v 9.532366 -0.021833 -9.540262
v 9.523454 0.131596 -9.409889
v 9.521277 0.133606 -9.411716
v 9.405521 0.131596 -9.508846
v 9.407698 0.133606 -9.507020
v 9.476423 -0.021833 -9.341668
v 9.473172 -0.021833 -9.341383
v 9.472483 0.124308 -9.367984
v 9.471065 0.122361 -9.365626
v 9.474289 0.122361 -9.365908
v 9.477076 0.076730 -9.334535
v 9.473768 0.076730 -9.334245
v 9.346788 -0.021833 -9.447433
v 9.346503 -0.021833 -9.450683
v 9.371028 0.122361 -9.449567
v 9.373104 0.124308 -9.451373
v 9.370746 0.122361 -9.452790
v 9.339365 0.076730 -9.450087
v 9.339655 0.076730 -9.446780
v 9.582188 -0.021833 -9.471303
v 9.582472 -0.021833 -9.468053
v 9.557947 0.122361 -9.469169
v 9.555872 0.124308 -9.467362
v 9.558229 0.122361 -9.465945
v 9.589610 0.076730 -9.468649
v 9.589321 0.076730 -9.471955
v 9.452553 -0.021833 -9.577067
v 9.455803 -0.021833 -9.577353
v 9.604136 0.012664 -9.473231
v 9.604423 0.012664 -9.469965
v 9.450624 0.012664 -9.599016
v 9.453891 0.012664 -9.599302
v 9.324840 0.012664 -9.445504
v 9.324553 0.012664 -9.448771
v 9.456492 0.124308 -9.550752
v 9.457911 0.122361 -9.553109
v 9.454687 0.122361 -9.552828
v 9.455207 0.076730 -9.584491
v 9.451900 0.076730 -9.584201
v 9.475085 0.012664 -9.319433
v 9.478352 0.012664 -9.319719
v 9.416836 0.133606 -9.402578
v 9.415009 0.131596 -9.400401
v 9.512140 0.133606 -9.516157
v 9.513967 0.131596 -9.518334
v 9.577851 0.570456 -8.547091
v 9.442424 0.513977 -8.561679
v 9.401605 0.584897 -8.524911
v 9.549316 0.646499 -8.508999
v 9.491033 0.605215 -8.620927
v 9.504969 0.530655 -8.461641
v 9.448216 0.673429 -8.487548
v 9.579017 0.601722 -8.532557
v 9.469109 0.649683 -8.589559
v 9.416985 0.534148 -8.550012
v 9.481812 0.581713 -8.444351
v 9.504313 0.573375 -8.620951
v 9.515962 0.511058 -8.487819
v 9.406799 0.636017 -8.501436
v 9.407913 0.638276 -8.500477
v 9.505516 0.677186 -8.490803
v 9.502987 0.677925 -8.490235
v 9.451213 0.543880 -8.612242
v 9.452565 0.545178 -8.613537
v 9.413551 0.652961 -8.544256
v 9.413811 0.652197 -8.546738
v 9.412470 0.650910 -8.545454
v 9.412997 0.617490 -8.578343
v 9.414372 0.618810 -8.579660
v 9.558357 0.589298 -8.602140
v 9.559963 0.589234 -8.600527
v 9.497548 0.687119 -8.537718
v 9.496737 0.687654 -8.535295
v 9.499142 0.687056 -8.536118
v 9.528269 0.665564 -8.565926
v 9.526634 0.665628 -8.567568
v 9.461918 0.495136 -8.506629
v 9.460312 0.495199 -8.508243
v 9.421265 0.612315 -8.461535
v 9.420706 0.614683 -8.462480
v 9.419672 0.612378 -8.463136
v 9.422652 0.565832 -8.467984
v 9.424287 0.565767 -8.466342
v 9.569062 0.540553 -8.496528
v 9.567710 0.539255 -8.495233
v 9.440654 0.512090 -8.484780
v 9.439039 0.512155 -8.486402
v 9.567779 0.565844 -8.472533
v 9.566420 0.564540 -8.471232
v 9.555347 0.623780 -8.597789
v 9.556962 0.623715 -8.596167
v 9.503892 0.649375 -8.453519
v 9.505002 0.647237 -8.452515
v 9.506344 0.648524 -8.453799
v 9.536549 0.612585 -8.454249
v 9.537925 0.613906 -8.455566
v 9.429582 0.571330 -8.611337
v 9.428223 0.570026 -8.610035
v 9.451362 0.679975 -8.542087
v 9.451912 0.679314 -8.544641
v 9.459538 0.636226 -8.448626
v 9.460402 0.633889 -8.447598
v 10.529590 0.475055 -8.862382
v 10.470454 0.475055 -8.759955
v 10.457811 0.540283 -8.761061
v 10.522311 0.540283 -8.872779
v 10.436193 0.485598 -8.848021
v 10.556879 0.510171 -8.778342
v 10.482236 0.591530 -8.821438
v 10.531912 0.497884 -8.874456
v 10.435051 0.529082 -8.848680
v 10.461159 0.497884 -8.751907
v 10.545072 0.551483 -8.785160
v 10.449587 0.464786 -8.840288
v 10.550457 0.485323 -8.782050
v 10.462964 0.576592 -8.782790
v 10.463556 0.577923 -8.784286
v 10.506069 0.576592 -8.857451
v 10.505071 0.577923 -8.856191
v 10.436879 0.467033 -8.792790
v 10.436423 0.466808 -8.794545
v 10.436111 0.565461 -8.806124
v 10.434890 0.563909 -8.806552
v 10.435342 0.564131 -8.804811
v 10.423085 0.531770 -8.797466
v 10.422622 0.531542 -8.799252
v 10.482619 0.466808 -8.874558
v 10.484366 0.467033 -8.875041
v 10.471455 0.563909 -8.869884
v 10.472435 0.565461 -8.869040
v 10.473188 0.564131 -8.870362
v 10.473421 0.531770 -8.884649
v 10.471642 0.531542 -8.884158
v 10.517425 0.483301 -8.747780
v 10.515676 0.483076 -8.747297
v 10.499445 0.577053 -8.769280
v 10.498071 0.578077 -8.770351
v 10.497712 0.576830 -8.768802
v 10.506701 0.548795 -8.749190
v 10.508480 0.549023 -8.749681
v 10.563164 0.483076 -8.829548
v 10.563620 0.483301 -8.827792
v 10.517021 0.507646 -8.737942
v 10.515265 0.507421 -8.737456
v 10.571480 0.507421 -8.834825
v 10.571939 0.507646 -8.833060
v 10.476049 0.488123 -8.888422
v 10.477806 0.488348 -8.888906
v 10.534395 0.578077 -8.833267
v 10.536010 0.577053 -8.832613
v 10.535558 0.576830 -8.834353
v 10.557501 0.549023 -8.834588
v 10.557037 0.548795 -8.836373
v 10.421133 0.488123 -8.793303
v 10.421591 0.488348 -8.791539
v 10.448907 0.570714 -8.840680
v 10.447753 0.569107 -8.841347
v 10.519720 0.585132 -8.799796
v 10.521280 0.584078 -8.798896
vn -0.4655 0.7527 0.4655
vn -0.4655 0.7527 -0.4655
vn 0.4655 0.7527 0.4655
vn 0.4655 0.7527 -0.4655
vn -0.6468 0.4042 0.6468
vn -0.6969 -0.1693 0.6969
vn 0.5959 -0.5383 -0.5959
vn 0.6969 -0.1693 -0.6969
vn -0.0000 0.8219 0.5696
vn -0.1949 0.8061 0.5587
vn -0.5819 0.5681 0.5819
vn -0.6468 0.4042 -0.6468
vn -0.5819 0.5681 -0.5819
vn 0.6468 0.4042 0.6468
vn 0.5819 0.5681 0.5819
vn -0.5959 -0.5383 -0.5959
vn -0.6969 -0.1693 -0.6969
vn 0.1949 0.8061 -0.5587
vn -0.0000 0.8219 -0.5696
vn 0.5959 -0.5383 0.5959
vn 0.6969 -0.1693 0.6969
vn 0.6468 0.4042 -0.6468
vn 0.5819 0.5681 -0.5819
vn -0.5959 -0.5383 0.5959
vn -0.5696 0.8219 -0.0000
vn -0.5587 0.8061 0.1949
vn -0.1949 0.8061 -0.5587
vn 0.5697 0.8219 -0.0000
vn 0.5587 0.8061 -0.1949
vn 0.1949 0.8061 0.5587
vn -0.5587 0.8061 -0.1949
vn 0.5587 0.8061 0.1949
vn 0.2469 0.3431 0.9063
vn 0.2173 0.5383 0.8142
vn -0.0000 0.5515 0.8342
vn -0.0000 0.3656 0.9308
vn -0.2173 0.5383 0.8142
vn -0.2469 0.3431 0.9063
vn 0.2189 0.9509 0.2189
vn 0.2243 0.9745 -0.0000
vn -0.0000 1.0000 -0.0000
vn -0.0000 0.9745 0.2243
vn -0.2243 0.9745 -0.0000
vn -0.2189 0.9509 0.2189
vn 0.2189 0.9509 -0.2189
vn -0.0000 0.9745 -0.2243
vn -0.0000 0.5515 -0.8342
vn 0.2173 0.5383 -0.8142
vn 0.2469 0.3431 -0.9063
vn -0.0000 0.3656 -0.9308
vn -0.2189 0.9509 -0.2189
vn -0.2173 0.5383 -0.8142
vn -0.2469 0.3431 -0.9063
vn -0.0000 -0.5050 0.8631
vn -0.0000 -0.1601 0.9871
vn -0.2567 -0.1446 0.9556
vn -0.2182 -0.4928 0.8423
vn -0.9556 -0.1446 0.2567
vn -0.9871 -0.1601 -0.0000
vn -0.8631 -0.5050 -0.0000
vn -0.8423 -0.4928 0.2182
vn -0.8142 0.5383 0.2173
vn -0.8342 0.5515 -0.0000
vn -0.9308 0.3656 -0.0000
vn -0.9063 0.3431 0.2469
vn -0.2182 -0.4928 -0.8423
vn -0.2567 -0.1446 -0.9556
vn -0.0000 -0.1601 -0.9871
vn -0.0000 -0.5050 -0.8631
vn -0.9556 -0.1446 -0.2567
vn -0.8423 -0.4928 -0.2182
vn -0.8142 0.5383 -0.2173
vn -0.9063 0.3431 -0.2469
vn 0.8631 -0.5050 -0.0000
vn 0.9871 -0.1601 -0.0000
vn 0.9556 -0.1446 0.2567
vn 0.8423 -0.4928 0.2182
vn 0.2182 -0.4928 0.8423
vn 0.2567 -0.1446 0.9556
vn 0.8342 0.5515 -0.0000
vn 0.8142 0.5383 0.2173
vn 0.9063 0.3431 0.2469
vn 0.9308 0.3656 -0.0000
vn 0.9556 -0.1446 -0.2567
vn 0.8423 -0.4928 -0.2182
vn 0.2567 -0.1446 -0.9556
vn 0.2182 -0.4928 -0.8423
vn 0.9063 0.3431 -0.2469
vn 0.8142 0.5383 -0.2173
vn -0.5393 0.7527 0.3776
vn -0.3776 0.7527 -0.5393
vn 0.3776 0.7527 0.5393
vn 0.5393 0.7527 -0.3776
vn -0.7493 0.4042 0.5246
vn -0.8073 -0.1693 0.5653
vn 0.6904 -0.5383 -0.4834
vn 0.8073 -0.1693 -0.5653
vn -0.0989 0.8219 0.5610
vn -0.2890 0.8061 0.5164
vn -0.6741 0.5681 0.4720
vn -0.5246 0.4042 -0.7493
vn -0.4720 0.5681 -0.6741
vn 0.5246 0.4042 0.7493
vn 0.4720 0.5681 0.6741
vn -0.4834 -0.5383 -0.6904
vn -0.5653 -0.1693 -0.8073
vn 0.2890 0.8061 -0.5164
vn 0.0989 0.8219 -0.5610
vn 0.4834 -0.5383 0.6904
vn 0.5653 -0.1693 0.8073
vn 0.7493 0.4042 -0.5246
vn 0.6741 0.5681 -0.4720
vn -0.6904 -0.5383 0.4834
vn -0.5715 0.8190 -0.0510
vn -0.5841 0.8061 0.0949
vn -0.5717 0.8190 -0.0494
vn -0.0949 0.8061 -0.5841
vn 0.5544 0.8190 0.1476
vn 0.5803 0.8144 0.0046
vn 0.5541 0.8190 0.1491
vn 0.0949 0.8061 0.5841
vn -0.5469 0.8144 -0.1941
vn 0.5164 0.8061 0.2890
vn 0.0858 0.3431 0.9354
vn 0.0726 0.5383 0.8396
vn -0.1449 0.5515 0.8215
vn -0.1616 0.3656 0.9166
vn -0.3554 0.5383 0.7641
vn -0.4006 0.3431 0.8496
vn 0.1775 0.9509 0.2535
vn 0.2081 0.9741 0.0889
vn -0.0093 0.9986 0.0529
vn -0.0389 0.9745 0.2209
vn -0.2260 0.9741 0.0124
vn -0.2535 0.9509 0.1775
vn 0.2320 0.9700 -0.0727
vn 0.0199 0.9934 -0.1128
vn 0.1449 0.5515 -0.8215
vn 0.3554 0.5383 -0.7641
vn 0.4006 0.3431 -0.8496
vn 0.1616 0.3656 -0.9166
vn -0.1931 0.9700 -0.1477
vn -0.0726 0.5383 -0.8396
vn -0.0858 0.3431 -0.9354
vn -0.1499 -0.5050 0.8500
vn -0.1714 -0.1601 0.9721
vn -0.4187 -0.1446 0.8965
vn -0.3611 -0.4928 0.7917
vn -0.9857 -0.1446 0.0868
vn -0.9799 -0.1593 -0.1203
vn -0.8622 -0.4962 -0.1021
vn -0.8674 -0.4928 0.0686
vn -0.8396 0.5383 0.0726
vn -0.8346 0.5424 -0.0964
vn -0.9262 0.3608 -0.1096
vn -0.9354 0.3431 0.0858
vn -0.0686 -0.4928 -0.8674
vn -0.0868 -0.1446 -0.9857
vn 0.1714 -0.1601 -0.9721
vn 0.1499 -0.5050 -0.8500
vn -0.9380 -0.1384 -0.3179
vn -0.8303 -0.4845 -0.2755
vn -0.8061 0.5311 -0.2610
vn -0.8942 0.3316 -0.3009
vn 0.8451 -0.4962 0.1989
vn 0.9619 -0.1593 0.2221
vn 0.8965 -0.1446 0.4187
vn 0.7917 -0.4928 0.3611
vn 0.0686 -0.4928 0.8674
vn 0.0868 -0.1446 0.9857
vn 0.8172 0.5424 0.1948
vn 0.7641 0.5383 0.3554
vn 0.8496 0.3431 0.4006
vn 0.9078 0.3608 0.2137
vn 0.9901 -0.1384 0.0221
vn 0.8744 -0.4845 0.0251
vn 0.4187 -0.1446 -0.8965
vn 0.3611 -0.4928 -0.7917
vn 0.9432 0.3316 0.0231
vn 0.8467 0.5311 0.0304
vn 0.3776 0.7527 -0.5393
vn 0.5393 0.7527 0.3776
vn -0.5393 0.7527 -0.3776
vn -0.3776 0.7527 0.5393
vn 0.5246 0.4042 -0.7493
vn 0.5653 -0.1693 -0.8073
vn -0.4834 -0.5383 0.6904
vn -0.5653 -0.1693 0.8073
vn -0.0989 0.8219 -0.5610
vn 0.0949 0.8061 -0.5841
vn 0.4720 0.5681 -0.6741
vn 0.7493 0.4042 0.5246
vn 0.6741 0.5681 0.4720
vn -0.7493 0.4042 -0.5246
vn -0.6741 0.5681 -0.4720
vn 0.6904 -0.5383 0.4834
vn 0.8073 -0.1693 0.5653
vn -0.0949 0.8061 0.5841
vn 0.0989 0.8219 0.5610
vn -0.6904 -0.5383 -0.4834
vn -0.8073 -0.1693 -0.5653
vn -0.5246 0.4042 0.7493
vn -0.4720 0.5681 0.6741
vn 0.4834 -0.5383 -0.6904
vn 0.5544 0.8190 -0.1476
vn 0.5164 0.8061 -0.2890
vn 0.5541 0.8190 -0.1491
vn 0.2890 0.8061 0.5164
vn -0.5715 0.8190 0.0510
vn -0.5469 0.8144 0.1941
vn -0.5717 0.8190 0.0494
vn -0.2890 0.8061 -0.5164
vn 0.5803 0.8144 -0.0046
vn -0.5841 0.8061 -0.0949
vn -0.4006 0.3431 -0.8496
vn -0.3554 0.5383 -0.7641
vn -0.1449 0.5515 -0.8215
vn -0.1616 0.3656 -0.9166
vn 0.0726 0.5383 -0.8396
vn 0.0858 0.3431 -0.9354
vn -0.2535 0.9509 -0.1775
vn -0.2260 0.9741 -0.0124
vn -0.0093 0.9986 -0.0529
vn -0.0389 0.9745 -0.2209
vn 0.2081 0.9741 -0.0889
vn 0.1775 0.9509 -0.2535
vn -0.1931 0.9700 0.1477
vn 0.0199 0.9934 0.1128
vn 0.1449 0.5515 0.8215
vn -0.0726 0.5383 0.8396
vn -0.0858 0.3431 0.9354
vn 0.1616 0.3656 0.9166
vn 0.2320 0.9700 0.0727
vn 0.3554 0.5383 0.7641
vn 0.4006 0.3431 0.8496
vn -0.1499 -0.5050 -0.8500
vn -0.1714 -0.1601 -0.9721
vn 0.0868 -0.1446 -0.9857
vn 0.0686 -0.4928 -0.8674
vn 0.8965 -0.1446 -0.4187
vn 0.9619 -0.1593 -0.2221
vn 0.8451 -0.4962 -0.1989
vn 0.7917 -0.4928 -0.3611
vn 0.7641 0.5383 -0.3554
vn 0.8172 0.5424 -0.1948
vn 0.9078 0.3608 -0.2137
vn 0.8496 0.3431 -0.4006
vn 0.3611 -0.4928 0.7917
vn 0.4187 -0.1446 0.8965
vn 0.1714 -0.1601 0.9721
vn 0.1499 -0.5050 0.8500
vn 0.9901 -0.1384 -0.0221
vn 0.8744 -0.4845 -0.0251
vn 0.8467 0.5311 -0.0304
vn 0.9432 0.3316 -0.0231
vn -0.8622 -0.4962 0.1021
vn -0.9799 -0.1593 0.1203
vn -0.9857 -0.1446 -0.0868
vn -0.8674 -0.4928 -0.0686
vn -0.3611 -0.4928 -0.7917
vn -0.4187 -0.1446 -0.8965
vn -0.8346 0.5424 0.0964
vn -0.8396 0.5383 -0.0726
vn -0.9354 0.3431 -0.0858
vn -0.9262 0.3608 0.1096
vn -0.9380 -0.1384 0.3179
vn -0.8303 -0.4845 0.2755
vn -0.0868 -0.1446 0.9857
vn -0.0686 -0.4928 0.8674
vn -0.8942 0.3316 0.3009
vn -0.8061 0.5311 0.2610
vn -0.2252 0.7527 0.6186
vn -0.6186 0.7527 -0.2252
vn 0.6186 0.7527 0.2252
vn 0.2252 0.7527 -0.6186
vn -0.3128 0.4042 0.8595
vn -0.3371 -0.1693 0.9261
vn 0.2882 -0.5383 -0.7919
vn 0.3371 -0.1693 -0.9261
vn 0.2407 0.8219 0.5163
vn 0.0595 0.8061 0.5887
vn -0.2815 0.5681 0.7733
vn -0.8595 0.4042 -0.3128
vn -0.7733 0.5681 -0.2815
vn 0.8595 0.4042 0.3128
vn 0.7733 0.5681 0.2815
vn -0.7919 -0.5383 -0.2882
vn -0.9261 -0.1693 -0.3371
vn -0.0595 0.8061 -0.5887
vn -0.2407 0.8219 -0.5163
vn 0.7919 -0.5383 0.2882
vn 0.9261 -0.1693 0.3371
vn 0.3128 0.4042 -0.8595
vn 0.2815 0.5681 -0.7733
vn -0.2882 -0.5383 0.7919
vn -0.5163 0.8219 0.2407
vn -0.4240 0.8061 0.4128
vn -0.4128 0.8061 -0.4240
vn 0.5163 0.8219 -0.2407
vn 0.4240 0.8061 -0.4128
vn 0.4128 0.8061 0.4240
vn -0.5887 0.8061 0.0595
vn 0.5887 0.8061 -0.0595
vn 0.6068 0.3431 0.7170
vn 0.5411 0.5383 0.6461
vn 0.3525 0.5515 0.7560
vn 0.3934 0.3656 0.8436
vn 0.1471 0.5383 0.8298
vn 0.1592 0.3431 0.9257
vn 0.2909 0.9509 0.1059
vn 0.2033 0.9745 -0.0948
vn 0.0948 0.9745 0.2033
vn -0.2033 0.9745 0.0948
vn -0.1059 0.9509 0.2909
vn 0.1059 0.9509 -0.2909
vn -0.0948 0.9745 -0.2033
vn -0.3525 0.5515 -0.7560
vn -0.1471 0.5383 -0.8298
vn -0.1592 0.3431 -0.9257
vn -0.3934 0.3656 -0.8436
vn -0.2909 0.9509 -0.1059
vn -0.5411 0.5383 -0.6461
vn -0.6068 0.3431 -0.7170
vn 0.3648 -0.5050 0.7823
vn 0.4172 -0.1601 0.8946
vn 0.1713 -0.1446 0.9746
vn 0.1583 -0.4928 0.8556
vn -0.7576 -0.1446 0.6365
vn -0.8946 -0.1601 0.4172
vn -0.7823 -0.5050 0.3648
vn -0.6712 -0.4928 0.5537
vn -0.6461 0.5383 0.5411
vn -0.7560 0.5515 0.3525
vn -0.8436 0.3656 0.3934
vn -0.7170 0.3431 0.6068
vn -0.5537 -0.4928 -0.6712
vn -0.6365 -0.1446 -0.7576
vn -0.4172 -0.1601 -0.8946
vn -0.3648 -0.5050 -0.7823
vn -0.9746 -0.1446 0.1713
vn -0.8556 -0.4928 0.1583
vn -0.8298 0.5383 0.1471
vn -0.9257 0.3431 0.1592
vn 0.7823 -0.5050 -0.3648
vn 0.8946 -0.1601 -0.4172
vn 0.9746 -0.1446 -0.1713
vn 0.8556 -0.4928 -0.1583
vn 0.5537 -0.4928 0.6712
vn 0.6365 -0.1446 0.7576
vn 0.7560 0.5515 -0.3525
vn 0.8298 0.5383 -0.1471
vn 0.9257 0.3431 -0.1592
vn 0.8436 0.3656 -0.3934
vn 0.7576 -0.1446 -0.6365
vn 0.6712 -0.4928 -0.5537
vn -0.1713 -0.1446 -0.9746
vn -0.1583 -0.4928 -0.8556
vn 0.7170 0.3431 -0.6068
vn 0.6461 0.5383 -0.5411
vn -0.6359 0.7527 0.1704
vn -0.1704 0.7527 -0.6359
vn 0.1704 0.7527 0.6359
vn 0.6359 0.7527 -0.1704
vn -0.8835 0.4042 0.2367
vn -0.9520 -0.1693 0.2551
vn 0.8141 -0.5383 -0.2181
vn 0.9520 -0.1693 -0.2551
vn -0.2848 0.8219 0.4933
vn -0.4481 0.8061 0.3864
vn -0.7949 0.5681 0.2130
vn -0.2367 0.4042 -0.8835
vn -0.2130 0.5681 -0.7949
vn 0.2367 0.4042 0.8835
vn 0.2130 0.5681 0.7949
vn -0.2181 -0.5383 -0.8141
vn -0.2551 -0.1693 -0.9520
vn 0.4481 0.8061 -0.3864
vn 0.2848 0.8219 -0.4933
vn 0.2181 -0.5383 0.8141
vn 0.2551 -0.1693 0.9520
vn 0.8835 0.4042 -0.2367
vn 0.7949 0.5681 -0.2130
vn -0.8141 -0.5383 0.2181
vn -0.4933 0.8219 -0.2848
vn -0.5813 0.8061 -0.1106
vn 0.1106 0.8061 -0.5813
vn 0.4933 0.8219 0.2848
vn 0.5813 0.8061 0.1106
vn -0.1106 0.8061 0.5813
vn -0.3864 0.8061 -0.4481
vn 0.3864 0.8061 0.4481
vn -0.2393 0.3431 0.9083
vn -0.2189 0.5383 0.8138
vn -0.4171 0.5515 0.7224
vn -0.4654 0.3656 0.8061
vn -0.5953 0.5383 0.5965
vn -0.6670 0.3431 0.6614
vn 0.0801 0.9509 0.2990
vn 0.1943 0.9745 0.1122
vn -0.1122 0.9745 0.1943
vn -0.1943 0.9745 -0.1122
vn -0.2990 0.9509 0.0801
vn 0.2990 0.9509 -0.0801
vn 0.1122 0.9745 -0.1943
vn 0.4171 0.5515 -0.7224
vn 0.5953 0.5383 -0.5965
vn 0.6670 0.3431 -0.6614
vn 0.4654 0.3656 -0.8061
vn -0.0801 0.9509 -0.2990
vn 0.2189 0.5383 -0.8138
vn 0.2393 0.3431 -0.9083
vn -0.4316 -0.5050 0.7475
vn -0.4935 -0.1601 0.8549
vn -0.7001 -0.1446 0.6993
vn -0.6101 -0.4928 0.6204
vn -0.9559 -0.1446 -0.2555
vn -0.8549 -0.1601 -0.4935
vn -0.7475 -0.5050 -0.4316
vn -0.8386 -0.4928 -0.2322
vn -0.8138 0.5383 -0.2189
vn -0.7224 0.5515 -0.4171
vn -0.8061 0.3656 -0.4654
vn -0.9083 0.3431 -0.2393
vn 0.2322 -0.4928 -0.8386
vn 0.2555 -0.1446 -0.9559
vn 0.4935 -0.1601 -0.8549
vn 0.4316 -0.5050 -0.7475
vn -0.6993 -0.1446 -0.7001
vn -0.6204 -0.4928 -0.6101
vn -0.5965 0.5383 -0.5953
vn -0.6614 0.3431 -0.6670
vn 0.7475 -0.5050 0.4316
vn 0.8549 -0.1601 0.4935
vn 0.6993 -0.1446 0.7001
vn 0.6204 -0.4928 0.6101
vn -0.2322 -0.4928 0.8386
vn -0.2555 -0.1446 0.9559
vn 0.7224 0.5515 0.4171
vn 0.5965 0.5383 0.5953
vn 0.6614 0.3431 0.6670
vn 0.8061 0.3656 0.4654
vn 0.9559 -0.1446 0.2555
vn 0.8386 -0.4928 0.2322
vn 0.7001 -0.1446 -0.6993
vn 0.6101 -0.4928 -0.6204
vn 0.9083 0.3431 0.2393
vn 0.8138 0.5383 0.2189
vn -0.8548 -0.1601 -0.4935
vn -0.4165 0.8846 -0.2096
vn -0.0134 0.4191 -0.9078
vn 0.3898 0.8846 0.2559
vn 0.7929 0.4191 -0.4423
vn -0.7391 0.6734 -0.0133
vn -0.9476 0.2019 0.2475
vn 0.6396 -0.7641 0.0841
vn 0.8630 -0.4950 -0.1009
vn -0.0412 0.9966 0.0714
vn -0.2092 0.9775 -0.0275
vn -0.6139 0.7829 -0.1005
vn -0.1790 0.0266 -0.9835
vn -0.1100 0.2010 -0.9734
vn 0.3811 0.6734 0.6335
vn 0.3940 0.7829 0.4814
vn -0.3926 -0.7641 -0.5118
vn -0.3441 -0.4950 -0.7978
vn 0.6122 0.4188 -0.6707
vn 0.4521 0.4270 -0.7831
vn 0.1235 -0.1682 0.9780
vn 0.2595 0.2019 0.9444
vn 0.9412 0.0266 -0.3367
vn 0.8980 0.2010 -0.3915
vn -0.9087 -0.1682 0.3821
vn -0.2879 0.7118 -0.6407
vn -0.3667 0.7956 -0.4823
vn 0.2747 0.4188 -0.8656
vn 0.6988 0.7118 -0.0711
vn 0.7698 0.6007 -0.2159
vn 0.1284 0.9775 0.1674
vn -0.1980 0.6007 -0.7746
vn 0.6010 0.7956 0.0765
vn -0.0928 0.7503 0.6546
vn -0.0298 0.8733 0.4862
vn -0.2233 0.8947 0.3868
vn -0.3116 0.7820 0.5398
vn -0.4062 0.8733 0.2689
vn -0.5205 0.7503 0.4077
vn 0.3325 0.9329 -0.1382
vn 0.4379 0.8440 -0.3098
vn 0.2500 0.8660 -0.4330
vn 0.1465 0.9561 -0.2538
vn 0.0494 0.8440 -0.5341
vn -0.0466 0.9329 -0.3570
vn 0.5220 0.7141 -0.4665
vn 0.3408 0.7318 -0.5902
vn 0.4991 0.0605 -0.8644
vn 0.6754 0.0591 -0.7351
vn 0.6920 -0.1560 -0.7048
vn 0.4944 -0.1487 -0.8564
vn 0.1430 0.7141 -0.6853
vn 0.2989 0.0591 -0.9524
vn 0.2643 -0.1560 -0.9517
vn -0.5000 -0.0057 0.8660
vn -0.4675 0.3549 0.8097
vn -0.6722 0.3525 0.6510
vn -0.6769 -0.0056 0.7361
vn -0.9749 0.0031 -0.2227
vn -0.8949 -0.1387 -0.4242
vn -0.8737 -0.4373 -0.2129
vn -0.9472 -0.3177 -0.0442
vn -0.6647 0.5749 -0.4772
vn -0.5845 0.4776 -0.6559
vn -0.7147 0.3166 -0.6237
vn -0.8060 0.4206 -0.4165
vn 0.0526 -0.8480 -0.5274
vn 0.1554 -0.6031 -0.7824
vn 0.3874 -0.6322 -0.6710
vn 0.2475 -0.8689 -0.4287
vn -0.7526 -0.2536 -0.6077
vn -0.7582 -0.5359 -0.3714
vn -0.4765 0.3575 -0.8032
vn -0.5921 0.1737 -0.7869
vn 0.6213 -0.4373 0.6502
vn 0.8148 -0.1387 0.5629
vn 0.6803 0.0031 0.7329
vn 0.5118 -0.3177 0.7982
vn -0.2990 -0.0056 0.9542
vn -0.2277 0.3525 0.9077
vn 0.8603 0.4776 0.1783
vn 0.7456 0.5749 0.3370
vn 0.7637 0.4206 0.4898
vn 0.8975 0.3166 0.3071
vn 0.9026 -0.2536 0.3480
vn 0.7008 -0.5359 0.4709
vn 0.5999 -0.6031 -0.5258
vn 0.4305 -0.8480 -0.3093
vn 0.9775 0.1737 0.1194
vn 0.9338 0.3575 0.0110
vn -0.8219 0.3530 -0.4470
vn -0.0069 0.7465 -0.6653
vn -0.6876 0.5714 0.4481
vn 0.1275 0.9649 0.2297
vn -0.8460 -0.0712 -0.5284
vn -0.6326 -0.6062 -0.4820
vn 0.8560 -0.0796 0.5108
vn 0.7888 0.3098 0.5309
vn -0.8778 0.4788 0.0150
vn -0.8891 0.4239 -0.1727
vn -0.8555 0.1149 -0.5049
vn 0.2864 0.4755 -0.8318
vn 0.1634 0.6067 -0.7779
vn -0.6593 0.2322 0.7151
vn -0.6875 0.3879 0.6139
vn 0.6840 -0.3592 -0.6350
vn 0.5876 -0.0171 -0.8090
vn 0.1454 0.9875 -0.0601
vn 0.1196 0.9602 -0.2523
vn -0.1874 -0.5833 0.7904
vn -0.4314 -0.2792 0.8579
vn 0.4731 0.7789 0.4117
vn 0.3314 0.8797 0.3409
vn -0.3594 -0.8629 -0.3554
vn -0.4614 0.5859 -0.6663
vn -0.6231 0.4923 -0.6078
vn 0.0891 0.8961 -0.4348
vn -0.2969 0.8531 0.4290
vn -0.1206 0.9191 0.3750
vn -0.8329 0.5153 0.2021
vn -0.2819 0.6570 -0.6992
vn -0.4618 0.7544 0.4665
vn -0.9160 -0.0247 0.4004
vn -0.9298 0.1781 0.3222
vn -0.9847 0.1303 0.1161
vn -0.9835 -0.0733 0.1656
vn -0.9925 0.0762 -0.0956
vn -0.9873 -0.1406 -0.0743
vn -0.5987 0.7913 0.1245
vn -0.4172 0.9057 0.0750
vn -0.4613 0.8754 -0.1443
vn -0.6459 0.7583 -0.0881
vn -0.4819 0.8005 -0.3563
vn -0.6618 0.6886 -0.2963
vn -0.2155 0.9763 0.0218
vn -0.2532 0.9479 -0.1933
vn 0.4759 0.8353 -0.2753
vn 0.4958 0.8663 -0.0598
vn 0.6707 0.7413 -0.0247
vn 0.6462 0.7134 -0.2711
vn -0.2786 0.8736 -0.3990
vn 0.4331 0.7644 -0.4776
vn 0.5994 0.6254 -0.4995
vn -0.5227 -0.8068 0.2754
vn -0.7903 -0.5573 0.2547
vn -0.8069 -0.5907 -0.0017
vn -0.5416 -0.8386 0.0590
vn -0.2959 -0.4593 -0.8376
vn -0.0686 -0.3717 -0.9258
vn 0.1084 -0.6445 -0.7569
vn -0.0852 -0.7212 -0.6875
vn -0.5561 0.1884 -0.8095
vn -0.3748 0.2871 -0.8815
vn -0.3030 0.1017 -0.9475
vn -0.5053 -0.0166 -0.8628
vn 0.9333 -0.1266 -0.3362
vn 0.8663 0.2170 -0.4500
vn 0.9380 0.2770 -0.2084
vn 0.9886 -0.0773 -0.1296
vn 0.1535 -0.2423 -0.9580
vn 0.2967 -0.5368 -0.7898
vn -0.1756 0.3721 -0.9114
vn -0.0729 0.1921 -0.9787
vn 0.3575 -0.2396 0.9026
vn 0.2164 0.0914 0.9720
vn -0.0200 -0.0109 0.9997
vn 0.1579 -0.3260 0.9321
vn -0.4786 -0.7362 0.4784
vn -0.7328 -0.4703 0.4918
vn -0.1340 0.6785 0.7223
vn -0.3210 0.5704 0.7560
vn -0.2436 0.4086 0.8796
vn -0.0343 0.5384 0.8420
vn 0.4293 0.2060 0.8793
vn 0.5399 -0.1416 0.8297
vn 0.9403 0.3374 0.0434
vn 0.9962 -0.0243 0.0833
vn 0.1887 0.6173 0.7638
vn 0.0595 0.7541 0.6541
vn -0.7963 0.5905 0.1314
vn -0.2844 0.5904 -0.7553
vn 0.0769 0.7682 0.6355
vn 0.5888 0.7682 -0.2512
vn -0.9490 0.2286 0.2173
vn -0.9237 -0.2676 0.2742
vn 0.9151 -0.3543 -0.1924
vn 0.9683 -0.0247 -0.2484
vn -0.4354 0.7571 0.4870
vn -0.6106 0.7012 0.3681
vn -0.9042 0.3846 0.1857
vn -0.2863 0.2286 -0.9305
vn -0.2913 0.3846 -0.8759
vn 0.1814 0.4588 0.8699
vn 0.1413 0.5975 0.7893
vn -0.1496 -0.5711 -0.8071
vn -0.2244 -0.2676 -0.9370
vn 0.3849 0.7768 -0.4985
vn 0.2041 0.7571 -0.6205
vn 0.2909 -0.3543 0.8887
vn 0.2691 -0.0247 0.9628
vn 0.8440 0.4588 -0.2779
vn 0.7542 0.5975 -0.2723
vn -0.7738 -0.5711 0.2740
vn -0.6610 0.6461 -0.3816
vn -0.7540 0.6306 -0.1839
vn 0.0135 0.7012 -0.7128
vn 0.4297 0.8682 0.2481
vn 0.5283 0.8474 0.0536
vn -0.2392 0.7768 0.5825
vn -0.5363 0.6306 -0.5610
vn 0.3106 0.8474 0.4307
vn -0.2914 0.3365 0.8955
vn -0.3030 0.5023 0.8099
vn -0.5105 0.4752 0.7166
vn -0.5219 0.3112 0.7942
vn -0.6912 0.4232 0.5857
vn -0.7193 0.2494 0.6484
vn -0.0493 0.9620 0.2686
vn 0.0821 0.9955 0.0474
vn -0.1504 0.9848 -0.0868
vn -0.2781 0.9493 0.1469
vn -0.3720 0.9030 -0.2148
vn -0.4881 0.8726 0.0152
vn 0.2080 0.9620 -0.1770
vn -0.0118 0.9493 -0.3143
vn 0.3654 0.4752 -0.8004
vn 0.5499 0.5023 -0.6673
vn 0.6298 0.3365 -0.7001
vn 0.4268 0.3112 -0.8491
vn -0.2309 0.8726 -0.4304
vn 0.1616 0.4232 -0.8915
vn 0.2019 0.2494 -0.9471
vn -0.3835 -0.4316 0.8165
vn -0.4739 -0.1382 0.8696
vn -0.6789 -0.1709 0.7141
vn -0.5669 -0.4597 0.6836
vn -0.9262 -0.2926 -0.2379
vn -0.8233 -0.3101 -0.4753
vn -0.7007 -0.5877 -0.4046
vn -0.7958 -0.5724 -0.1977
vn -0.9119 0.3146 -0.2636
vn -0.8196 0.3231 -0.4732
vn -0.8567 0.1465 -0.4946
vn -0.9558 0.1330 -0.2622
vn 0.3085 -0.4597 -0.8328
vn 0.2790 -0.1709 -0.9450
vn 0.5162 -0.1382 -0.8453
vn 0.5153 -0.4316 -0.7404
vn -0.6691 -0.2926 -0.6831
vn -0.5691 -0.5724 -0.5904
vn -0.6842 0.3146 -0.6579
vn -0.7050 0.1330 -0.6967
vn 0.8325 -0.2755 0.4807
vn 0.8655 0.0337 0.4997
vn 0.7077 0.0401 0.7054
vn 0.6975 -0.2683 0.6645
vn -0.1802 -0.3810 0.9069
vn -0.2404 -0.0816 0.9672
vn 0.6744 0.6273 0.3894
vn 0.5429 0.6108 0.5763
vn 0.6155 0.4529 0.6450
vn 0.7616 0.4760 0.4397
vn 0.9647 0.0401 0.2602
vn 0.9242 -0.2683 0.2718
vn 0.7174 -0.0816 -0.6918
vn 0.6953 -0.3810 -0.6095
vn 0.8663 0.4529 0.2105
vn 0.7705 0.6108 0.1820
vn -0.5465 0.8229 -0.1551
vn 0.5113 0.8229 -0.2476
vn -0.4627 0.3742 0.8037
vn 0.5952 0.3742 0.7112
vn -0.7066 0.5782 -0.4079
vn -0.7580 0.1695 -0.6299
vn -0.7066 0.5782 -0.4078
vn 0.6661 -0.6679 0.3320
vn 0.7477 -0.4223 0.5124
vn -0.6395 0.6733 0.3711
vn -0.6407 0.7518 0.1561
vn -0.6542 0.6890 -0.3120
vn 0.6251 0.5782 -0.5244
vn 0.5901 0.6890 -0.4209
vn -0.6011 0.0132 0.7991
vn -0.5556 0.1611 0.8157
vn 0.5659 -0.1314 -0.8140
vn 0.6371 0.1695 -0.7519
vn 0.6940 0.5596 0.4531
vn 0.6942 0.6733 0.2544
vn -0.5983 -0.6679 0.4427
vn -0.6474 -0.4223 0.6345
vn 0.7307 0.0132 0.6826
vn 0.6888 0.1611 0.7069
vn -0.6986 -0.1314 -0.7033
vn -0.0255 0.9562 -0.2916
vn -0.2513 0.9312 -0.2641
vn 0.6581 0.7518 0.0425
vn 0.0802 0.3904 0.9171
vn 0.3046 0.3802 0.8733
vn -0.6048 0.5596 0.5667
vn 0.2017 0.9312 -0.3038
vn -0.1484 0.3802 0.9129
vn -0.8930 0.1459 0.4258
vn -0.8293 0.3019 0.4702
vn -0.8713 0.4108 0.2685
vn -0.9408 0.2680 0.2077
vn -0.8659 0.4975 0.0523
vn -0.9328 0.3592 -0.0297
vn -0.2188 0.7182 0.6605
vn 0.0579 0.7471 0.6622
vn 0.0368 0.9063 0.4210
vn -0.2503 0.8683 0.4283
vn 0.0126 0.9894 0.1445
vn -0.2624 0.9511 0.1629
vn 0.3302 0.7182 0.6125
vn 0.3209 0.8683 0.3784
vn 0.9047 0.4108 0.1132
vn 0.8984 0.3019 0.3191
vn 0.9533 0.1459 0.2643
vn 0.9625 0.2680 0.0412
vn 0.2867 0.9511 0.1149
vn 0.8618 0.4975 -0.0989
vn 0.9135 0.3592 -0.1912
vn -0.9236 -0.3719 -0.0933
vn -0.9923 -0.1196 0.0308
vn -0.9799 -0.0010 -0.1996
vn -0.9170 -0.2648 -0.2983
vn -0.3364 0.2955 -0.8941
vn -0.0832 0.2994 -0.9505
vn -0.0871 0.0135 -0.9961
vn -0.3138 0.0131 -0.9494
vn -0.2828 0.7662 -0.5771
vn -0.0537 0.7875 -0.6139
vn -0.0646 0.6717 -0.7380
vn -0.3142 0.6442 -0.6974
vn 0.8513 -0.2648 -0.4530
vn 0.9303 -0.0010 -0.3667
vn 0.9826 -0.1196 -0.1419
vn 0.8933 -0.3719 -0.2523
vn 0.1761 0.2955 -0.9390
vn 0.1442 0.0131 -0.9895
vn 0.1783 0.7662 -0.6174
vn 0.1884 0.6442 -0.7413
vn 0.0569 -0.7573 0.6505
vn 0.0734 -0.5385 0.8394
vn -0.1850 -0.5149 0.8371
vn -0.1736 -0.7371 0.6532
vn -0.8807 -0.4591 0.1167
vn -0.9392 -0.2184 0.2648
vn 0.0871 0.0341 0.9956
vn -0.1458 0.0332 0.9888
vn -0.1679 -0.1391 0.9760
vn 0.0863 -0.1358 0.9870
vn 0.3275 -0.5149 0.7922
vn 0.2844 -0.7371 0.6131
vn 0.9710 -0.2184 0.0977
vn 0.8876 -0.4591 -0.0380
vn 0.3348 -0.1391 0.9320
vn 0.3153 0.0332 0.9484
vn -0.6583 0.7527 -0.0000
vn -0.0000 0.7527 -0.6583
vn -0.0000 0.7527 0.6583
vn 0.6583 0.7527 -0.0000
vn -0.9147 0.4042 -0.0000
vn -0.9856 -0.1693 -0.0000
vn 0.8428 -0.5383 -0.0000
vn 0.9856 -0.1693 -0.0000
vn -0.4028 0.8219 0.4028
vn -0.5329 0.8061 0.2573
vn -0.8230 0.5681 -0.0000
vn -0.0000 0.4042 -0.9147
vn -0.0000 0.5681 -0.8230
vn -0.0000 0.4042 0.9147
vn -0.0000 0.5681 0.8230
vn -0.0000 -0.5383 -0.8428
vn -0.0000 -0.1693 -0.9856
vn 0.5329 0.8061 -0.2573
vn 0.4028 0.8219 -0.4028
vn -0.0000 -0.5383 0.8428
vn -0.0000 -0.1693 0.9856
vn 0.9147 0.4042 -0.0000
vn 0.8230 0.5681 -0.0000
vn -0.8428 -0.5383 -0.0000
vn -0.4028 0.8219 -0.4028
vn -0.5329 0.8061 -0.2573
vn 0.2573 0.8061 -0.5329
vn 0.4028 0.8219 0.4028
vn 0.5329 0.8061 0.2573
vn -0.2573 0.8061 0.5329
vn -0.2573 0.8061 -0.5329
vn 0.2573 0.8061 0.5329
vn -0.4662 0.3431 0.8154
vn -0.4221 0.5383 0.7294
vn -0.5898 0.5515 0.5898
vn -0.6581 0.3656 0.6581
vn -0.7294 0.5383 0.4221
vn -0.8154 0.3431 0.4662
vn -0.0000 0.9509 0.3095
vn 0.1586 0.9745 0.1586
vn -0.1586 0.9745 0.1586
vn -0.1586 0.9745 -0.1586
vn -0.3095 0.9509 -0.0000
vn 0.3095 0.9509 -0.0000
vn 0.1586 0.9745 -0.1586
vn 0.5898 0.5515 -0.5899
vn 0.7294 0.5383 -0.4221
vn 0.8154 0.3431 -0.4662
vn 0.6581 0.3656 -0.6581
vn -0.0000 0.9509 -0.3095
vn 0.4221 0.5383 -0.7294
vn 0.4662 0.3431 -0.8154
vn -0.6103 -0.5050 0.6103
vn -0.6980 -0.1601 0.6980
vn -0.8572 -0.1446 0.4942
vn -0.7499 -0.4928 0.4414
vn -0.8572 -0.1446 -0.4942
vn -0.6980 -0.1601 -0.6980
vn -0.6103 -0.5050 -0.6103
vn -0.7499 -0.4928 -0.4414
vn -0.7294 0.5383 -0.4221
vn -0.5899 0.5515 -0.5899
vn -0.6581 0.3656 -0.6582
vn -0.8154 0.3431 -0.4662
vn 0.4414 -0.4928 -0.7499
vn 0.4942 -0.1446 -0.8572
vn 0.6980 -0.1601 -0.6980
vn 0.6103 -0.5050 -0.6103
vn -0.4942 -0.1446 -0.8572
vn -0.4414 -0.4928 -0.7499
vn -0.4221 0.5383 -0.7294
vn -0.4662 0.3431 -0.8154
vn 0.6103 -0.5050 0.6103
vn 0.6980 -0.1601 0.6980
vn 0.4942 -0.1446 0.8572
vn 0.4414 -0.4928 0.7499
vn -0.4414 -0.4928 0.7499
vn -0.4942 -0.1446 0.8572
vn 0.5898 0.5515 0.5898
vn 0.4221 0.5383 0.7294
vn 0.4662 0.3431 0.8154
vn 0.6581 0.3656 0.6581
vn 0.8572 -0.1446 0.4942
vn 0.7499 -0.4928 0.4414
vn 0.8572 -0.1446 -0.4942
vn 0.7499 -0.4928 -0.4414
vn 0.8154 0.3431 0.4662
vn 0.7294 0.5383 0.4221
vn 0.7919 -0.5383 0.2883
vn 0.7734 0.5681 0.2815
vn -0.3292 0.7527 0.5701
vn -0.5701 0.7527 -0.3292
vn 0.5701 0.7527 0.3292
vn 0.3292 0.7527 -0.5701
vn -0.4573 0.4042 0.7921
vn -0.4928 -0.1693 0.8535
vn 0.4214 -0.5383 -0.7299
vn 0.4928 -0.1693 -0.8535
vn 0.1474 0.8219 0.5502
vn -0.0436 0.8061 0.5901
vn -0.4115 0.5681 0.7127
vn -0.7921 0.4042 -0.4573
vn -0.7127 0.5681 -0.4115
vn 0.7921 0.4042 0.4573
vn 0.7127 0.5681 0.4115
vn -0.7299 -0.5383 -0.4214
vn -0.8535 -0.1693 -0.4928
vn 0.0436 0.8061 -0.5901
vn -0.1474 0.8219 -0.5502
vn 0.7299 -0.5383 0.4214
vn 0.8535 -0.1693 0.4928
vn 0.4573 0.4042 -0.7921
vn 0.4115 0.5681 -0.7127
vn -0.4214 -0.5383 0.7299
vn -0.5502 0.8219 0.1474
vn -0.4893 0.8061 0.3329
vn -0.3329 0.8061 -0.4893
vn 0.5502 0.8219 -0.1474
vn 0.4893 0.8061 -0.3329
vn 0.3329 0.8061 0.4892
vn -0.5901 0.8061 -0.0436
vn 0.5901 0.8061 0.0436
vn 0.4731 0.3431 0.8115
vn 0.4207 0.5383 0.7302
vn 0.2159 0.5515 0.8057
vn 0.2409 0.3656 0.8990
vn 0.0008 0.5383 0.8427
vn -0.0040 0.3431 0.9393
vn 0.2681 0.9509 0.1548
vn 0.2167 0.9745 -0.0581
vn 0.0581 0.9745 0.2167
vn -0.2167 0.9745 0.0581
vn -0.1548 0.9509 0.2681
vn 0.1548 0.9509 -0.2681
vn -0.0581 0.9745 -0.2167
vn -0.2159 0.5515 -0.8057
vn -0.0008 0.5383 -0.8427
vn 0.0040 0.3431 -0.9393
vn -0.2409 0.3656 -0.8990
vn -0.2681 0.9509 -0.1548
vn -0.4207 0.5383 -0.7302
vn -0.4731 0.3431 -0.8115
vn 0.2234 -0.5050 0.8337
vn 0.2555 -0.1601 0.9535
vn -0.0006 -0.1446 0.9895
vn 0.0073 -0.4928 0.8701
vn -0.8566 -0.1446 0.4952
vn -0.9535 -0.1601 0.2555
vn -0.8337 -0.5050 0.2234
vn -0.7572 -0.4928 0.4287
vn -0.7302 0.5383 0.4207
vn -0.8058 0.5515 0.2159
vn -0.8990 0.3656 0.2409
vn -0.8115 0.3431 0.4731
vn -0.4287 -0.4928 -0.7572
vn -0.4952 -0.1446 -0.8566
vn -0.2555 -0.1601 -0.9535
vn -0.2234 -0.5050 -0.8337
vn -0.9895 -0.1446 -0.0006
vn -0.8701 -0.4928 0.0073
vn -0.8427 0.5383 0.0008
vn -0.9393 0.3431 -0.0040
vn 0.8337 -0.5050 -0.2234
vn 0.9535 -0.1601 -0.2555
vn 0.9895 -0.1446 0.0006
vn 0.8701 -0.4928 -0.0073
vn 0.4287 -0.4928 0.7572
vn 0.4952 -0.1446 0.8566
vn 0.8058 0.5515 -0.2159
vn 0.8427 0.5383 -0.0008
vn 0.9393 0.3431 0.0040
vn 0.8990 0.3656 -0.2409
vn 0.8566 -0.1446 -0.4952
vn 0.7572 -0.4928 -0.4287
vn 0.0006 -0.1446 -0.9895
vn -0.0073 -0.4928 -0.8701
vn 0.8115 0.3431 -0.4731
vn 0.7302 0.5383 -0.4207
vn -0.7963 0.5904 0.1314
vn 0.5889 0.7682 -0.2512
vn -0.4353 0.7571 0.4870
vn -0.6106 0.7012 0.3682
vn 0.1813 0.4588 0.8699
vn 0.0136 0.7012 -0.7129
vn 0.4298 0.8682 0.2481
vn -0.3029 0.5023 0.8099
vn 0.3897 0.8847 0.2559
vn -0.9476 0.2018 0.2475
vn 0.8630 -0.4951 -0.1009
vn -0.0412 0.9966 0.0713
vn 0.4521 0.4269 -0.7831
vn -0.1979 0.6007 -0.7746
vn 0.6010 0.7956 0.0764
vn 0.0574 0.7527 0.6558
vn -0.6558 0.7527 0.0574
vn 0.6558 0.7527 -0.0574
vn -0.0574 0.7527 -0.6558
vn 0.0797 0.4042 0.9112
vn 0.0859 -0.1693 0.9818
vn -0.0735 -0.5383 -0.8396
vn -0.0859 -0.1693 -0.9818
vn 0.4364 0.8219 0.3662
vn 0.3027 0.8061 0.5084
vn 0.0717 0.5681 0.8198
vn -0.9112 0.4042 0.0797
vn -0.8198 0.5681 0.0717
vn 0.9112 0.4042 -0.0797
vn 0.8199 0.5681 -0.0717
vn -0.8396 -0.5383 0.0735
vn -0.9818 -0.1693 0.0859
vn -0.3027 0.8061 -0.5084
vn -0.4364 0.8219 -0.3662
vn 0.8396 -0.5383 -0.0735
vn 0.9818 -0.1693 -0.0859
vn -0.0797 0.4042 -0.9112
vn -0.0717 0.5681 -0.8198
vn 0.0735 -0.5383 0.8396
vn -0.3662 0.8219 0.4364
vn -0.2098 0.8061 0.5533
vn -0.5533 0.8061 -0.2099
vn 0.3662 0.8219 -0.4364
vn 0.2098 0.8061 -0.5533
vn 0.5533 0.8061 0.2098
vn -0.5084 0.8061 0.3027
vn 0.5084 0.8061 -0.3027
vn 0.8530 0.3431 0.3934
vn 0.7634 0.5383 0.3569
vn 0.6390 0.5515 0.5362
vn 0.7130 0.3656 0.5983
vn 0.4840 0.5383 0.6899
vn 0.5355 0.3431 0.7717
vn 0.3083 0.9509 -0.0270
vn 0.1442 0.9745 -0.1718
vn 0.1718 0.9745 0.1442
vn -0.1442 0.9745 0.1718
vn 0.0270 0.9509 0.3083
vn -0.0270 0.9509 -0.3083
vn -0.1718 0.9745 -0.1442
vn -0.6390 0.5515 -0.5362
vn -0.4840 0.5383 -0.6899
vn -0.5355 0.3431 -0.7717
vn -0.7130 0.3656 -0.5983
vn -0.3083 0.9509 0.0270
vn -0.7634 0.5383 -0.3569
vn -0.8530 0.3431 -0.3934
vn 0.6612 -0.5050 0.5548
vn 0.7562 -0.1601 0.6345
vn 0.5671 -0.1446 0.8109
vn 0.5050 -0.4928 0.7086
vn -0.4177 -0.1446 0.8970
vn -0.6345 -0.1601 0.7562
vn -0.5548 -0.5050 0.6612
vn -0.3743 -0.4928 0.7855
vn -0.3569 0.5383 0.7634
vn -0.5362 0.5515 0.6390
vn -0.5983 0.3656 0.7130
vn -0.3934 0.3431 0.8530
vn -0.7855 -0.4928 -0.3743
vn -0.8970 -0.1446 -0.4177
vn -0.7562 -0.1601 -0.6345
vn -0.6612 -0.5050 -0.5548
vn -0.8109 -0.1446 0.5671
vn -0.7086 -0.4928 0.5050
vn -0.6899 0.5383 0.4840
vn -0.7717 0.3431 0.5355
vn 0.5548 -0.5050 -0.6612
vn 0.6345 -0.1601 -0.7562
vn 0.8109 -0.1446 -0.5671
vn 0.7086 -0.4928 -0.5050
vn 0.7855 -0.4928 0.3743
vn 0.8970 -0.1446 0.4177
vn 0.5362 0.5515 -0.6390
vn 0.6899 0.5383 -0.4840
vn 0.7717 0.3431 -0.5355
vn 0.5983 0.3656 -0.7130
vn 0.4177 -0.1446 -0.8970
vn 0.3743 -0.4928 -0.7855
vn -0.5671 -0.1446 -0.8109
vn -0.5050 -0.4928 -0.7086
vn 0.3934 0.3431 -0.8530
vn 0.3569 0.5383 -0.7634
vn -0.7856 0.5635 -0.2557
vn 0.1898 0.9702 -0.1505
vn -0.7017 0.1147 0.7032
vn 0.2736 0.5214 0.8083
vn -0.7932 0.2945 -0.5331
vn -0.6443 -0.0869 -0.7598
vn 0.8039 -0.3873 0.4513
vn 0.7525 -0.1423 0.6431
vn -0.9028 0.3538 0.2446
vn -0.8971 0.4406 0.0329
vn -0.8047 0.4099 -0.4295
vn 0.4346 0.8065 -0.4008
vn 0.3425 0.8883 -0.3059
vn -0.6876 -0.2705 0.6739
vn -0.7060 -0.1179 0.6983
vn 0.7037 0.1491 -0.6947
vn 0.6418 0.4495 -0.6213
vn 0.3362 0.7478 0.5725
vn 0.3268 0.8666 0.3771
vn -0.3618 -0.8735 0.3257
vn -0.5337 -0.6787 0.5045
vn 0.5402 0.2415 0.8061
vn 0.4411 0.3605 0.8219
vn -0.4621 -0.3371 -0.8203
vn -0.3409 0.8931 -0.2935
vn -0.5408 0.7826 -0.3083
vn 0.3003 0.9400 0.1619
vn -0.2351 0.3273 0.9152
vn -0.0201 0.4058 0.9137
vn -0.8611 0.2485 0.4435
vn -0.1231 0.9568 -0.2633
vn -0.4378 0.2317 0.8687
vn -0.9392 -0.2327 0.2527
vn -0.9491 -0.0677 0.3077
vn -0.9944 0.0309 0.1015
vn -0.9920 -0.1231 0.0292
vn -0.9856 0.1279 -0.1102
vn -0.9790 -0.0194 -0.2029
vn -0.5883 0.5345 0.6068
vn -0.3487 0.6658 0.6597
vn -0.3876 0.8214 0.4184
vn -0.6346 0.6771 0.3725
vn -0.3940 0.9081 0.1420
vn -0.6318 0.7674 0.1093
vn -0.0821 0.7455 0.6614
vn -0.1081 0.8967 0.4292
vn 0.6429 0.7138 0.2779
vn 0.6438 0.5966 0.4793
vn 0.7630 0.4772 0.4360
vn 0.7628 0.6087 0.2182
vn -0.1257 0.9785 0.1638
vn 0.6072 0.7922 0.0613
vn 0.7231 0.6904 -0.0195
vn -0.6784 -0.6864 -0.2619
vn -0.8593 -0.4880 -0.1533
vn -0.8539 -0.3579 -0.3777
vn -0.6784 -0.5709 -0.4624
vn -0.2651 0.2073 -0.9417
vn -0.0272 0.3106 -0.9502
vn 0.0870 0.0483 -0.9950
vn -0.1264 -0.0410 -0.9911
vn -0.4520 0.6401 -0.6213
vn -0.2461 0.7490 -0.6151
vn -0.1901 0.6466 -0.7388
vn -0.4129 0.5239 -0.7450
vn 0.9518 0.1090 -0.2868
vn 0.9071 0.3765 -0.1880
vn 0.9615 0.2713 0.0429
vn 0.9966 0.0122 -0.0815
vn 0.2074 0.4043 -0.8908
vn 0.2958 0.1350 -0.9457
vn -0.0269 0.8174 -0.5755
vn 0.0505 0.7171 -0.6951
vn 0.2311 -0.7225 0.6516
vn 0.1294 -0.5273 0.8398
vn -0.1136 -0.6031 0.7895
vn 0.0138 -0.7912 0.6114
vn -0.6421 -0.7651 -0.0474
vn -0.8133 -0.5753 0.0867
vn -0.1053 -0.0044 0.9944
vn -0.3150 -0.0929 0.9445
vn -0.2665 -0.2594 0.9283
vn -0.0391 -0.1609 0.9862
vn 0.3589 -0.4061 0.8404
vn 0.4360 -0.6151 0.6569
vn 0.9478 0.1591 0.2765
vn 0.9881 -0.0853 0.1282
vn 0.1969 -0.0661 0.9782
vn 0.1101 0.0844 0.9903
vn -0.2844 0.5905 -0.7553
vn 0.0770 0.7682 0.6355
vn 0.5889 0.7682 -0.2511
vn 0.9684 -0.0247 -0.2484
vn -0.4353 0.7572 0.4870
vn 0.2041 0.7572 -0.6205
vt 0.123980 0.370833
vt 0.124154 0.370401
vt 0.124227 0.370452
vt 0.128457 0.373413
vt 0.128110 0.373725
vt 0.128384 0.373362
vt 0.129547 0.361188
vt 0.137781 0.348717
vt 0.137855 0.348769
vt 0.129622 0.361240
vt 0.148216 0.346205
vt 0.144098 0.353141
vt 0.144172 0.353192
vt 0.148290 0.346256
vt 0.124802 0.374055
vt 0.125071 0.373671
vt 0.135270 0.365195
vt 0.135195 0.365143
vt 0.142891 0.342476
vt 0.142964 0.342527
vt 0.122620 0.371955
vt 0.122442 0.372402
vt 0.127521 0.375387
vt 0.127162 0.375707
vt 0.132408 0.363191
vt 0.122052 0.377982
vt 0.145590 0.344366
vt 0.140977 0.350955
vt 0.136955 0.348138
vt 0.142229 0.342012
vt 0.128742 0.360624
vt 0.148952 0.346720
vt 0.144999 0.353771
vt 0.136075 0.365759
vt 0.341177 0.239373
vt 0.341029 0.238869
vt 0.341154 0.238869
vt 0.348383 0.238869
vt 0.348235 0.239373
vt 0.348259 0.238869
vt 0.339816 0.227047
vt 0.339245 0.210449
vt 0.339371 0.210449
vt 0.339944 0.227047
vt 0.349194 0.201512
vt 0.350042 0.210449
vt 0.350168 0.210449
vt 0.349320 0.201512
vt 0.344706 0.241782
vt 0.344706 0.241262
vt 0.349596 0.227047
vt 0.349469 0.227047
vt 0.340093 0.201512
vt 0.340218 0.201512
vt 0.340518 0.241262
vt 0.340673 0.241782
vt 0.348894 0.241262
vt 0.348740 0.241782
vt 0.344706 0.227047
vt 0.344706 0.247109
vt 0.344706 0.201512
vt 0.344706 0.210449
vt 0.337832 0.210449
vt 0.338961 0.201512
vt 0.338440 0.227047
vt 0.350451 0.201512
vt 0.351580 0.210449
vt 0.350973 0.227047
s 1
f 20/1/1 21/2/1 22/3/1
f 27/2/2 28/1/2 29/3/2
f 34/4/3 35/5/3 36/6/3
f 47/5/4 48/4/4 49/6/4
f 24/7/5 52/8/6 53/9/6 23/10/5
f 39/11/7 43/12/8 44/13/8 40/14/7
f 15/15/9 20/1/10 22/3/10 14/16/9
f 21/2/11 24/7/5 23/10/5 22/3/11
f 31/7/12 27/2/13 29/3/13 30/10/12
f 38/17/14 34/4/15 36/6/15 37/18/14
f 25/19/16 45/8/17 46/9/17 26/20/16
f 49/6/18 16/16/19 17/15/19 47/5/18
f 32/14/20 41/13/21 42/12/21 33/11/20
f 51/18/22 49/6/23 48/4/23 50/17/22
f 52/8/6 19/19/24 18/20/24 53/9/6
f 55/21/25 21/2/26 20/1/26 54/22/25
f 45/8/17 31/7/12 30/10/12 46/9/17
f 16/16/19 29/3/27 28/1/27 17/15/19
f 43/12/8 51/18/22 50/17/22 44/13/8
f 57/23/28 48/4/29 47/5/29 56/24/28
f 41/13/21 38/17/14 37/18/14 42/12/21
f 14/16/9 36/6/30 35/5/30 15/15/9
f 27/2/31 55/21/25 54/22/25 28/1/31
f 34/4/32 57/23/28 56/24/28 35/5/32
f 37/18/33 36/6/34 14/16/35 3/25/36
f 14/16/35 22/3/37 23/10/38 3/25/36
f 35/5/39 56/24/40 7/26/41 15/15/42
f 7/26/41 54/22/43 20/1/44 15/15/42
f 56/24/40 47/5/45 17/15/46 7/26/41
f 16/16/47 49/6/48 51/18/49 4/25/50
f 28/1/51 54/22/43 7/26/41 17/15/46
f 29/3/52 16/16/47 4/25/50 30/10/53
f 2/27/54 10/28/55 53/9/56 18/20/57
f 52/8/58 5/29/59 12/30/60 19/19/61
f 21/2/62 55/21/63 9/31/64 24/7/65
f 24/7/65 9/31/64 5/29/59 52/8/58
f 10/28/55 3/25/36 23/10/38 53/9/56
f 26/20/66 46/9/67 8/28/68 1/27/69
f 12/30/60 5/29/59 45/8/70 25/19/71
f 55/21/63 27/2/72 31/7/73 9/31/64
f 5/29/59 9/31/64 31/7/73 45/8/70
f 46/9/67 30/10/53 4/25/50 8/28/68
f 13/32/74 6/33/75 41/13/76 32/14/77
f 33/11/78 42/12/79 10/28/55 2/27/54
f 57/23/80 34/4/81 38/17/82 11/34/83
f 6/33/75 11/34/83 38/17/82 41/13/76
f 42/12/79 37/18/33 3/25/36 10/28/55
f 44/13/84 6/33/75 13/32/74 40/14/85
f 1/27/69 8/28/68 43/12/86 39/11/87
f 8/28/68 4/25/50 51/18/49 43/12/86
f 50/17/88 11/34/83 6/33/75 44/13/84
f 48/4/89 57/23/80 11/34/83 50/17/88
f 77/1/90 78/2/90 79/3/90
f 84/2/91 85/1/91 86/3/91
f 91/4/92 92/5/92 93/6/92
f 104/5/93 105/4/93 106/6/93
f 81/7/94 109/8/95 110/9/95 80/10/94
f 96/11/96 100/12/97 101/13/97 97/14/96
f 72/15/98 77/1/99 79/3/99 71/16/98
f 78/2/100 81/7/94 80/10/94 79/3/100
f 88/7/101 84/2/102 86/3/102 87/10/101
f 95/17/103 91/4/104 93/6/104 94/18/103
f 82/19/105 102/8/106 103/9/106 83/20/105
f 106/6/107 73/16/108 74/15/108 104/5/107
f 89/14/109 98/13/110 99/12/110 90/11/109
f 108/18/111 106/6/112 105/4/112 107/17/111
f 109/8/95 76/19/113 75/20/113 110/9/95
f 112/21/114 78/2/115 77/1/115 111/22/116
f 102/8/106 88/7/101 87/10/101 103/9/106
f 73/16/108 86/3/117 85/1/117 74/15/108
f 100/12/97 108/18/111 107/17/111 101/13/97
f 114/23/118 105/4/119 104/5/119 113/24/120
f 98/13/110 95/17/103 94/18/103 99/12/110
f 71/16/98 93/6/121 92/5/121 72/15/98
f 84/2/122 112/21/114 111/22/116 85/1/122
f 91/4/123 114/23/118 113/24/120 92/5/123
f 94/18/124 93/6/125 71/16/126 60/25/127
f 71/16/126 79/3/128 80/10/129 60/25/127
f 92/5/130 113/24/131 64/26/132 72/15/133
f 64/26/132 111/22/134 77/1/135 72/15/133
f 113/24/131 104/5/136 74/15/137 64/26/132
f 73/16/138 106/6/139 108/18/140 61/25/141
f 85/1/142 111/22/134 64/26/132 74/15/137
f 86/3/143 73/16/138 61/25/141 87/10/144
f 59/27/145 67/28/146 110/9/147 75/20/148
f 109/8/149 62/29/150 69/30/151 76/19/152
f 78/2/153 112/21/154 66/31/155 81/7/156
f 81/7/156 66/31/155 62/29/150 109/8/149
f 67/28/146 60/25/127 80/10/129 110/9/147
f 83/20/157 103/9/158 65/28/159 58/27/160
f 69/30/151 62/29/150 102/8/161 82/19/162
f 112/21/154 84/2/163 88/7/164 66/31/155
f 62/29/150 66/31/155 88/7/164 102/8/161
f 103/9/158 87/10/144 61/25/141 65/28/159
f 70/32/165 63/33/166 98/13/167 89/14/168
f 90/11/169 99/12/170 67/28/146 59/27/145
f 114/23/171 91/4/172 95/17/173 68/34/174
f 63/33/166 68/34/174 95/17/173 98/13/167
f 99/12/170 94/18/124 60/25/127 67/28/146
f 101/13/175 63/33/166 70/32/165 97/14/176
f 58/27/160 65/28/159 100/12/177 96/11/178
f 65/28/159 61/25/141 108/18/140 100/12/177
f 107/17/179 68/34/174 63/33/166 101/13/175
f 105/4/180 114/23/171 68/34/174 107/17/179
f 134/1/181 135/2/181 136/3/181
f 141/2/182 142/1/182 143/3/182
f 148/4/183 149/5/183 150/6/183
f 161/5/184 162/4/184 163/6/184
f 138/7/185 166/8/186 167/9/186 137/10/185
f 153/11/187 157/12/188 158/13/188 154/14/187
f 129/15/189 134/1/190 136/3/190 128/16/189
f 135/2/191 138/7/185 137/10/185 136/3/191
f 145/7/192 141/2/193 143/3/193 144/10/192
f 152/17/194 148/4/195 150/6/195 151/18/194
f 139/19/196 159/8/197 160/9/197 140/20/196
f 163/6/198 130/16/199 131/15/199 161/5/198
f 146/14/200 155/13/201 156/12/201 147/11/200
f 165/18/202 163/6/203 162/4/203 164/17/202
f 166/8/186 133/19/204 132/20/204 167/9/186
f 169/21/205 135/2/206 134/1/206 168/22/207
f 159/8/197 145/7/192 144/10/192 160/9/197
f 130/16/199 143/3/208 142/1/208 131/15/199
f 157/12/188 165/18/202 164/17/202 158/13/188
f 171/23/209 162/4/210 161/5/210 170/24/211
f 155/13/201 152/17/194 151/18/194 156/12/201
f 128/16/189 150/6/212 149/5/212 129/15/189
f 141/2/213 169/21/205 168/22/207 142/1/213
f 148/4/214 171/23/209 170/24/211 149/5/214
f 151/18/215 150/6/216 128/16/217 117/25/218
f 128/16/217 136/3/219 137/10/220 117/25/218
f 149/5/221 170/24/222 121/26/223 129/15/224
f 121/26/223 168/22/225 134/1/226 129/15/224
f 170/24/222 161/5/227 131/15/228 121/26/223
f 130/16/229 163/6/230 165/18/231 118/25/232
f 142/1/233 168/22/225 121/26/223 131/15/228
f 143/3/234 130/16/229 118/25/232 144/10/235
f 116/27/236 124/28/237 167/9/238 132/20/239
f 166/8/240 119/29/241 126/30/242 133/19/243
f 135/2/244 169/21/245 123/31/246 138/7/247
f 138/7/247 123/31/246 119/29/241 166/8/240
f 124/28/237 117/25/218 137/10/220 167/9/238
f 140/20/248 160/9/249 122/28/250 115/27/251
f 126/30/242 119/29/241 159/8/252 139/19/253
f 169/21/245 141/2/254 145/7/255 123/31/246
f 119/29/241 123/31/246 145/7/255 159/8/252
f 160/9/249 144/10/235 118/25/232 122/28/250
f 127/32/256 120/33/257 155/13/258 146/14/259
f 147/11/260 156/12/261 124/28/237 116/27/236
f 171/23/262 148/4/263 152/17/264 125/34/265
f 120/33/257 125/34/265 152/17/264 155/13/258
f 156/12/261 151/18/215 117/25/218 124/28/237
f 158/13/266 120/33/257 127/32/256 154/14/267
f 115/27/251 122/28/250 157/12/268 153/11/269
f 122/28/250 118/25/232 165/18/231 157/12/268
f 164/17/270 125/34/265 120/33/257 158/13/266
f 162/4/271 171/23/262 125/34/265 164/17/270
f 191/1/272 192/2/272 193/3/272
f 198/2/273 199/1/273 200/3/273
f 205/4/274 206/5/274 207/6/274
f 218/5/275 219/4/275 220/6/275
f 195/7/276 223/8/277 224/9/277 194/10/276
f 210/11/278 214/12/279 215/13/279 211/14/278
f 186/15/280 191/1/281 193/3/281 185/16/280
f 192/2/282 195/7/276 194/10/276 193/3/282
f 202/7/283 198/2/284 200/3/284 201/10/283
f 209/17/285 205/4/286 207/6/286 208/18/285
f 196/19/287 216/8/288 217/9/288 197/20/287
f 220/6/289 187/16/290 188/15/290 218/5/289
f 203/14/291 212/13/292 213/12/292 204/11/291
f 222/18/293 220/6/294 219/4/294 221/17/293
f 223/8/277 190/19/295 189/20/295 224/9/277
f 226/21/296 192/2/297 191/1/297 225/22/296
f 216/8/288 202/7/283 201/10/283 217/9/288
f 187/16/290 200/3/298 199/1/298 188/15/290
f 214/12/279 222/18/293 221/17/293 215/13/279
f 228/23/299 219/4/300 218/5/300 227/24/299
f 212/13/292 209/17/285 208/18/285 213/12/292
f 185/16/280 207/6/301 206/5/301 186/15/280
f 198/2/302 226/21/296 225/22/296 199/1/302
f 205/4/303 228/23/299 227/24/299 206/5/303
f 208/18/304 207/6/305 185/16/306 174/25/307
f 185/16/306 193/3/308 194/10/309 174/25/307
f 206/5/310 227/24/311 178/26/41 186/15/312
f 178/26/41 225/22/313 191/1/314 186/15/312
f 227/24/311 218/5/315 188/15/316 178/26/41
f 187/16/317 220/6/318 222/18/319 175/25/320
f 199/1/321 225/22/313 178/26/41 188/15/316
f 200/3/322 187/16/317 175/25/320 201/10/323
f 173/27/324 181/28/325 224/9/326 189/20/327
f 223/8/328 176/29/329 183/30/330 190/19/331
f 192/2/332 226/21/333 180/31/334 195/7/335
f 195/7/335 180/31/334 176/29/329 223/8/328
f 181/28/325 174/25/307 194/10/309 224/9/326
f 197/20/336 217/9/337 179/28/338 172/27/339
f 183/30/330 176/29/329 216/8/340 196/19/341
f 226/21/333 198/2/342 202/7/343 180/31/334
f 176/29/329 180/31/334 202/7/343 216/8/340
f 217/9/337 201/10/323 175/25/320 179/28/338
f 184/32/344 177/33/345 212/13/346 203/14/347
f 204/11/348 213/12/349 181/28/325 173/27/324
f 228/23/350 205/4/351 209/17/352 182/34/353
f 177/33/345 182/34/353 209/17/352 212/13/346
f 213/12/349 208/18/304 174/25/307 181/28/325
f 215/13/354 177/33/345 184/32/344 211/14/355
f 172/27/339 179/28/338 214/12/356 210/11/357
f 179/28/338 175/25/320 222/18/319 214/12/356
f 221/17/358 182/34/353 177/33/345 215/13/354
f 219/4/359 228/23/350 182/34/353 221/17/358
f 248/1/360 249/2/360 250/3/360
f 255/2/361 256/1/361 257/3/361
f 262/4/362 263/5/362 264/6/362
f 275/5/363 276/4/363 277/6/363
f 252/7/364 280/8/365 281/9/365 251/10/364
f 267/11/366 271/12/367 272/13/367 268/14/366
f 243/15/368 248/1/369 250/3/369 242/16/368
f 249/2/370 252/7/364 251/10/364 250/3/370
f 259/7/371 255/2/372 257/3/372 258/10/371
f 266/17/373 262/4/374 264/6/374 265/18/373
f 253/19/375 273/8/376 274/9/376 254/20/375
f 277/6/377 244/16/378 245/15/378 275/5/377
f 260/14/379 269/13/380 270/12/380 261/11/379
f 279/18/381 277/6/382 276/4/382 278/17/381
f 280/8/365 247/19/383 246/20/383 281/9/365
f 283/21/384 249/2/385 248/1/385 282/22/384
f 273/8/376 259/7/371 258/10/371 274/9/376
f 244/16/378 257/3/386 256/1/386 245/15/378
f 271/12/367 279/18/381 278/17/381 272/13/367
f 285/23/387 276/4/388 275/5/388 284/24/387
f 269/13/380 266/17/373 265/18/373 270/12/380
f 242/16/368 264/6/389 263/5/389 243/15/368
f 255/2/390 283/21/384 282/22/384 256/1/390
f 262/4/391 285/23/387 284/24/387 263/5/391
f 265/18/392 264/6/393 242/16/394 231/25/395
f 242/16/394 250/3/396 251/10/397 231/25/395
f 263/5/398 284/24/399 235/26/41 243/15/400
f 235/26/41 282/22/401 248/1/402 243/15/400
f 284/24/399 275/5/403 245/15/404 235/26/41
f 244/16/405 277/6/406 279/18/407 232/25/408
f 256/1/409 282/22/401 235/26/41 245/15/404
f 257/3/410 244/16/405 232/25/408 258/10/411
f 230/27/412 238/28/413 281/9/414 246/20/415
f 280/8/416 233/29/417 240/30/418 247/19/419
f 249/2/420 283/21/421 237/31/422 252/7/423
f 252/7/423 237/31/422 233/29/417 280/8/416
f 238/28/413 231/25/395 251/10/397 281/9/414
f 254/20/424 274/9/425 236/28/426 229/27/427
f 240/30/418 233/29/417 273/8/428 253/19/429
f 283/21/421 255/2/430 259/7/431 237/31/422
f 233/29/417 237/31/422 259/7/431 273/8/428
f 274/9/425 258/10/411 232/25/408 236/28/426
f 241/32/432 234/33/433 269/13/434 260/14/435
f 261/11/436 270/12/437 238/28/413 230/27/412
f 285/23/438 262/4/439 266/17/440 239/34/441
f 234/33/433 239/34/441 266/17/440 269/13/434
f 270/12/437 265/18/392 231/25/395 238/28/413
f 272/13/442 234/33/433 241/32/432 268/14/443
f 229/27/427 236/28/426 271/12/444 267/11/445
f 236/28/426 232/25/408 279/18/407 271/12/444
f 278/17/446 239/34/441 234/33/433 272/13/442
f 276/4/447 285/23/438 239/34/441 278/17/446
f 305/35/360 306/36/360 307/37/360
f 312/36/361 313/35/361 314/37/361
f 319/38/362 320/39/362 321/40/362
f 332/39/363 333/38/363 334/40/363
f 309/41/364 337/42/365 338/43/365 308/44/364
f 324/45/366 328/46/367 329/47/367 325/48/366
f 300/49/368 305/35/369 307/37/369 299/50/368
f 306/36/370 309/41/364 308/44/364 307/37/370
f 316/41/371 312/36/372 314/37/372 315/44/371
f 323/51/373 319/38/374 321/40/374 322/52/373
f 310/53/375 330/42/376 331/43/376 311/54/375
f 334/40/377 301/50/378 302/49/378 332/39/377
f 317/48/379 326/47/380 327/46/380 318/45/379
f 336/52/381 334/40/382 333/38/382 335/51/381
f 337/42/365 304/53/383 303/54/383 338/43/365
f 340/55/384 306/36/385 305/35/385 339/56/384
f 330/42/376 316/41/371 315/44/371 331/43/376
f 301/50/378 314/37/386 313/35/386 302/49/378
f 328/46/367 336/52/381 335/51/381 329/47/367
f 342/57/387 333/38/388 332/39/388 341/58/387
f 326/47/380 323/51/373 322/52/373 327/46/380
f 299/50/368 321/40/389 320/39/389 300/49/368
f 312/36/390 340/55/384 339/56/384 313/35/390
f 319/38/391 342/57/387 341/58/387 320/39/391
f 322/52/392 321/40/393 299/50/394 288/59/395
f 299/50/394 307/37/396 308/44/397 288/59/395
f 320/39/398 341/58/399 292/60/41 300/49/400
f 292/60/41 339/56/401 305/35/402 300/49/400
f 341/58/399 332/39/403 302/49/404 292/60/41
f 301/50/405 334/40/406 336/52/407 289/59/408
f 313/35/409 339/56/401 292/60/41 302/49/404
f 314/37/410 301/50/405 289/59/408 315/44/411
f 287/61/412 295/62/413 338/43/414 303/54/415
f 337/42/416 290/63/448 297/64/418 304/53/419
f 306/36/420 340/55/421 294/65/422 309/41/423
f 309/41/423 294/65/422 290/63/448 337/42/416
f 295/62/413 288/59/395 308/44/397 338/43/414
f 311/54/424 331/43/425 293/62/426 286/61/427
f 297/64/418 290/63/448 330/42/428 310/53/429
f 340/55/421 312/36/430 316/41/431 294/65/422
f 290/63/448 294/65/422 316/41/431 330/42/428
f 331/43/425 315/44/411 289/59/408 293/62/426
f 298/66/432 291/67/433 326/47/434 317/48/435
f 318/45/436 327/46/437 295/62/413 287/61/412
f 342/57/438 319/38/439 323/51/440 296/68/441
f 291/67/433 296/68/441 323/51/440 326/47/434
f 327/46/437 322/52/392 288/59/395 295/62/413
f 329/47/442 291/67/433 298/66/432 325/48/443
f 286/61/427 293/62/426 328/46/444 324/45/445
f 293/62/426 289/59/408 336/52/407 328/46/444
f 335/51/446 296/68/441 291/67/433 329/47/442
f 333/38/447 342/57/438 296/68/441 335/51/446
f 362/35/449 363/36/449 364/37/449
f 369/36/450 370/35/450 371/37/450
f 376/38/451 377/39/451 378/40/451
f 389/39/452 390/38/452 391/40/452
f 366/41/453 394/42/454 395/43/454 365/44/453
f 381/45/455 385/46/456 386/47/456 382/48/455
f 357/49/457 362/35/458 364/37/458 356/50/457
f 363/36/459 366/41/453 365/44/453 364/37/459
f 373/41/460 369/36/461 371/37/461 372/44/460
f 380/51/462 376/38/463 378/40/463 379/52/462
f 367/53/464 387/42/465 388/43/465 368/54/464
f 391/40/466 358/50/467 359/49/467 389/39/466
f 374/48/468 383/47/469 384/46/469 375/45/468
f 393/52/470 391/40/471 390/38/471 392/51/470
f 394/42/454 361/53/472 360/54/472 395/43/454
f 397/55/473 363/36/474 362/35/474 396/56/473
f 387/42/465 373/41/460 372/44/460 388/43/465
f 358/50/467 371/37/475 370/35/475 359/49/467
f 385/46/456 393/52/470 392/51/470 386/47/456
f 399/57/476 390/38/477 389/39/477 398/58/476
f 383/47/469 380/51/462 379/52/462 384/46/469
f 356/50/457 378/40/478 377/39/478 357/49/457
f 369/36/479 397/55/473 396/56/473 370/35/479
f 376/38/480 399/57/476 398/58/476 377/39/480
f 379/52/481 378/40/482 356/50/483 345/59/484
f 356/50/483 364/37/485 365/44/486 345/59/484
f 377/39/487 398/58/488 349/60/489 357/49/490
f 349/60/489 396/56/491 362/35/492 357/49/490
f 398/58/488 389/39/493 359/49/494 349/60/489
f 358/50/495 391/40/496 393/52/497 346/59/498
f 370/35/499 396/56/491 349/60/489 359/49/494
f 371/37/500 358/50/495 346/59/498 372/44/501
f 344/61/502 352/62/503 395/43/504 360/54/505
f 394/42/506 347/63/507 354/64/508 361/53/509
f 363/36/510 397/55/511 351/65/512 366/41/513
f 366/41/513 351/65/512 347/63/507 394/42/506
f 352/62/503 345/59/484 365/44/486 395/43/504
f 368/54/514 388/43/515 350/62/516 343/61/517
f 354/64/508 347/63/507 387/42/518 367/53/519
f 397/55/511 369/36/520 373/41/521 351/65/512
f 347/63/507 351/65/512 373/41/521 387/42/518
f 388/43/515 372/44/501 346/59/498 350/62/516
f 355/66/522 348/67/523 383/47/524 374/48/525
f 375/45/526 384/46/527 352/62/503 344/61/502
f 399/57/528 376/38/529 380/51/530 353/68/531
f 348/67/523 353/68/531 380/51/530 383/47/524
f 384/46/527 379/52/481 345/59/484 352/62/503
f 386/47/532 348/67/523 355/66/522 382/48/533
f 343/61/517 350/62/516 385/46/534 381/45/535
f 350/62/516 346/59/498 393/52/497 385/46/534
f 392/51/536 353/68/531 348/67/523 386/47/532
f 390/38/537 399/57/528 353/68/531 392/51/536
f 419/35/538 420/36/538 421/37/538
f 426/36/539 427/35/539 428/37/539
f 433/38/540 434/39/540 435/40/540
f 446/39/541 447/38/541 448/40/541
f 423/41/542 451/42/543 452/43/543 422/44/542
f 438/45/544 442/46/545 443/47/545 439/48/544
f 414/49/546 419/35/547 421/37/547 413/50/546
f 420/36/548 423/41/542 422/44/542 421/37/548
f 430/41/549 426/36/550 428/37/550 429/44/549
f 437/51/551 433/38/552 435/40/552 436/52/551
f 424/53/553 444/42/554 445/43/554 425/54/553
f 448/40/555 415/50/556 416/49/556 446/39/555
f 431/48/557 440/47/558 441/46/558 432/45/557
f 450/52/559 448/40/560 447/38/560 449/51/559
f 451/42/543 418/53/561 417/54/561 452/43/543
f 454/55/562 420/36/563 419/35/563 453/56/562
f 444/42/554 430/41/549 429/44/549 445/43/554
f 415/50/556 428/37/564 427/35/564 416/49/556
f 442/46/545 450/52/559 449/51/559 443/47/545
f 456/57/565 447/38/566 446/39/566 455/58/565
f 440/47/558 437/51/551 436/52/551 441/46/558
f 413/50/546 435/40/567 434/39/567 414/49/546
f 426/36/568 454/55/562 453/56/562 427/35/568
f 433/38/569 456/57/565 455/58/565 434/39/569
f 436/52/570 435/40/571 413/50/572 402/59/573
f 413/50/572 421/37/574 422/44/575 402/59/573
f 434/39/576 455/58/577 406/60/578 414/49/579
f 406/60/578 453/56/580 419/35/581 414/49/579
f 455/58/577 446/39/582 416/49/583 406/60/578
f 415/50/584 448/40/585 450/52/586 403/59/587
f 427/35/588 453/56/580 406/60/578 416/49/583
f 428/37/589 415/50/584 403/59/587 429/44/590
f 401/61/591 409/62/592 452/43/593 417/54/594
f 451/42/595 404/63/596 411/64/597 418/53/598
f 420/36/599 454/55/600 408/65/601 423/41/602
f 423/41/602 408/65/601 404/63/596 451/42/595
f 409/62/592 402/59/573 422/44/575 452/43/593
f 425/54/603 445/43/604 407/62/605 400/61/606
f 411/64/597 404/63/596 444/42/607 424/53/608
f 454/55/600 426/36/609 430/41/610 408/65/601
f 404/63/596 408/65/601 430/41/610 444/42/607
f 445/43/604 429/44/590 403/59/587 407/62/605
f 412/66/611 405/67/612 440/47/613 431/48/614
f 432/45/615 441/46/616 409/62/592 401/61/591
f 456/57/617 433/38/618 437/51/619 410/68/620
f 405/67/612 410/68/620 437/51/619 440/47/613
f 441/46/616 436/52/570 402/59/573 409/62/592
f 443/47/621 405/67/612 412/66/611 439/48/622
f 400/61/606 407/62/605 442/46/623 438/45/624
f 407/62/605 403/59/587 450/52/586 442/46/623
f 449/51/625 410/68/620 405/67/612 443/47/621
f 447/38/626 456/57/617 410/68/620 449/51/625
f 476/35/627 477/36/627 478/37/627
f 483/36/628 484/35/628 485/37/628
f 490/38/629 491/39/629 492/40/629
f 503/39/630 504/38/630 505/40/630
f 480/41/631 508/42/632 509/43/632 479/44/631
f 495/45/633 499/46/634 500/47/634 496/48/633
f 471/49/635 476/35/636 478/37/636 470/50/635
f 477/36/637 480/41/631 479/44/631 478/37/637
f 487/41/638 483/36/639 485/37/639 486/44/638
f 494/51/640 490/38/641 492/40/641 493/52/640
f 481/53/642 501/42/643 502/43/643 482/54/642
f 505/40/644 472/50/645 473/49/645 503/39/644
f 488/48/646 497/47/647 498/46/647 489/45/646
f 507/52/648 505/40/649 504/38/649 506/51/648
f 508/42/632 475/53/650 474/54/650 509/43/632
f 511/55/651 477/36/652 476/35/652 510/56/651
f 501/42/643 487/41/638 486/44/638 502/43/643
f 472/50/645 485/37/653 484/35/653 473/49/645
f 499/46/634 507/52/648 506/51/648 500/47/634
f 513/57/654 504/38/655 503/39/655 512/58/654
f 497/47/647 494/51/640 493/52/640 498/46/647
f 470/50/635 492/40/656 491/39/656 471/49/635
f 483/36/657 511/55/651 510/56/651 484/35/657
f 490/38/658 513/57/654 512/58/654 491/39/658
f 493/52/659 492/40/660 470/50/661 459/59/662
f 470/50/661 478/37/663 479/44/664 459/59/662
f 491/39/665 512/58/666 463/60/667 471/49/668
f 463/60/667 510/56/669 476/35/670 471/49/668
f 512/58/666 503/39/671 473/49/672 463/60/667
f 472/50/673 505/40/674 507/52/675 460/59/676
f 484/35/677 510/56/669 463/60/667 473/49/672
f 485/37/678 472/50/673 460/59/676 486/44/679
f 458/61/680 466/62/681 509/43/682 474/54/683
f 508/42/684 461/63/685 468/64/686 475/53/687
f 477/36/688 511/55/689 465/65/690 480/41/691
f 480/41/691 465/65/690 461/63/685 508/42/684
f 466/62/681 459/59/662 479/44/664 509/43/682
f 482/54/692 502/43/693 464/62/694 457/61/695
f 468/64/686 461/63/685 501/42/696 481/53/697
f 511/55/689 483/36/698 487/41/699 465/65/690
f 461/63/685 465/65/690 487/41/699 501/42/696
f 502/43/693 486/44/679 460/59/676 464/62/694
f 469/66/700 462/67/701 497/47/702 488/48/703
f 489/45/704 498/46/705 466/62/681 458/61/680
f 513/57/706 490/38/707 494/51/708 467/68/709
f 462/67/701 467/68/709 494/51/708 497/47/702
f 498/46/705 493/52/659 459/59/662 466/62/681
f 500/47/710 462/67/701 469/66/700 496/48/711
f 457/61/695 464/62/694 499/46/712 495/45/713
f 464/62/694 460/59/676 507/52/675 499/46/712
f 506/51/714 467/68/709 462/67/701 500/47/710
f 504/38/715 513/57/706 467/68/709 506/51/714
f 533/35/716 534/36/716 535/37/716
f 540/36/717 541/35/717 542/37/717
f 547/38/718 548/39/718 549/40/718
f 560/39/719 561/38/719 562/40/719
f 537/41/720 565/42/721 566/43/721 536/44/722
f 552/45/723 556/46/724 557/47/724 553/48/723
f 528/49/725 533/35/726 535/37/726 527/50/725
f 534/36/727 537/41/720 536/44/722 535/37/727
f 544/41/728 540/36/729 542/37/729 543/44/728
f 551/51/730 547/38/731 549/40/731 550/52/730
f 538/53/732 558/42/733 559/43/733 539/54/732
f 562/40/734 529/50/735 530/49/735 560/39/734
f 545/48/736 554/47/737 555/46/737 546/45/736
f 564/52/738 562/40/739 561/38/739 563/51/738
f 565/42/721 532/53/740 531/54/740 566/43/721
f 568/55/741 534/36/742 533/35/742 567/56/741
f 558/42/733 544/41/728 543/44/728 559/43/733
f 529/50/735 542/37/743 541/35/743 530/49/735
f 556/46/724 564/52/738 563/51/738 557/47/724
f 570/57/744 561/38/745 560/39/745 569/58/744
f 554/47/737 551/51/730 550/52/730 555/46/737
f 527/50/725 549/40/746 548/39/746 528/49/725
f 540/36/747 568/55/741 567/56/741 541/35/747
f 547/38/748 570/57/744 569/58/744 548/39/748
f 550/52/749 549/40/750 527/50/751 516/59/752
f 527/50/751 535/37/753 536/44/754 516/59/752
f 548/39/755 569/58/756 520/60/757 528/49/758
f 520/60/757 567/56/759 533/35/760 528/49/758
f 569/58/756 560/39/761 530/49/762 520/60/757
f 529/50/763 562/40/764 564/52/765 517/59/766
f 541/35/767 567/56/759 520/60/757 530/49/762
f 542/37/768 529/50/763 517/59/766 543/44/769
f 515/61/770 523/62/771 566/43/772 531/54/773
f 565/42/774 518/63/775 525/64/776 532/53/777
f 534/36/778 568/55/779 522/65/780 537/41/781
f 537/41/781 522/65/780 518/63/775 565/42/774
f 523/62/771 516/59/752 536/44/754 566/43/772
f 539/54/782 559/43/783 521/62/784 514/61/785
f 525/64/776 518/63/775 558/42/786 538/53/787
f 568/55/779 540/36/788 544/41/789 522/65/780
f 518/63/775 522/65/780 544/41/789 558/42/786
f 559/43/783 543/44/769 517/59/766 521/62/784
f 526/66/790 519/67/791 554/47/792 545/48/793
f 546/45/794 555/46/795 523/62/771 515/61/770
f 570/57/796 547/38/797 551/51/798 524/68/799
f 519/67/791 524/68/799 551/51/798 554/47/792
f 555/46/795 550/52/749 516/59/752 523/62/771
f 557/47/800 519/67/791 526/66/790 553/48/801
f 514/61/785 521/62/784 556/46/802 552/45/803
f 521/62/784 517/59/766 564/52/765 556/46/802
f 563/51/804 524/68/799 519/67/791 557/47/800
f 561/38/805 570/57/796 524/68/799 563/51/804
f 590/35/806 591/36/806 592/37/806
f 597/36/807 598/35/807 599/37/807
f 604/38/808 605/39/808 606/40/808
f 617/39/809 618/38/809 619/40/809
f 594/41/810 622/42/811 623/43/811 593/44/810
f 609/45/812 613/46/813 614/47/813 610/48/812
f 585/49/814 590/35/815 592/37/815 584/50/814
f 591/36/816 594/41/810 593/44/810 592/37/816
f 601/41/817 597/36/818 599/37/818 600/44/817
f 608/51/819 604/38/820 606/40/820 607/52/819
f 595/53/821 615/42/822 616/43/822 596/54/821
f 619/40/823 586/50/824 587/49/824 617/39/823
f 602/48/825 611/47/826 612/46/826 603/45/825
f 621/52/827 619/40/828 618/38/828 620/51/827
f 622/42/811 589/53/829 588/54/829 623/43/811
f 625/55/830 591/36/831 590/35/831 624/56/830
f 615/42/822 601/41/817 600/44/817 616/43/822
f 586/50/824 599/37/832 598/35/832 587/49/824
f 613/46/813 621/52/827 620/51/827 614/47/813
f 627/57/833 618/38/834 617/39/834 626/58/833
f 611/47/826 608/51/819 607/52/819 612/46/826
f 584/50/814 606/40/835 605/39/835 585/49/814
f 597/36/836 625/55/830 624/56/830 598/35/836
f 604/38/837 627/57/833 626/58/833 605/39/837
f 607/52/838 606/40/839 584/50/840 573/59/841
f 584/50/840 592/37/842 593/44/843 573/59/841
f 605/39/844 626/58/845 577/60/41 585/49/846
f 577/60/41 624/56/847 590/35/848 585/49/846
f 626/58/845 617/39/849 587/49/850 577/60/41
f 586/50/851 619/40/852 621/52/853 574/59/854
f 598/35/855 624/56/847 577/60/41 587/49/850
f 599/37/856 586/50/851 574/59/854 600/44/857
f 572/61/858 580/62/859 623/43/860 588/54/861
f 622/42/862 575/63/863 582/64/864 589/53/865
f 591/36/866 625/55/867 579/65/868 594/41/869
f 594/41/869 579/65/868 575/63/863 622/42/862
f 580/62/859 573/59/841 593/44/843 623/43/860
f 596/54/870 616/43/871 578/62/872 571/61/873
f 582/64/864 575/63/863 615/42/874 595/53/875
f 625/55/867 597/36/876 601/41/877 579/65/868
f 575/63/863 579/65/868 601/41/877 615/42/874
f 616/43/871 600/44/857 574/59/854 578/62/872
f 583/66/878 576/67/879 611/47/880 602/48/881
f 603/45/882 612/46/883 580/62/859 572/61/858
f 627/57/884 604/38/885 608/51/886 581/68/887
f 576/67/879 581/68/887 608/51/886 611/47/880
f 612/46/883 607/52/838 573/59/841 580/62/859
f 614/47/888 576/67/879 583/66/878 610/48/889
f 571/61/873 578/62/872 613/46/890 609/45/891
f 578/62/872 574/59/854 621/52/853 613/46/890
f 620/51/892 581/68/887 576/67/879 614/47/888
f 618/38/893 627/57/884 581/68/887 620/51/892
f 647/35/273 648/36/273 649/37/273
f 654/36/275 655/35/275 656/37/275
f 661/38/272 662/39/272 663/40/272
f 674/39/274 675/38/274 676/40/274
f 651/41/283 679/42/288 680/43/288 650/44/283
f 666/45/894 670/46/292 671/47/292 667/48/894
f 642/49/296 647/35/302 649/37/302 641/50/296
f 648/36/284 651/41/283 650/44/283 649/37/284
f 658/41/293 654/36/294 656/37/294 657/44/293
f 665/51/276 661/38/282 663/40/282 664/52/276
f 652/53/278 672/42/279 673/43/279 653/54/278
f 676/40/303 643/50/299 644/49/299 674/39/303
f 659/48/295 668/47/277 669/46/277 660/45/295
f 678/52/285 676/40/895 675/38/895 677/51/285
f 679/42/288 646/53/287 645/54/287 680/43/288
f 682/55/290 648/36/298 647/35/298 681/56/290
f 672/42/279 658/41/293 657/44/293 673/43/279
f 643/50/299 656/37/300 655/35/300 644/49/299
f 670/46/292 678/52/285 677/51/285 671/47/292
f 684/57/280 675/38/301 674/39/301 683/58/280
f 668/47/277 665/51/276 664/52/276 669/46/277
f 641/50/296 663/40/297 662/39/297 642/49/296
f 654/36/289 682/55/290 681/56/290 655/35/289
f 661/38/281 684/57/280 683/58/280 662/39/281
f 664/52/335 663/40/332 641/50/333 630/59/334
f 641/50/333 649/37/342 650/44/343 630/59/334
f 662/39/314 683/58/312 634/60/41 642/49/313
f 634/60/41 681/56/316 647/35/321 642/49/313
f 683/58/312 674/39/310 644/49/311 634/60/41
f 643/50/350 676/40/351 678/52/352 631/59/353
f 655/35/315 681/56/316 634/60/41 644/49/311
f 656/37/359 643/50/350 631/59/353 657/44/358
f 629/61/330 637/62/329 680/43/340 645/54/341
f 679/42/337 632/63/338 639/64/339 646/53/336
f 648/36/322 682/55/317 636/65/320 651/41/323
f 651/41/323 636/65/320 632/63/338 679/42/337
f 637/62/329 630/59/334 650/44/343 680/43/340
f 653/54/355 673/43/354 635/62/345 628/61/344
f 639/64/339 632/63/338 672/42/356 652/53/357
f 682/55/317 654/36/318 658/41/319 636/65/320
f 632/63/338 636/65/320 658/41/319 672/42/356
f 673/43/354 657/44/358 631/59/353 635/62/345
f 640/66/324 633/67/325 668/47/326 659/48/327
f 660/45/331 669/46/328 637/62/329 629/61/330
f 684/57/306 661/38/308 665/51/309 638/68/307
f 633/67/325 638/68/307 665/51/309 668/47/326
f 669/46/328 664/52/335 630/59/334 637/62/329
f 671/47/349 633/67/325 640/66/324 667/48/348
f 628/61/344 635/62/345 670/46/346 666/45/347
f 635/62/345 631/59/353 678/52/352 670/46/346
f 677/51/304 638/68/307 633/67/325 671/47/349
f 675/38/305 684/57/306 638/68/307 677/51/304
f 704/35/896 705/36/896 706/37/896
f 711/36/897 712/35/897 713/37/897
f 718/38/898 719/39/898 720/40/898
f 731/39/899 732/38/899 733/40/899
f 708/41/900 736/42/901 737/43/901 707/44/900
f 723/45/902 727/46/903 728/47/903 724/48/902
f 699/49/904 704/35/905 706/37/905 698/50/904
f 705/36/906 708/41/900 707/44/900 706/37/906
f 715/41/907 711/36/908 713/37/908 714/44/907
f 722/51/909 718/38/910 720/40/910 721/52/909
f 709/53/911 729/42/912 730/43/912 710/54/911
f 733/40/913 700/50/914 701/49/914 731/39/913
f 716/48/915 725/47/916 726/46/916 717/45/915
f 735/52/917 733/40/918 732/38/918 734/51/917
f 736/42/901 703/53/919 702/54/919 737/43/901
f 739/55/920 705/36/921 704/35/921 738/56/920
f 729/42/912 715/41/907 714/44/907 730/43/912
f 700/50/914 713/37/922 712/35/922 701/49/914
f 727/46/903 735/52/917 734/51/917 728/47/903
f 741/57/923 732/38/924 731/39/924 740/58/923
f 725/47/916 722/51/909 721/52/909 726/46/916
f 698/50/904 720/40/925 719/39/925 699/49/904
f 711/36/926 739/55/920 738/56/920 712/35/926
f 718/38/927 741/57/923 740/58/923 719/39/927
f 721/52/928 720/40/929 698/50/930 687/59/931
f 698/50/930 706/37/932 707/44/933 687/59/931
f 719/39/934 740/58/935 691/60/41 699/49/936
f 691/60/41 738/56/937 704/35/938 699/49/936
f 740/58/935 731/39/939 701/49/940 691/60/41
f 700/50/941 733/40/942 735/52/943 688/59/944
f 712/35/945 738/56/937 691/60/41 701/49/940
f 713/37/946 700/50/941 688/59/944 714/44/947
f 686/61/948 694/62/949 737/43/950 702/54/951
f 736/42/952 689/63/953 696/64/954 703/53/955
f 705/36/956 739/55/957 693/65/958 708/41/959
f 708/41/959 693/65/958 689/63/953 736/42/952
f 694/62/949 687/59/931 707/44/933 737/43/950
f 710/54/960 730/43/961 692/62/962 685/61/963
f 696/64/954 689/63/953 729/42/964 709/53/965
f 739/55/957 711/36/966 715/41/967 693/65/958
f 689/63/953 693/65/958 715/41/967 729/42/964
f 730/43/961 714/44/947 688/59/944 692/62/962
f 697/66/968 690/67/969 725/47/970 716/48/971
f 717/45/972 726/46/973 694/62/949 686/61/948
f 741/57/974 718/38/975 722/51/976 695/68/977
f 690/67/969 695/68/977 722/51/976 725/47/970
f 726/46/973 721/52/928 687/59/931 694/62/949
f 728/47/978 690/67/969 697/66/968 724/48/979
f 685/61/963 692/62/962 727/46/980 723/45/981
f 692/62/962 688/59/944 735/52/943 727/46/980
f 734/51/982 695/68/977 690/67/969 728/47/978
f 732/38/983 741/57/974 695/68/977 734/51/982
f 761/35/984 762/36/984 763/37/984
f 768/36/628 769/35/628 770/37/628
f 775/38/629 776/39/629 777/40/629
f 788/39/985 789/38/985 790/40/985
f 765/41/631 793/42/632 794/43/632 764/44/631
f 780/45/633 784/46/634 785/47/634 781/48/633
f 756/49/986 761/35/987 763/37/987 755/50/986
f 762/36/637 765/41/631 764/44/631 763/37/637
f 772/41/638 768/36/639 770/37/639 771/44/638
f 779/51/988 775/38/641 777/40/641 778/52/988
f 766/53/642 786/42/643 787/43/643 767/54/642
f 790/40/644 757/50/645 758/49/645 788/39/644
f 773/48/646 782/47/647 783/46/647 774/45/646
f 792/52/648 790/40/649 789/38/649 791/51/648
f 793/42/632 760/53/650 759/54/650 794/43/632
f 796/55/651 762/36/652 761/35/652 795/56/651
f 786/42/643 772/41/638 771/44/638 787/43/643
f 757/50/645 770/37/989 769/35/989 758/49/645
f 784/46/634 792/52/648 791/51/648 785/47/634
f 798/57/990 789/38/655 788/39/655 797/58/654
f 782/47/647 779/51/988 778/52/988 783/46/647
f 755/50/986 777/40/656 776/39/656 756/49/986
f 768/36/657 796/55/651 795/56/651 769/35/657
f 775/38/658 798/57/990 797/58/654 776/39/658
f 778/52/659 777/40/991 755/50/661 744/59/662
f 755/50/661 763/37/663 764/44/664 744/59/662
f 776/39/665 797/58/666 748/60/667 756/49/668
f 748/60/667 795/56/669 761/35/670 756/49/668
f 797/58/666 788/39/671 758/49/672 748/60/667
f 757/50/673 790/40/674 792/52/675 745/59/676
f 769/35/677 795/56/669 748/60/667 758/49/672
f 770/37/678 757/50/673 745/59/676 771/44/679
f 743/61/680 751/62/681 794/43/682 759/54/683
f 793/42/684 746/63/685 753/64/686 760/53/687
f 762/36/688 796/55/689 750/65/690 765/41/691
f 765/41/691 750/65/690 746/63/685 793/42/684
f 751/62/681 744/59/662 764/44/664 794/43/682
f 767/54/692 787/43/693 749/62/694 742/61/695
f 753/64/686 746/63/685 786/42/696 766/53/697
f 796/55/689 768/36/698 772/41/699 750/65/690
f 746/63/685 750/65/690 772/41/699 786/42/696
f 787/43/693 771/44/679 745/59/676 749/62/694
f 754/66/700 747/67/701 782/47/702 773/48/703
f 774/45/704 783/46/705 751/62/681 743/61/680
f 798/57/706 775/38/707 779/51/708 752/68/709
f 747/67/701 752/68/709 779/51/708 782/47/702
f 783/46/705 778/52/659 744/59/662 751/62/681
f 785/47/710 747/67/701 754/66/700 781/48/711
f 742/61/695 749/62/694 784/46/712 780/45/713
f 749/62/694 745/59/676 792/52/675 784/46/712
f 791/51/714 752/68/709 747/67/701 785/47/710
f 789/38/715 798/57/706 752/68/709 791/51/714
f 818/35/449 819/36/449 820/37/449
f 825/36/450 826/35/450 827/37/450
f 832/38/992 833/39/992 834/40/992
f 845/39/452 846/38/452 847/40/452
f 822/41/453 850/42/454 851/43/993 821/44/453
f 837/45/455 841/46/456 842/47/994 838/48/455
f 813/49/995 818/35/458 820/37/458 812/50/995
f 819/36/459 822/41/453 821/44/453 820/37/459
f 829/41/460 825/36/461 827/37/461 828/44/460
f 836/51/462 832/38/463 834/40/463 835/52/462
f 823/53/464 843/42/465 844/43/465 824/54/464
f 847/40/466 814/50/996 815/49/996 845/39/466
f 830/48/468 839/47/469 840/46/469 831/45/468
f 849/52/470 847/40/471 846/38/471 848/51/470
f 850/42/454 817/53/472 816/54/472 851/43/993
f 853/55/473 819/36/474 818/35/474 852/56/473
f 843/42/465 829/41/460 828/44/460 844/43/465
f 814/50/996 827/37/475 826/35/475 815/49/996
f 841/46/456 849/52/470 848/51/470 842/47/994
f 855/57/476 846/38/477 845/39/477 854/58/476
f 839/47/469 836/51/462 835/52/462 840/46/469
f 812/50/995 834/40/478 833/39/478 813/49/995
f 825/36/997 853/55/473 852/56/473 826/35/997
f 832/38/998 855/57/476 854/58/476 833/39/998
f 835/52/481 834/40/482 812/50/483 801/59/484
f 812/50/483 820/37/485 821/44/486 801/59/484
f 833/39/487 854/58/488 805/60/489 813/49/490
f 805/60/489 852/56/491 818/35/492 813/49/490
f 854/58/488 845/39/493 815/49/494 805/60/489
f 814/50/495 847/40/496 849/52/497 802/59/498
f 826/35/499 852/56/491 805/60/489 815/49/494
f 827/37/500 814/50/495 802/59/498 828/44/501
f 800/61/502 808/62/503 851/43/504 816/54/505
f 850/42/506 803/63/507 810/64/508 817/53/509
f 819/36/510 853/55/511 807/65/512 822/41/513
f 822/41/513 807/65/512 803/63/507 850/42/506
f 808/62/503 801/59/484 821/44/486 851/43/504
f 824/54/514 844/43/515 806/62/516 799/61/517
f 810/64/508 803/63/507 843/42/518 823/53/519
f 853/55/511 825/36/520 829/41/521 807/65/512
f 803/63/507 807/65/512 829/41/521 843/42/518
f 844/43/515 828/44/501 802/59/498 806/62/516
f 811/66/522 804/67/523 839/47/524 830/48/525
f 831/45/526 840/46/527 808/62/503 800/61/502
f 855/57/528 832/38/529 836/51/530 809/68/531
f 804/67/523 809/68/531 836/51/530 839/47/524
f 840/46/527 835/52/481 801/59/484 808/62/503
f 842/47/532 804/67/523 811/66/522 838/48/533
f 799/61/517 806/62/516 841/46/534 837/45/535
f 806/62/516 802/59/498 849/52/497 841/46/534
f 848/51/536 809/68/531 804/67/523 842/47/532
f 846/38/537 855/57/528 809/68/531 848/51/536
f 875/35/999 876/36/999 877/37/999
f 882/36/1000 883/35/1000 884/37/1000
f 889/38/1001 890/39/1001 891/40/1001
f 902/39/1002 903/38/1002 904/40/1002
f 879/41/1003 907/42/1004 908/43/1004 878/44/1003
f 894/45/1005 898/46/1006 899/47/1006 895/48/1005
f 870/49/1007 875/35/1008 877/37/1008 869/50/1007
f 876/36/1009 879/41/1003 878/44/1003 877/37/1009
f 886/41/1010 882/36/1011 884/37/1011 885/44/1010
f 893/51/1012 889/38/1013 891/40/1013 892/52/1012
f 880/53/1014 900/42/1015 901/43/1015 881/54/1014
f 904/40/1016 871/50/1017 872/49/1017 902/39/1016
f 887/48/1018 896/47/1019 897/46/1019 888/45/1018
f 906/52/1020 904/40/1021 903/38/1021 905/51/1020
f 907/42/1004 874/53/1022 873/54/1022 908/43/1004
f 910/55/1023 876/36/1024 875/35/1024 909/56/1023
f 900/42/1015 886/41/1010 885/44/1010 901/43/1015
f 871/50/1017 884/37/1025 883/35/1025 872/49/1017
f 898/46/1006 906/52/1020 905/51/1020 899/47/1006
f 912/57/1026 903/38/1027 902/39/1027 911/58/1026
f 896/47/1019 893/51/1012 892/52/1012 897/46/1019
f 869/50/1007 891/40/1028 890/39/1028 870/49/1007
f 882/36/1029 910/55/1023 909/56/1023 883/35/1029
f 889/38/1030 912/57/1026 911/58/1026 890/39/1030
f 892/52/1031 891/40/1032 869/50/1033 858/59/1034
f 869/50/1033 877/37/1035 878/44/1036 858/59/1034
f 890/39/1037 911/58/1038 862/60/41 870/49/1039
f 862/60/41 909/56/1040 875/35/1041 870/49/1039
f 911/58/1038 902/39/1042 872/49/1043 862/60/41
f 871/50/1044 904/40/1045 906/52/1046 859/59/1047
f 883/35/1048 909/56/1040 862/60/41 872/49/1043
f 884/37/1049 871/50/1044 859/59/1047 885/44/1050
f 857/61/1051 865/62/1052 908/43/1053 873/54/1054
f 907/42/1055 860/63/1056 867/64/1057 874/53/1058
f 876/36/1059 910/55/1060 864/65/1061 879/41/1062
f 879/41/1062 864/65/1061 860/63/1056 907/42/1055
f 865/62/1052 858/59/1034 878/44/1036 908/43/1053
f 881/54/1063 901/43/1064 863/62/1065 856/61/1066
f 867/64/1057 860/63/1056 900/42/1067 880/53/1068
f 910/55/1060 882/36/1069 886/41/1070 864/65/1061
f 860/63/1056 864/65/1061 886/41/1070 900/42/1067
f 901/43/1064 885/44/1050 859/59/1047 863/62/1065
f 868/66/1071 861/67/1072 896/47/1073 887/48/1074
f 888/45/1075 897/46/1076 865/62/1052 857/61/1051
f 912/57/1077 889/38/1078 893/51/1079 866/68/1080
f 861/67/1072 866/68/1080 893/51/1079 896/47/1073
f 897/46/1076 892/52/1031 858/59/1034 865/62/1052
f 899/47/1081 861/67/1072 868/66/1071 895/48/1082
f 856/61/1066 863/62/1065 898/46/1083 894/45/1084
f 863/62/1065 859/59/1047 906/52/1046 898/46/1083
f 905/51/1085 866/68/1080 861/67/1072 899/47/1081
f 903/38/1086 912/57/1077 866/68/1080 905/51/1085
f 932/35/1087 933/36/1087 934/37/1087
f 939/36/1088 940/35/1088 941/37/1088
f 946/38/1089 947/39/1089 948/40/1089
f 959/39/1090 960/38/1090 961/40/1090
f 936/41/1091 964/42/1092 965/43/1092 935/44/1091
f 951/45/1093 955/46/1094 956/47/1094 952/48/1093
f 927/49/1095 932/35/1096 934/37/1096 926/50/1095
f 933/36/1097 936/41/1091 935/44/1091 934/37/1097
f 943/41/1098 939/36/1099 941/37/1099 942/44/1098
f 950/51/1100 946/38/1101 948/40/1101 949/52/1100
f 937/53/1102 957/42/1103 958/43/1103 938/54/1102
f 961/40/1104 928/50/1105 929/49/1105 959/39/1104
f 944/48/1106 953/47/1107 954/46/1107 945/45/1106
f 963/52/1108 961/40/1109 960/38/1109 962/51/1108
f 964/42/1092 931/53/1110 930/54/1110 965/43/1092
f 967/55/1111 933/36/1112 932/35/1112 966/56/1111
f 957/42/1103 943/41/1098 942/44/1098 958/43/1103
f 928/50/1105 941/37/1113 940/35/1113 929/49/1105
f 955/46/1094 963/52/1108 962/51/1108 956/47/1094
f 969/57/1114 960/38/1115 959/39/1115 968/58/1114
f 953/47/1107 950/51/1100 949/52/1100 954/46/1107
f 926/50/1095 948/40/1116 947/39/1116 927/49/1095
f 939/36/1117 967/55/1111 966/56/1111 940/35/1117
f 946/38/1118 969/57/1114 968/58/1114 947/39/1118
f 949/52/1119 948/40/1120 926/50/1121 915/59/1122
f 926/50/1121 934/37/1123 935/44/1124 915/59/1122
f 947/39/1125 968/58/1126 919/60/1127 927/49/1128
f 919/60/1127 966/56/1129 932/35/1130 927/49/1128
f 968/58/1126 959/39/1131 929/49/1132 919/60/1127
f 928/50/1133 961/40/1134 963/52/1135 916/59/1136
f 940/35/1137 966/56/1129 919/60/1127 929/49/1132
f 941/37/1138 928/50/1133 916/59/1136 942/44/1139
f 914/61/1140 922/62/1141 965/43/1142 930/54/1143
f 964/42/1144 917/63/1145 924/64/1146 931/53/1147
f 933/36/1148 967/55/1149 921/65/1150 936/41/1151
f 936/41/1151 921/65/1150 917/63/1145 964/42/1144
f 922/62/1141 915/59/1122 935/44/1124 965/43/1142
f 938/54/1152 958/43/1153 920/62/1154 913/61/1155
f 924/64/1146 917/63/1145 957/42/1156 937/53/1157
f 967/55/1149 939/36/1158 943/41/1159 921/65/1150
f 917/63/1145 921/65/1150 943/41/1159 957/42/1156
f 958/43/1153 942/44/1139 916/59/1136 920/62/1154
f 925/66/1160 918/67/1161 953/47/1162 944/48/1163
f 945/45/1164 954/46/1165 922/62/1141 914/61/1140
f 969/57/1166 946/38/1167 950/51/1168 923/68/1169
f 918/67/1161 923/68/1169 950/51/1168 953/47/1162
f 954/46/1165 949/52/1119 915/59/1122 922/62/1141
f 956/47/1170 918/67/1161 925/66/1160 952/48/1171
f 913/61/1155 920/62/1154 955/46/1172 951/45/1173
f 920/62/1154 916/59/1136 963/52/1135 955/46/1172
f 962/51/1174 923/68/1169 918/67/1161 956/47/1170
f 960/38/1175 969/57/1166 923/68/1169 962/51/1174
f 989/35/627 990/36/627 991/37/627
f 996/36/1176 997/35/1176 998/37/1176
f 1003/38/1177 1004/39/1177 1005/40/1177
f 1016/39/1178 1017/38/1178 1018/40/1178
f 993/41/631 1021/42/632 1022/43/632 992/44/631
f 1008/45/633 1012/46/1179 1013/47/1179 1009/48/633
f 984/49/1180 989/35/636 991/37/636 983/50/1180
f 990/36/637 993/41/631 992/44/631 991/37/637
f 1000/41/638 996/36/639 998/37/639 999/44/638
f 1007/51/988 1003/38/641 1005/40/641 1006/52/988
f 994/53/642 1014/42/643 1015/43/643 995/54/642
f 1018/40/644 985/50/1181 986/49/1181 1016/39/644
f 1001/48/646 1010/47/647 1011/46/647 1002/45/646
f 1020/52/648 1018/40/649 1017/38/649 1019/51/648
f 1021/42/632 988/53/650 987/54/650 1022/43/632
f 1024/55/651 990/36/652 989/35/652 1023/56/651
f 1014/42/643 1000/41/638 999/44/638 1015/43/643
f 985/50/1181 998/37/653 997/35/653 986/49/1181
f 1012/46/1179 1020/52/648 1019/51/648 1013/47/1179
f 1026/57/990 1017/38/655 1016/39/655 1025/58/990
f 1010/47/647 1007/51/988 1006/52/988 1011/46/647
f 983/50/1180 1005/40/656 1004/39/656 984/49/1180
f 996/36/657 1024/55/651 1023/56/651 997/35/657
f 1003/38/658 1026/57/990 1025/58/990 1004/39/658
f 1006/52/659 1005/40/660 983/50/661 972/59/662
f 983/50/661 991/37/663 992/44/664 972/59/662
f 1004/39/665 1025/58/666 976/60/667 984/49/668
f 976/60/667 1023/56/669 989/35/670 984/49/668
f 1025/58/666 1016/39/671 986/49/672 976/60/667
f 985/50/673 1018/40/674 1020/52/675 973/59/676
f 997/35/677 1023/56/669 976/60/667 986/49/672
f 998/37/678 985/50/673 973/59/676 999/44/679
f 971/61/680 979/62/681 1022/43/682 987/54/683
f 1021/42/684 974/63/685 981/64/686 988/53/687
f 990/36/688 1024/55/689 978/65/690 993/41/691
f 993/41/691 978/65/690 974/63/685 1021/42/684
f 979/62/681 972/59/662 992/44/664 1022/43/682
f 995/54/692 1015/43/693 977/62/694 970/61/695
f 981/64/686 974/63/685 1014/42/696 994/53/697
f 1024/55/689 996/36/698 1000/41/699 978/65/690
f 974/63/685 978/65/690 1000/41/699 1014/42/696
f 1015/43/693 999/44/679 973/59/676 977/62/694
f 982/66/700 975/67/701 1010/47/702 1001/48/703
f 1002/45/704 1011/46/705 979/62/681 971/61/680
f 1026/57/706 1003/38/707 1007/51/708 980/68/709
f 975/67/701 980/68/709 1007/51/708 1010/47/702
f 1011/46/705 1006/52/659 972/59/662 979/62/681
f 1013/47/710 975/67/701 982/66/700 1009/48/711
f 970/61/695 977/62/694 1012/46/712 1008/45/713
f 977/62/694 973/59/676 1020/52/675 1012/46/712
f 1019/51/714 980/68/709 975/67/701 1013/47/710
f 1017/38/715 1026/57/706 980/68/709 1019/51/714
