# Blender 5.0.1
# www.blender.org
o GEO_GoldMine_C
v 10.000000 0.000000 -14.528000
v 10.000000 0.000000 -13.472000
v 10.000000 0.689942 -13.424107
v 10.000000 0.689942 -14.575893
v 9.368273 0.241480 -14.000000
v 10.631727 0.241480 -14.000000
v 10.000000 1.232000 -14.000000
v 10.000000 0.241480 -14.631727
v 9.424107 0.689942 -14.000000
v 10.000000 0.241480 -13.368273
v 10.575893 0.689942 -14.000000
v 9.472000 0.000000 -14.000000
v 10.528000 0.000000 -14.000000
v 10.000000 1.074002 -13.615126
v 10.000000 1.088074 -13.629332
v 10.000000 1.074002 -14.384874
v 10.000000 1.088074 -14.370668
v 9.587542 0.000000 -13.576006
v 9.576006 0.000000 -13.587542
v 9.675676 1.022984 -13.675676
v 9.662086 1.009358 -13.673528
v 9.673528 1.009358 -13.662086
v 9.562316 0.689942 -13.550580
v 9.550580 0.689942 -13.562316
v 9.576006 0.000000 -14.412458
v 9.587542 0.000000 -14.423994
v 9.662086 1.009358 -14.326472
v 9.675676 1.022984 -14.324324
v 9.673528 1.009358 -14.337914
v 9.562316 0.689942 -14.449420
v 9.550580 0.689942 -14.437684
v 10.423994 0.000000 -13.587542
v 10.412458 0.000000 -13.576006
v 10.337914 1.009358 -13.673528
v 10.324324 1.022984 -13.675676
v 10.326472 1.009358 -13.662086
v 10.437684 0.689942 -13.550580
v 10.449420 0.689942 -13.562316
v 10.412458 0.000000 -14.423994
v 10.423994 0.000000 -14.412458
v 10.501922 0.241480 -13.509670
v 10.490330 0.241480 -13.498078
v 10.490330 0.241480 -14.501922
v 10.501922 0.241480 -14.490330
v 9.498078 0.241480 -14.490330
v 9.509670 0.241480 -14.501922
v 10.324324 1.022984 -14.324324
v 10.337914 1.009358 -14.326472
v 10.326472 1.009358 -14.337914
v 10.449420 0.689942 -14.437684
v 10.437684 0.689942 -14.449420
v 9.498078 0.241480 -13.509670
v 9.509670 0.241480 -13.498078
v 9.629332 1.088074 -14.000000
v 9.615126 1.074002 -14.000000
v 10.370668 1.088074 -14.000000
v 10.384874 1.074002 -14.000000
v 10.582118 0.000000 -13.783222
v 10.003344 0.000000 -13.297573
v 9.984666 0.515279 -13.281900
v 10.600796 0.515279 -13.798895
v 10.622570 0.122935 -13.817165
v 9.962892 0.122935 -13.263630
v 10.059160 0.710800 -13.344409
v 10.064701 0.717964 -13.349058
v 10.526301 0.710800 -13.736386
v 10.520761 0.717964 -13.731738
v 9.908933 0.000000 -13.492461
v 9.909657 0.000000 -13.500734
v 9.976644 0.684827 -13.490705
v 9.971358 0.677891 -13.495302
v 9.970641 0.677891 -13.487096
v 9.890762 0.515279 -13.493979
v 9.891499 0.515279 -13.502396
v 10.398312 0.000000 -13.910765
v 10.406585 0.000000 -13.910041
v 10.392947 0.677891 -13.849056
v 10.396556 0.684827 -13.843054
v 10.401153 0.677891 -13.848339
v 10.408246 0.515279 -13.928199
v 10.399829 0.515279 -13.928935
v 10.187150 0.000000 -13.170031
v 10.178876 0.000000 -13.170754
v 10.192514 0.677891 -13.231739
v 10.188906 0.684827 -13.237741
v 10.184309 0.677891 -13.232457
v 10.177216 0.515279 -13.152596
v 10.185633 0.515279 -13.151860
v 10.676529 0.000000 -13.588335
v 10.675805 0.000000 -13.580061
v 10.182282 0.122935 -13.114158
v 10.173967 0.122935 -13.114885
v 10.732402 0.122935 -13.583467
v 10.731674 0.122935 -13.575152
v 10.403179 0.122935 -13.966638
v 10.411493 0.122935 -13.965911
v 10.608818 0.684827 -13.590090
v 10.614103 0.677891 -13.585493
v 10.614820 0.677891 -13.593699
v 10.693963 0.515279 -13.578400
v 10.694699 0.515279 -13.586818
v 9.853787 0.122935 -13.505643
v 9.853060 0.122935 -13.497329
v 10.211576 0.122935 -13.876589
v 9.975739 0.122935 -13.678699
v 10.373886 0.122935 -13.204206
v 10.609722 0.122935 -13.402096
v 10.410112 0.774049 -13.638893
v 10.175349 0.774049 -13.441902
v 9.994858 0.515279 -13.656310
v 10.230305 0.515279 -13.853873
v 10.590604 0.515279 -13.424485
v 10.355157 0.515279 -13.226922
v 10.009258 0.000000 -13.638596
v 10.245249 0.000000 -13.836616
v 10.576203 0.000000 -13.442200
v 10.340213 0.000000 -13.244180
v 10.057547 0.708911 -13.580976
v 10.293609 0.708911 -13.779056
v 10.288976 0.701871 -13.784555
v 10.052935 0.701871 -13.586493
v 10.527915 0.708911 -13.499820
v 10.291853 0.708911 -13.301741
v 10.296486 0.701871 -13.296241
v 10.532527 0.701871 -13.494302
v 9.906714 0.000000 -14.292183
v 9.221967 0.000000 -14.611486
v 9.199868 0.368056 -14.621791
v 9.928813 0.368056 -14.281878
v 9.954574 0.087811 -14.269866
v 9.174108 0.087811 -14.633803
v 9.288004 0.507714 -14.580692
v 9.294559 0.512832 -14.577637
v 9.840677 0.507714 -14.322977
v 9.834123 0.512832 -14.326034
v 9.358695 0.000000 -14.779415
v 9.366499 0.000000 -14.782255
v 9.385719 0.489162 -14.717306
v 9.387652 0.484208 -14.724038
v 9.379911 0.484208 -14.721221
v 9.352391 0.368056 -14.796524
v 9.360331 0.368056 -14.799414
v 9.944628 0.000000 -14.512670
v 9.947468 0.000000 -14.504866
v 9.886434 0.484208 -14.491453
v 9.882519 0.489162 -14.485645
v 9.889251 0.484208 -14.483712
v 9.964626 0.368056 -14.511034
v 9.961737 0.368056 -14.518974
v 9.184053 0.000000 -14.391000
v 9.181213 0.000000 -14.398804
v 9.242248 0.484208 -14.412216
v 9.246162 0.489162 -14.418024
v 9.239430 0.484208 -14.419957
v 9.164055 0.368056 -14.392635
v 9.166945 0.368056 -14.384696
v 9.769986 0.000000 -14.124254
v 9.762182 0.000000 -14.121414
v 9.131358 0.087811 -14.371799
v 9.128504 0.087811 -14.379641
v 9.789187 0.087811 -14.071559
v 9.781344 0.087811 -14.068705
v 9.997323 0.087811 -14.531871
v 10.000177 0.087811 -14.524029
v 9.742961 0.489162 -14.186363
v 9.741029 0.484208 -14.179631
v 9.748769 0.484208 -14.182448
v 9.768351 0.368056 -14.104256
v 9.776290 0.368056 -14.107145
v 9.347336 0.087811 -14.834965
v 9.339494 0.087811 -14.832110
v 9.834736 0.087811 -14.667467
v 9.555718 0.087811 -14.797575
v 9.293945 0.087811 -14.236202
v 9.572963 0.087811 -14.106094
v 9.703216 0.552892 -14.387076
v 9.425466 0.552892 -14.516593
v 9.543506 0.368056 -14.770786
v 9.822063 0.368056 -14.640893
v 9.585175 0.368056 -14.132883
v 9.306618 0.368056 -14.262776
v 9.533538 0.000000 -14.750248
v 9.812738 0.000000 -14.620055
v 9.595143 0.000000 -14.153421
v 9.315943 0.000000 -14.283614
v 9.501723 0.506365 -14.682133
v 9.781009 0.506365 -14.551900
v 9.784035 0.501336 -14.558424
v 9.504775 0.501336 -14.688644
v 9.626958 0.506365 -14.221537
v 9.347672 0.506365 -14.351769
v 9.344646 0.501336 -14.345245
v 9.623906 0.501336 -14.215025
v 9.825056 0.000000 -13.792021
v 9.291154 0.000000 -13.344024
v 9.266939 0.325258 -13.323706
v 9.849271 0.325258 -13.812340
v 9.290102 0.113840 -13.887417
v 9.826109 0.113840 -13.248628
v 9.558105 0.580800 -13.568023
v 9.877500 0.113840 -13.836026
v 9.313788 0.325258 -13.859188
v 9.238711 0.113840 -13.300018
v 9.802423 0.325258 -13.276856
v 9.334106 0.000000 -13.834973
v 9.782104 0.000000 -13.301071
v 9.363517 0.506315 -13.404743
v 9.370699 0.512949 -13.410770
v 9.752694 0.506315 -13.731301
v 9.745511 0.512949 -13.725275
v 9.168757 0.000000 -13.596682
v 9.169695 0.000000 -13.607408
v 9.256539 0.482264 -13.594406
v 9.249688 0.475840 -13.600366
v 9.248757 0.475840 -13.589727
v 9.145201 0.325258 -13.598649
v 9.146155 0.325258 -13.609561
v 9.586764 0.000000 -13.957371
v 9.597490 0.000000 -13.956432
v 9.579810 0.475840 -13.877371
v 9.584489 0.482264 -13.869589
v 9.590448 0.475840 -13.876440
v 9.599644 0.325258 -13.979973
v 9.588732 0.325258 -13.980927
v 9.529446 0.000000 -13.178674
v 9.518720 0.000000 -13.179612
v 9.536401 0.475840 -13.258675
v 9.531722 0.482264 -13.266457
v 9.525763 0.475840 -13.259605
v 9.516566 0.325258 -13.156073
v 9.527479 0.325258 -13.155118
v 9.947453 0.000000 -13.539363
v 9.946515 0.000000 -13.528637
v 9.523135 0.113840 -13.106238
v 9.512356 0.113840 -13.107182
v 10.019889 0.113840 -13.533052
v 10.018946 0.113840 -13.522273
v 9.593076 0.113840 -14.029806
v 9.603854 0.113840 -14.028863
v 9.859672 0.482264 -13.541638
v 9.866523 0.475840 -13.535680
v 9.867454 0.475840 -13.546318
v 9.970056 0.325258 -13.526484
v 9.971010 0.325258 -13.537395
v 9.097264 0.113840 -13.613771
v 9.096321 0.113840 -13.602992
v 9.400853 0.512949 -13.755428
v 9.394826 0.506315 -13.762610
v 9.715358 0.512949 -13.380616
v 9.721384 0.506315 -13.373434
v 10.832602 0.000000 -14.150374
v 10.361354 0.000000 -14.024103
v 10.339981 0.227681 -14.018376
v 10.853975 0.227681 -14.156101
v 10.521440 0.079688 -14.369152
v 10.672516 0.079688 -13.805326
v 10.596978 0.406560 -14.087238
v 10.878891 0.079688 -14.162777
v 10.528115 0.227681 -14.344235
v 10.315064 0.079688 -14.011701
v 10.665840 0.227681 -13.830241
v 10.533842 0.000000 -14.322863
v 10.660113 0.000000 -13.851615
v 10.425224 0.354421 -14.041218
v 10.431564 0.359065 -14.042916
v 10.768731 0.354421 -14.133260
v 10.762391 0.359065 -14.131561
v 10.358448 0.000000 -14.220603
v 10.362216 0.000000 -14.227130
v 10.413465 0.337585 -14.193190
v 10.410881 0.333088 -14.198997
v 10.407144 0.333088 -14.192524
v 10.344085 0.227681 -14.228820
v 10.347919 0.227681 -14.235460
v 10.730342 0.000000 -14.325768
v 10.736869 0.000000 -14.322001
v 10.702263 0.333088 -14.277073
v 10.702929 0.337585 -14.270752
v 10.708736 0.333088 -14.273335
v 10.745199 0.227681 -14.336298
v 10.738559 0.227681 -14.340132
v 10.463614 0.000000 -13.848709
v 10.457087 0.000000 -13.852477
v 10.491693 0.333088 -13.897405
v 10.491027 0.337585 -13.903726
v 10.485219 0.333088 -13.901142
v 10.448756 0.227681 -13.838180
v 10.455397 0.227681 -13.834346
v 10.835508 0.000000 -13.953875
v 10.831739 0.000000 -13.947348
v 10.438182 0.079688 -13.804622
v 10.431623 0.079688 -13.808409
v 10.879595 0.079688 -13.928442
v 10.875809 0.079688 -13.921883
v 10.755774 0.079688 -14.369856
v 10.762334 0.079688 -14.366069
v 10.780491 0.337585 -13.981288
v 10.783074 0.333088 -13.975480
v 10.786812 0.333088 -13.981954
v 10.846037 0.227681 -13.939017
v 10.849871 0.227681 -13.945658
v 10.318148 0.079688 -14.252594
v 10.314361 0.079688 -14.246035
v 10.552655 0.359065 -14.252652
v 10.550957 0.354421 -14.258992
v 10.641300 0.359065 -13.921825
v 10.642999 0.354421 -13.915485
v 9.921013 0.000000 -14.737310
v 10.192542 0.000000 -14.465781
v 10.204857 0.179206 -14.453466
v 9.908698 0.179206 -14.749625
v 9.894341 0.062722 -14.439110
v 10.219213 0.062722 -14.763981
v 10.056777 0.320000 -14.601545
v 9.894341 0.062722 -14.763981
v 9.908698 0.179206 -14.453466
v 10.219213 0.062722 -14.439110
v 10.204857 0.179206 -14.749625
v 9.921013 0.000000 -14.465781
v 10.192542 0.000000 -14.737310
v 10.155740 0.278962 -14.502583
v 10.152087 0.282617 -14.506235
v 9.957814 0.278962 -14.700508
v 9.961468 0.282617 -14.696856
v 10.059743 0.000000 -14.386469
v 10.053811 0.000000 -14.386469
v 10.056777 0.265710 -14.434759
v 10.053836 0.262171 -14.430712
v 10.059719 0.262171 -14.430712
v 10.059795 0.179206 -14.373445
v 10.053760 0.179206 -14.373445
v 9.841701 0.000000 -14.598579
v 9.841701 0.000000 -14.604511
v 9.885944 0.262171 -14.598603
v 9.889991 0.265710 -14.601545
v 9.885944 0.262171 -14.604487
v 9.828676 0.179206 -14.604563
v 9.828676 0.179206 -14.598528
v 10.271854 0.000000 -14.604511
v 10.271854 0.000000 -14.598579
v 10.227611 0.262171 -14.604487
v 10.223564 0.265710 -14.601545
v 10.227611 0.262171 -14.598603
v 10.284878 0.179206 -14.598528
v 10.284878 0.179206 -14.604563
v 10.053811 0.000000 -14.816622
v 10.059743 0.000000 -14.816622
v 10.311914 0.062722 -14.604527
v 10.311914 0.062722 -14.598565
v 10.053797 0.062722 -14.856683
v 10.059758 0.062722 -14.856683
v 9.801640 0.062722 -14.598565
v 9.801640 0.062722 -14.604527
v 10.056777 0.265710 -14.768332
v 10.059719 0.262171 -14.772379
v 10.053836 0.262171 -14.772379
v 10.059795 0.179206 -14.829646
v 10.053760 0.179206 -14.829646
v 10.053797 0.062722 -14.346408
v 10.059758 0.062722 -14.346408
v 9.961468 0.282617 -14.506235
v 9.957814 0.278962 -14.502583
v 10.152087 0.282617 -14.696856
v 10.155740 0.278962 -14.700508
v 9.490126 0.458123 -14.490067
v 9.652545 0.565232 -14.327648
v 9.624566 0.677284 -14.355627
v 9.447414 0.560460 -14.532779
v 9.451757 0.549195 -14.314021
v 9.666172 0.549195 -14.528436
v 9.508221 0.703090 -14.471972
v 9.461802 0.485120 -14.518392
v 9.438258 0.618872 -14.346470
v 9.656128 0.613270 -14.324065
v 9.633722 0.618872 -14.541935
v 9.481730 0.511677 -14.319253
v 9.660940 0.511677 -14.498463
v 9.575511 0.717579 -14.404682
v 9.572605 0.718325 -14.407588
v 9.457119 0.639505 -14.523073
v 9.458584 0.643132 -14.521609
v 9.566551 0.554682 -14.273648
v 9.562819 0.553512 -14.273465
v 9.513772 0.703511 -14.356341
v 9.512494 0.701612 -14.353007
v 9.516195 0.702772 -14.353189
v 9.530836 0.664456 -14.300802
v 9.527040 0.663265 -14.300615
v 9.435943 0.469842 -14.400342
v 9.436127 0.468672 -14.404074
v 9.412067 0.635385 -14.453434
v 9.414006 0.637720 -14.456107
v 9.412250 0.634224 -14.457135
v 9.392590 0.573288 -14.439049
v 9.392403 0.574478 -14.435252
v 9.706728 0.553512 -14.417374
v 9.706545 0.554682 -14.413642
v 9.627186 0.701612 -14.467699
v 9.623852 0.703511 -14.466421
v 9.627004 0.702772 -14.463998
v 9.679391 0.664456 -14.449357
v 9.679578 0.663265 -14.453154
v 9.576119 0.468672 -14.544066
v 9.579851 0.469842 -14.544250
v 9.719559 0.598929 -14.430992
v 9.719375 0.600105 -14.427241
v 9.564978 0.498286 -14.581638
v 9.568728 0.499462 -14.581822
v 9.398370 0.499462 -14.411465
v 9.398555 0.498286 -14.415215
v 9.524086 0.637720 -14.566187
v 9.526759 0.635385 -14.568125
v 9.523058 0.634224 -14.567944
v 9.544941 0.574478 -14.587790
v 9.541144 0.573288 -14.587604
v 9.549201 0.598929 -14.260634
v 9.552951 0.600105 -14.260818
v 9.452690 0.680728 -14.401694
v 9.451000 0.678542 -14.398562
v 9.578499 0.680728 -14.527503
v 9.581631 0.678542 -14.529193
v 10.583875 0.295636 -14.179239
v 10.662677 0.295636 -13.962734
v 10.666250 0.403160 -13.952915
v 10.580301 0.403160 -14.189059
v 10.493756 0.333270 -14.023846
v 10.752795 0.333270 -14.118128
v 10.623276 0.487636 -14.070987
v 10.576135 0.333270 -14.200506
v 10.505204 0.403160 -14.028012
v 10.670417 0.333270 -13.941468
v 10.741348 0.403160 -14.113961
v 10.515023 0.295636 -14.031587
v 10.731528 0.295636 -14.110388
v 10.651997 0.463013 -13.992079
v 10.650936 0.465206 -13.994991
v 10.594556 0.463013 -14.149896
v 10.595615 0.465206 -14.146983
v 10.570352 0.295636 -13.953279
v 10.567125 0.295636 -13.954783
v 10.580983 0.455063 -13.980290
v 10.578358 0.452939 -13.978836
v 10.581557 0.452939 -13.977345
v 10.567077 0.403160 -13.946184
v 10.563795 0.403160 -13.947715
v 10.505569 0.295636 -14.123911
v 10.507072 0.295636 -14.127137
v 10.529634 0.452939 -14.112705
v 10.532579 0.455063 -14.113279
v 10.531125 0.452939 -14.115905
v 10.500003 0.403160 -14.130467
v 10.498473 0.403160 -14.127186
v 10.740983 0.295636 -14.018063
v 10.739479 0.295636 -14.014837
v 10.716918 0.452939 -14.029268
v 10.713972 0.455063 -14.028695
v 10.715426 0.452939 -14.026069
v 10.746549 0.403160 -14.011506
v 10.748078 0.403160 -14.014789
v 10.676200 0.295636 -14.188695
v 10.679426 0.295636 -14.187190
v 10.762772 0.333270 -14.007913
v 10.761260 0.333270 -14.004671
v 10.686350 0.333270 -14.210483
v 10.689592 0.333270 -14.208971
v 10.483780 0.333270 -14.134062
v 10.485291 0.333270 -14.137303
v 10.665568 0.455063 -14.161683
v 10.668194 0.452939 -14.163137
v 10.664994 0.452939 -14.164630
v 10.682756 0.403160 -14.194260
v 10.679475 0.403160 -14.195789
v 10.556959 0.333270 -13.933003
v 10.560202 0.333270 -13.931491
v 10.547280 0.465206 -14.043326
v 10.544367 0.463013 -14.042267
v 10.699271 0.465206 -14.098647
v 10.702185 0.463013 -14.099708
v 9.428760 0.423631 -13.855112
v 9.542359 0.423631 -13.611497
v 9.547511 0.611797 -13.600448
v 9.423607 0.611797 -13.866161
v 9.339823 0.489489 -13.665346
v 9.631296 0.489489 -13.801263
v 9.485559 0.759631 -13.733304
v 9.417601 0.489489 -13.879042
v 9.352703 0.611797 -13.671352
v 9.553517 0.489489 -13.587567
v 9.618416 0.611797 -13.795257
v 9.363751 0.423631 -13.676504
v 9.607368 0.423631 -13.790104
v 9.526962 0.716541 -13.644515
v 9.525434 0.720379 -13.647793
v 9.444157 0.716541 -13.822094
v 9.445684 0.720379 -13.818816
v 9.436018 0.423631 -13.591120
v 9.432116 0.423631 -13.592541
v 9.445628 0.702627 -13.623594
v 9.442724 0.698911 -13.621637
v 9.446594 0.698911 -13.620229
v 9.432934 0.611797 -13.582541
v 9.428964 0.611797 -13.583985
v 9.343375 0.423631 -13.782845
v 9.344795 0.423631 -13.786748
v 9.372483 0.698911 -13.772269
v 9.375850 0.702627 -13.773235
v 9.373892 0.698911 -13.776139
v 9.336241 0.611797 -13.789900
v 9.334796 0.611797 -13.785930
v 9.627744 0.423631 -13.683764
v 9.626324 0.423631 -13.679861
v 9.598636 0.698911 -13.694340
v 9.595269 0.702627 -13.693374
v 9.597227 0.698911 -13.690470
v 9.634878 0.611797 -13.676709
v 9.636323 0.611797 -13.680679
v 9.535101 0.423631 -13.875489
v 9.539003 0.423631 -13.874068
v 9.654099 0.489489 -13.674182
v 9.652671 0.489489 -13.670260
v 9.544683 0.489489 -13.901843
v 9.548604 0.489489 -13.900416
v 9.317020 0.489489 -13.792427
v 9.318447 0.489489 -13.796349
v 9.525491 0.702627 -13.843014
v 9.528395 0.698911 -13.844972
v 9.524525 0.698911 -13.846380
v 9.542155 0.611797 -13.882623
v 9.538185 0.611797 -13.884068
v 9.422515 0.489489 -13.566193
v 9.426436 0.489489 -13.564765
v 9.400047 0.720379 -13.693430
v 9.396770 0.716541 -13.691901
v 9.571072 0.720379 -13.773179
v 9.574348 0.716541 -13.774708
v 9.214409 0.000000 -14.027973
v 9.485938 0.000000 -13.756445
v 9.498253 0.322570 -13.744129
v 9.202094 0.322570 -14.040289
v 9.187737 0.112900 -13.729774
v 9.512609 0.112900 -14.054645
v 9.350173 0.576000 -13.892209
v 9.187737 0.112900 -14.054645
v 9.202094 0.322570 -13.744130
v 9.512609 0.112900 -13.729774
v 9.498253 0.322570 -14.040289
v 9.214409 0.000000 -13.756445
v 9.485938 0.000000 -14.027973
v 9.449136 0.502131 -13.793246
v 9.445483 0.508710 -13.796899
v 9.251211 0.502131 -13.991172
v 9.254864 0.508710 -13.987519
v 9.353140 0.000000 -13.677133
v 9.347207 0.000000 -13.677133
v 9.350173 0.478278 -13.725422
v 9.347232 0.471908 -13.721375
v 9.353115 0.471908 -13.721375
v 9.353191 0.322570 -13.664108
v 9.347156 0.322570 -13.664108
v 9.135097 0.000000 -13.889243
v 9.135097 0.000000 -13.895175
v 9.179340 0.471908 -13.889267
v 9.183387 0.478278 -13.892209
v 9.179340 0.471908 -13.895151
v 9.122073 0.322570 -13.895226
v 9.122073 0.322570 -13.889192
v 9.565250 0.000000 -13.895175
v 9.565250 0.000000 -13.889243
v 9.521007 0.471908 -13.895151
v 9.516960 0.478278 -13.892209
v 9.521007 0.471908 -13.889267
v 9.578274 0.322570 -13.889192
v 9.578274 0.322570 -13.895226
v 9.347207 0.000000 -14.107285
v 9.353140 0.000000 -14.107285
v 9.605310 0.112900 -13.895190
v 9.605310 0.112900 -13.889228
v 9.347193 0.112900 -14.147346
v 9.353154 0.112900 -14.147346
v 9.095037 0.112900 -13.889229
v 9.095037 0.112900 -13.895190
v 9.350173 0.478278 -14.058996
v 9.353115 0.471908 -14.063043
v 9.347232 0.471908 -14.063043
v 9.353191 0.322570 -14.120310
v 9.347156 0.322570 -14.120310
v 9.347193 0.112900 -13.637072
v 9.353154 0.112900 -13.637072
v 9.254864 0.508710 -13.796899
v 9.251211 0.502131 -13.793246
v 9.445483 0.508710 -13.987519
v 9.449136 0.502131 -13.991172
v 9.664927 0.000000 -13.377677
v 10.047465 0.000000 -13.344209
v 10.064815 0.322570 -13.342691
v 9.647576 0.322570 -13.379194
v 9.836174 0.112900 -13.132098
v 9.876217 0.112900 -13.589787
v 9.856195 0.576000 -13.360943
v 9.627351 0.112900 -13.380964
v 9.837944 0.322570 -13.152324
v 10.085040 0.112900 -13.340921
v 9.874448 0.322570 -13.569562
v 9.839462 0.000000 -13.169674
v 9.872930 0.000000 -13.552213
v 9.995618 0.502131 -13.348745
v 9.990471 0.508710 -13.349195
v 9.716774 0.502131 -13.373140
v 9.721920 0.508710 -13.372690
v 9.996716 0.000000 -13.198092
v 9.992172 0.000000 -13.194278
v 9.963405 0.478278 -13.233177
v 9.963752 0.471908 -13.228186
v 9.968259 0.471908 -13.231968
v 10.005128 0.322570 -13.188148
v 10.000504 0.322570 -13.184268
v 9.693344 0.000000 -13.220422
v 9.689530 0.000000 -13.224966
v 9.727221 0.471908 -13.248879
v 9.728430 0.478278 -13.253735
v 9.723439 0.471908 -13.253386
v 9.679521 0.322570 -13.216635
v 9.683400 0.322570 -13.212011
v 10.019048 0.000000 -13.501464
v 10.022861 0.000000 -13.496920
v 9.985170 0.471908 -13.473006
v 9.983962 0.478278 -13.468151
v 9.988953 0.471908 -13.468499
v 10.032870 0.322570 -13.505252
v 10.028992 0.322570 -13.509874
v 9.715675 0.000000 -13.523795
v 9.720220 0.000000 -13.527608
v 10.049726 0.112900 -13.527225
v 10.053558 0.112900 -13.522658
v 9.689913 0.112900 -13.554474
v 9.694480 0.112900 -13.558306
v 9.662665 0.112900 -13.194660
v 9.658834 0.112900 -13.199227
v 9.748987 0.478278 -13.488708
v 9.748640 0.471908 -13.493700
v 9.744133 0.471908 -13.489918
v 9.711887 0.322570 -13.537618
v 9.707264 0.322570 -13.533738
v 10.017912 0.112900 -13.163580
v 10.022478 0.112900 -13.167413
v 9.844448 0.508710 -13.226667
v 9.843998 0.502131 -13.221521
v 9.867944 0.508710 -13.495218
v 9.868394 0.502131 -13.500364
v 10.122753 0.704401 -13.586609
v 10.201555 0.704401 -13.370104
v 10.205129 0.811924 -13.360285
v 10.119180 0.811924 -13.596428
v 10.032635 0.742034 -13.431215
v 10.291674 0.742034 -13.525497
v 10.162154 0.896401 -13.478356
v 10.115013 0.742034 -13.607876
v 10.044083 0.811924 -13.435382
v 10.209295 0.742034 -13.348837
v 10.280226 0.811924 -13.521331
v 10.053902 0.704401 -13.438955
v 10.270407 0.704401 -13.517757
v 10.190874 0.871778 -13.399447
v 10.189815 0.873971 -13.402361
v 10.133434 0.871778 -13.557264
v 10.134494 0.873971 -13.554352
v 10.109230 0.704401 -13.360649
v 10.106004 0.704401 -13.362153
v 10.119862 0.863827 -13.387660
v 10.117236 0.861704 -13.386206
v 10.120436 0.861704 -13.384714
v 10.105955 0.811924 -13.353554
v 10.102674 0.811924 -13.355083
v 10.044447 0.704401 -13.531281
v 10.045951 0.704401 -13.534507
v 10.068512 0.861704 -13.520075
v 10.071458 0.863827 -13.520649
v 10.070004 0.861704 -13.523274
v 10.038881 0.811924 -13.537837
v 10.037352 0.811924 -13.534555
v 10.279861 0.704401 -13.425432
v 10.278358 0.704401 -13.422206
v 10.255796 0.861704 -13.436638
v 10.252851 0.863827 -13.436064
v 10.254305 0.861704 -13.433438
v 10.285427 0.811924 -13.418876
v 10.286957 0.811924 -13.422157
v 10.215078 0.704401 -13.596064
v 10.218305 0.704401 -13.594560
v 10.301650 0.742034 -13.415282
v 10.300138 0.742034 -13.412040
v 10.225228 0.742034 -13.617852
v 10.228471 0.742034 -13.616341
v 10.022658 0.742034 -13.541430
v 10.024170 0.742034 -13.544673
v 10.204447 0.863827 -13.569053
v 10.207072 0.861704 -13.570507
v 10.203873 0.861704 -13.571999
v 10.221635 0.811924 -13.601629
v 10.218353 0.811924 -13.603159
v 10.095838 0.742034 -13.340372
v 10.099080 0.742034 -13.338861
v 10.086159 0.873971 -13.450696
v 10.083245 0.871778 -13.449636
v 10.238150 0.873971 -13.506017
v 10.241063 0.871778 -13.507076
v 10.075366 1.125398 -13.914309
v 10.164226 1.030836 -13.670171
v 10.183349 1.147794 -13.617629
v 10.086430 1.250934 -13.883912
v 9.969656 1.120553 -13.721156
v 10.280501 1.120553 -13.834294
v 10.146748 1.294622 -13.718190
v 10.071921 1.177123 -13.923776
v 9.993203 1.199364 -13.699202
v 10.178236 1.063984 -13.631676
v 10.276576 1.199364 -13.802341
v 9.989893 1.078117 -13.744959
v 10.249699 1.078117 -13.839520
v 10.175677 1.232392 -13.638707
v 10.174789 1.236137 -13.641146
v 10.110906 1.301321 -13.816667
v 10.112409 1.302522 -13.812536
v 10.053997 1.040150 -13.657281
v 10.050188 1.041183 -13.658916
v 10.089673 1.228849 -13.626730
v 10.086212 1.226262 -13.625835
v 10.089990 1.225237 -13.624215
v 10.065023 1.159120 -13.607676
v 10.061149 1.160171 -13.609338
v 9.980774 1.115052 -13.849629
v 9.982641 1.116085 -13.853329
v 10.031269 1.284731 -13.776791
v 10.035091 1.286933 -13.776692
v 10.033121 1.285756 -13.780460
v 9.989389 1.239608 -13.815479
v 9.987490 1.238557 -13.811715
v 10.258818 1.041183 -13.734850
v 10.256950 1.040150 -13.731151
v 10.252485 1.226262 -13.686354
v 10.249259 1.228849 -13.684814
v 10.250633 1.225237 -13.682684
v 10.280390 1.159120 -13.686062
v 10.282290 1.160171 -13.689826
v 10.185595 1.116085 -13.927197
v 10.189404 1.115052 -13.925564
v 10.289825 1.076646 -13.709311
v 10.287949 1.075608 -13.705593
v 10.203479 1.165499 -13.937673
v 10.207306 1.164461 -13.936031
v 9.960332 1.164461 -13.846140
v 9.962209 1.165499 -13.849858
v 10.194677 1.286933 -13.834777
v 10.197542 1.284731 -13.837309
v 10.193765 1.285756 -13.838929
v 10.208630 1.238557 -13.892203
v 10.204755 1.239608 -13.893866
v 10.042851 1.076646 -13.619420
v 10.046679 1.075608 -13.617778
v 10.052404 1.269330 -13.693648
v 10.048601 1.266857 -13.693222
v 10.234794 1.269330 -13.760034
v 10.237982 1.266857 -13.762152
v 9.938116 1.151125 -14.007969
v 9.993068 1.165181 -13.856992
v 9.993316 1.240799 -13.856309
v 9.933380 1.225467 -14.020980
v 9.874144 1.184396 -13.901639
v 10.055470 1.184396 -13.967636
v 9.961585 1.292042 -13.943487
v 9.931933 1.175987 -14.024956
v 9.880698 1.233133 -13.908562
v 9.997680 1.192805 -13.844319
v 10.045999 1.233133 -13.968727
v 9.889815 1.158153 -13.904900
v 10.041368 1.158153 -13.960060
v 9.982127 1.279994 -13.887050
v 9.981342 1.281334 -13.889207
v 9.942072 1.269748 -13.997102
v 9.942765 1.271466 -13.995196
v 9.928460 1.163797 -13.850316
v 9.926205 1.163643 -13.851363
v 9.932596 1.273644 -13.878310
v 9.930802 1.272192 -13.877172
v 9.933040 1.272344 -13.876133
v 9.923920 1.239115 -13.851528
v 9.921625 1.238959 -13.852592
v 9.883279 1.152663 -13.969302
v 9.884334 1.152509 -13.971554
v 9.896825 1.263500 -13.970523
v 9.898843 1.265010 -13.971047
v 9.897871 1.263348 -13.972756
v 9.877147 1.227151 -13.980036
v 9.876073 1.227307 -13.977744
v 10.047905 1.163643 -13.895658
v 10.046850 1.163797 -13.893407
v 10.027795 1.272192 -13.912474
v 10.025688 1.273644 -13.912192
v 10.026748 1.272344 -13.910240
v 10.049550 1.239115 -13.897253
v 10.050623 1.238959 -13.899545
v 10.002723 1.152509 -14.014644
v 10.004979 1.152663 -14.013597
v 10.062356 1.190923 -13.890753
v 10.061296 1.191077 -13.888491
v 10.009059 1.177715 -14.032010
v 10.011326 1.177869 -14.030958
v 9.867257 1.177869 -13.978522
v 9.868318 1.177715 -13.980785
v 9.991934 1.265010 -14.004930
v 9.993817 1.263500 -14.005825
v 9.991580 1.263348 -14.006864
v 10.005072 1.227307 -14.024696
v 10.002777 1.227151 -14.025761
v 9.918287 1.190923 -13.838317
v 9.920554 1.191077 -13.837265
v 9.908856 1.276400 -13.922839
v 9.906863 1.274871 -13.921971
v 10.015250 1.276400 -13.961564
v 10.017335 1.274871 -13.962180
v 10.242061 0.715356 -13.651466
v 10.360539 0.715356 -13.510269
v 10.365913 0.801375 -13.503865
v 10.236688 0.801375 -13.657870
v 10.216832 0.745463 -13.509991
v 10.385768 0.745463 -13.651745
v 10.301300 0.868956 -13.580868
v 10.230423 0.745463 -13.665336
v 10.224298 0.801375 -13.516255
v 10.372177 0.745463 -13.496400
v 10.378303 0.801375 -13.645481
v 10.230701 0.715356 -13.521629
v 10.371899 0.715356 -13.640107
v 10.344481 0.849258 -13.529407
v 10.342888 0.851012 -13.531306
v 10.258119 0.849258 -13.632330
v 10.259713 0.851012 -13.630430
v 10.293721 0.715356 -13.477900
v 10.290884 0.715356 -13.478148
v 10.294323 0.842897 -13.501115
v 10.292747 0.841198 -13.499303
v 10.295560 0.841198 -13.499057
v 10.293200 0.801375 -13.471670
v 10.290315 0.801375 -13.471923
v 10.198332 0.715356 -13.588448
v 10.198581 0.715356 -13.591284
v 10.219489 0.841198 -13.586608
v 10.221547 0.842897 -13.587846
v 10.219735 0.841198 -13.589421
v 10.192355 0.801375 -13.591854
v 10.192102 0.801375 -13.588967
v 10.404268 0.715356 -13.573289
v 10.404020 0.715356 -13.570452
v 10.383111 0.841198 -13.575129
v 10.381053 0.842897 -13.573891
v 10.382865 0.841198 -13.572314
v 10.410246 0.801375 -13.569882
v 10.410499 0.801375 -13.572768
v 10.308880 0.715356 -13.683836
v 10.311716 0.715356 -13.683588
v 10.423425 0.745463 -13.571620
v 10.423176 0.745463 -13.568769
v 10.310549 0.745463 -13.702992
v 10.313399 0.745463 -13.702744
v 10.179175 0.745463 -13.590117
v 10.179425 0.745463 -13.592967
v 10.308278 0.842897 -13.660622
v 10.309854 0.841198 -13.662433
v 10.307040 0.841198 -13.662680
v 10.312285 0.801375 -13.689814
v 10.309400 0.801375 -13.690066
v 10.289202 0.745463 -13.458993
v 10.292052 0.745463 -13.458744
v 10.251739 0.851012 -13.539281
v 10.249839 0.849258 -13.537687
v 10.350863 0.851012 -13.622456
v 10.352762 0.849258 -13.624049
v 10.153038 1.019762 -14.301294
v 10.229154 1.079394 -14.092166
v 10.240778 1.184380 -14.114820
v 10.157757 1.119339 -14.342918
v 10.064285 1.108495 -14.167376
v 10.323626 1.062258 -14.248583
v 10.205688 1.232218 -14.254120
v 10.148421 1.049703 -14.333085
v 10.081058 1.172935 -14.191854
v 10.239491 1.121050 -14.082873
v 10.317477 1.130784 -14.265884
v 10.082717 1.068900 -14.162793
v 10.299475 1.030255 -14.230667
v 10.231558 1.230529 -14.170541
v 10.230700 1.231813 -14.174009
v 10.176075 1.187061 -14.322980
v 10.177265 1.189950 -14.320822
v 10.136994 1.088615 -14.086253
v 10.133796 1.088385 -14.087796
v 10.160018 1.231415 -14.159309
v 10.157222 1.230014 -14.157376
v 10.160395 1.230241 -14.155846
v 10.141821 1.193255 -14.111735
v 10.138566 1.193022 -14.113305
v 10.074335 1.041803 -14.251161
v 10.075871 1.040729 -14.254187
v 10.110157 1.193142 -14.286684
v 10.113263 1.194786 -14.287766
v 10.111681 1.192078 -14.289685
v 10.077033 1.142498 -14.289740
v 10.075470 1.143590 -14.286661
v 10.307856 1.057352 -14.142300
v 10.306319 1.058426 -14.139274
v 10.295944 1.205281 -14.200814
v 10.293161 1.207677 -14.201001
v 10.294420 1.206346 -14.197813
v 10.321502 1.161220 -14.167999
v 10.323065 1.160128 -14.171078
v 10.245196 1.010540 -14.307207
v 10.248396 1.010770 -14.305664
v 10.332325 1.094697 -14.143136
v 10.330781 1.095775 -14.140095
v 10.258424 1.039089 -14.338894
v 10.261639 1.039319 -14.337343
v 10.055587 1.076056 -14.272822
v 10.057131 1.074977 -14.275863
v 10.246407 1.171048 -14.329458
v 10.248879 1.168410 -14.330122
v 10.245707 1.168182 -14.331653
v 10.259969 1.110697 -14.344434
v 10.256714 1.110463 -14.346004
v 10.126273 1.131433 -14.078614
v 10.129488 1.131664 -14.077064
v 10.127898 1.224446 -14.223591
v 10.124816 1.222880 -14.222023
v 10.280067 1.197316 -14.271240
v 10.282817 1.194710 -14.271498
vn -0.5477 0.6326 0.5477
vn -0.5477 0.6325 -0.5477
vn 0.5477 0.6325 0.5477
vn 0.5477 0.6325 -0.5477
vn -0.6732 0.3062 0.6731
vn -0.7010 -0.1314 0.7010
vn 0.6433 -0.4151 -0.6433
vn 0.7010 -0.1314 -0.7010
vn -0.0000 0.7177 0.6964
vn -0.2360 0.6974 0.6767
vn -0.6342 0.4422 0.6342
vn -0.6731 0.3062 -0.6732
vn -0.6342 0.4422 -0.6342
vn 0.6731 0.3062 0.6732
vn 0.6342 0.4422 0.6342
vn -0.6433 -0.4151 -0.6433
vn -0.7010 -0.1314 -0.7010
vn 0.2360 0.6974 -0.6767
vn -0.0000 0.7177 -0.6964
vn 0.6433 -0.4151 0.6433
vn 0.7010 -0.1314 0.7010
vn 0.6732 0.3062 -0.6731
vn 0.6342 0.4422 -0.6342
vn -0.6433 -0.4151 0.6433
vn -0.6964 0.7177 -0.0000
vn -0.6767 0.6974 0.2360
vn -0.2360 0.6974 -0.6767
vn 0.6964 0.7177 -0.0000
vn 0.6767 0.6974 -0.2360
vn 0.2360 0.6974 0.6767
vn -0.6767 0.6974 -0.2360
vn 0.6767 0.6974 0.2360
vn 0.2535 0.2620 0.9312
vn 0.2346 0.4151 0.8790
vn -0.0000 0.4270 0.9042
vn -0.0000 0.2776 0.9607
vn -0.2346 0.4151 0.8790
vn -0.2535 0.2620 0.9312
vn 0.2932 0.9100 0.2932
vn 0.3067 0.9518 -0.0000
vn -0.0000 1.0000 -0.0000
vn -0.0000 0.9518 0.3067
vn -0.3067 0.9518 -0.0000
vn -0.2932 0.9100 0.2932
vn 0.2932 0.9100 -0.2932
vn -0.0000 0.9518 -0.3067
vn -0.0000 0.4270 -0.9042
vn 0.2346 0.4151 -0.8790
vn 0.2535 0.2620 -0.9312
vn -0.0000 0.2776 -0.9607
vn -0.2932 0.9100 -0.2932
vn -0.2346 0.4151 -0.8790
vn -0.2535 0.2620 -0.9312
vn -0.0000 -0.3856 0.9227
vn -0.0000 -0.1244 0.9922
vn -0.2574 -0.1145 0.9595
vn -0.2324 -0.3750 0.8974
vn -0.9595 -0.1145 0.2574
vn -0.9922 -0.1244 -0.0000
vn -0.9227 -0.3856 -0.0000
vn -0.8974 -0.3750 0.2324
vn -0.8790 0.4151 0.2346
vn -0.9042 0.4270 -0.0000
vn -0.9607 0.2776 -0.0000
vn -0.9312 0.2620 0.2535
vn -0.2324 -0.3750 -0.8974
vn -0.2574 -0.1145 -0.9595
vn -0.0000 -0.1244 -0.9922
vn -0.0000 -0.3856 -0.9227
vn -0.9595 -0.1145 -0.2574
vn -0.8974 -0.3750 -0.2324
vn -0.8790 0.4151 -0.2346
vn -0.9312 0.2620 -0.2535
vn 0.9227 -0.3856 -0.0000
vn 0.9922 -0.1244 -0.0000
vn 0.9595 -0.1145 0.2574
vn 0.8974 -0.3750 0.2324
vn 0.2324 -0.3750 0.8974
vn 0.2574 -0.1145 0.9595
vn 0.9042 0.4270 -0.0000
vn 0.8790 0.4151 0.2346
vn 0.9312 0.2620 0.2535
vn 0.9607 0.2776 -0.0000
vn 0.9595 -0.1145 -0.2574
vn 0.8974 -0.3750 -0.2324
vn 0.2574 -0.1145 -0.9595
vn 0.2324 -0.3750 -0.8974
vn 0.9312 0.2620 -0.2535
vn 0.8790 0.4151 -0.2346
vn -0.7716 0.6326 -0.0675
vn 0.0675 0.6326 -0.7716
vn -0.0675 0.6325 0.7716
vn 0.7716 0.6326 0.0675
vn -0.9582 0.2736 -0.0838
vn -0.9825 -0.1651 -0.0860
vn 0.9063 -0.4151 0.0793
vn 0.9825 -0.1651 0.0860
vn -0.5335 0.7177 0.4476
vn -0.6701 0.6974 0.2542
vn -0.8935 0.4422 -0.0782
vn 0.0838 0.2736 -0.9582
vn 0.0782 0.4422 -0.8935
vn -0.0838 0.2736 0.9582
vn -0.0782 0.4422 0.8935
vn 0.0793 -0.4151 -0.9063
vn 0.0860 -0.1651 -0.9825
vn 0.6701 0.6974 -0.2542
vn 0.5335 0.7177 -0.4476
vn -0.0793 -0.4151 0.9063
vn -0.0860 -0.1651 0.9825
vn 0.9582 0.2736 0.0838
vn 0.8935 0.4422 0.0782
vn -0.9063 -0.4151 -0.0793
vn 0.3667 0.6974 -0.6158
vn -0.3667 0.6974 0.6158
vn -0.5545 0.2346 0.7985
vn -0.5225 0.4151 0.7447
vn -0.6927 0.4270 0.5812
vn -0.7418 0.2498 0.6224
vn -0.8242 0.4151 0.3853
vn -0.8826 0.2346 0.4074
vn 0.6927 0.4270 -0.5812
vn 0.8242 0.4151 -0.3853
vn 0.8826 0.2346 -0.4074
vn 0.7418 0.2498 -0.6224
vn 0.5225 0.4151 -0.7447
vn 0.5545 0.2346 -0.7985
vn -0.7068 -0.3856 0.5931
vn -0.7571 -0.1520 0.6353
vn -0.8975 -0.1402 0.4181
vn -0.8369 -0.3750 0.3988
vn 0.5381 -0.3750 -0.7549
vn 0.5676 -0.1402 -0.8113
vn 0.7571 -0.1520 -0.6353
vn 0.7068 -0.3856 -0.5931
vn -0.5381 -0.3750 0.7549
vn -0.5676 -0.1402 0.8113
vn 0.8975 -0.1402 -0.4181
vn 0.8369 -0.3750 -0.3988
vn -0.5197 0.2526 -0.8162
vn -0.5326 -0.1556 -0.8320
vn -0.7268 -0.1556 -0.6690
vn -0.7135 0.2526 -0.6535
vn 0.5197 0.2526 0.8162
vn 0.5326 -0.1556 0.8320
vn 0.7268 -0.1556 0.6690
vn 0.7135 0.2526 0.6535
vn 0.4958 -0.3846 0.7786
vn 0.6807 -0.3846 0.6235
vn -0.4958 -0.3846 -0.7786
vn -0.6807 -0.3846 -0.6235
vn -0.3548 0.7121 -0.6058
vn -0.3527 0.7119 -0.6072
vn -0.5368 0.7119 -0.4528
vn -0.5350 0.7121 -0.4546
vn 0.3548 0.7121 0.6058
vn 0.3527 0.7119 0.6072
vn 0.5368 0.7119 0.4528
vn 0.5350 0.7121 0.4546
vn 0.3124 0.9389 0.1443
vn 0.1152 0.9886 -0.0966
vn -0.1152 0.9886 0.0966
vn 0.0879 0.9389 0.3327
vn -0.0879 0.9389 -0.3327
vn -0.3124 0.9389 -0.1443
vn -0.4887 0.4275 -0.7605
vn -0.6641 0.4275 -0.6134
vn 0.6641 0.4275 0.6134
vn 0.4887 0.4275 0.7605
vn -0.4074 0.2329 -0.8830
vn -0.4182 -0.1387 -0.8977
vn -0.8114 -0.1387 -0.5678
vn -0.7555 -0.3732 -0.5384
vn -0.7989 0.2329 -0.5545
vn -0.3990 -0.3732 -0.8375
vn 0.7989 0.2329 0.5545
vn 0.8114 -0.1387 0.5678
vn 0.4074 0.2329 0.8830
vn 0.4182 -0.1387 0.8977
vn 0.7555 -0.3732 0.5384
vn 0.3990 -0.3732 0.8375
vn 0.4048 0.9141 0.0232
vn 0.2354 0.9516 -0.1975
vn -0.0474 0.9141 0.4026
vn -0.2354 0.9516 0.1975
vn -0.4048 0.9141 -0.0232
vn 0.0474 0.9141 -0.4026
vn -0.3857 0.4103 -0.8264
vn -0.7468 0.4103 -0.5234
vn 0.3857 0.4103 0.8264
vn 0.7468 0.4103 0.5234
vn -0.2528 0.6993 -0.6686
vn -0.6146 0.6993 -0.3650
vn 0.2528 0.6993 0.6686
vn 0.6146 0.6993 0.3650
vn -0.2252 0.7527 -0.6186
vn 0.6186 0.7527 -0.2252
vn -0.6186 0.7527 0.2252
vn 0.2252 0.7527 0.6186
vn -0.3190 0.3608 -0.8764
vn -0.3340 -0.2153 -0.9177
vn 0.2882 -0.5383 0.7919
vn 0.3340 -0.2153 0.9176
vn -0.5163 0.8219 -0.2407
vn -0.4240 0.8061 -0.4128
vn -0.2815 0.5681 -0.7734
vn 0.8764 0.3608 -0.3190
vn 0.7733 0.5681 -0.2815
vn -0.8764 0.3608 0.3190
vn -0.7733 0.5681 0.2815
vn 0.7919 -0.5383 -0.2882
vn 0.9176 -0.2153 -0.3340
vn 0.4240 0.8061 0.4128
vn 0.5163 0.8219 0.2407
vn -0.7919 -0.5383 0.2882
vn -0.9177 -0.2153 0.3340
vn 0.3190 0.3608 0.8764
vn 0.2815 0.5681 0.7733
vn -0.2882 -0.5383 -0.7919
vn 0.5887 0.8061 0.0595
vn -0.5887 0.8061 -0.0595
vn -0.9384 0.3054 -0.1614
vn -0.8298 0.5383 -0.1471
vn -0.7560 0.5515 -0.3525
vn -0.8562 0.3279 -0.3992
vn -0.6461 0.5383 -0.5411
vn -0.7269 0.3054 -0.6151
vn 0.7560 0.5515 0.3525
vn 0.6461 0.5383 0.5411
vn 0.7269 0.3054 0.6151
vn 0.8562 0.3279 0.3992
vn 0.8298 0.5383 0.1471
vn 0.9384 0.3054 0.1614
vn -0.7823 -0.5050 -0.3648
vn -0.8884 -0.1979 -0.4143
vn -0.7531 -0.1794 -0.6329
vn -0.6712 -0.4928 -0.5537
vn 0.8556 -0.4928 0.1583
vn 0.9690 -0.1794 0.1701
vn 0.8884 -0.1979 0.4143
vn 0.7823 -0.5050 0.3648
vn -0.8556 -0.4928 -0.1583
vn -0.9690 -0.1794 -0.1701
vn 0.7531 -0.1794 0.6329
vn 0.6712 -0.4928 0.5537
vn 0.5068 0.3329 -0.7952
vn 0.5238 -0.2040 -0.8270
vn 0.2968 -0.2040 -0.9329
vn 0.2834 0.3329 -0.8994
vn -0.5068 0.3329 0.7952
vn -0.5238 -0.2040 0.8270
vn -0.2968 -0.2040 0.9329
vn -0.2834 0.3329 0.8994
vn -0.4654 -0.5038 0.7278
vn -0.2583 -0.5038 0.8243
vn 0.4654 -0.5038 -0.7278
vn 0.2583 -0.5038 -0.8243
vn 0.3296 0.8174 -0.4724
vn 0.3275 0.8176 -0.4736
vn 0.1523 0.8176 -0.5553
vn 0.1501 0.8174 -0.5561
vn -0.3296 0.8174 0.4724
vn -0.3275 0.8176 0.4736
vn -0.1523 0.8176 0.5553
vn -0.1501 0.8174 0.5561
vn 0.0003 0.9674 0.2531
vn 0.1005 0.9938 0.0469
vn -0.1005 0.9938 -0.0469
vn -0.1941 0.9674 0.1624
vn 0.1941 0.9674 -0.1624
vn -0.0003 0.9674 -0.2531
vn 0.4482 0.5515 -0.7035
vn 0.2508 0.5515 -0.7956
vn -0.2508 0.5515 0.7956
vn -0.4482 0.5515 0.7035
vn 0.6156 0.3038 -0.7272
vn 0.6331 -0.1774 -0.7534
vn 0.1702 -0.1774 -0.9693
vn 0.1584 -0.4908 -0.8568
vn 0.1614 0.3038 -0.9390
vn 0.5545 -0.4908 -0.6721
vn -0.1614 0.3038 0.9390
vn -0.1702 -0.1774 0.9693
vn -0.6156 0.3038 0.7272
vn -0.6331 -0.1774 0.7534
vn -0.1584 -0.4908 0.8568
vn -0.5545 -0.4908 0.6721
vn 0.1118 0.9533 0.2806
vn 0.2037 0.9744 0.0950
vn -0.2868 0.9533 0.0947
vn -0.2037 0.9744 -0.0950
vn -0.1118 0.9533 -0.2806
vn 0.2868 0.9533 -0.0947
vn 0.5437 0.5329 -0.6484
vn 0.1472 0.5329 -0.8332
vn -0.5437 0.5329 0.6484
vn -0.1472 0.5329 0.8332
vn 0.4118 0.8076 -0.4221
vn 0.0587 0.8076 -0.5867
vn -0.4118 0.8076 0.4221
vn -0.0587 0.8076 0.5867
vn -0.6558 0.7527 -0.0574
vn 0.0574 0.7527 -0.6558
vn -0.0574 0.7527 0.6558
vn 0.6558 0.7527 0.0574
vn -0.9112 0.4042 -0.0797
vn -0.9818 -0.1693 -0.0859
vn 0.8396 -0.5383 0.0735
vn 0.9818 -0.1693 0.0859
vn -0.4364 0.8219 0.3662
vn -0.5533 0.8061 0.2098
vn -0.8198 0.5681 -0.0717
vn 0.0797 0.4042 -0.9112
vn 0.0717 0.5681 -0.8198
vn -0.0797 0.4042 0.9112
vn -0.0717 0.5681 0.8199
vn 0.0735 -0.5383 -0.8396
vn 0.0859 -0.1693 -0.9818
vn 0.5533 0.8061 -0.2098
vn 0.4364 0.8219 -0.3662
vn -0.0735 -0.5383 0.8396
vn -0.0859 -0.1693 0.9818
vn 0.9112 0.4042 0.0797
vn 0.8198 0.5681 0.0717
vn -0.8396 -0.5383 -0.0734
vn -0.3662 0.8219 -0.4364
vn -0.5084 0.8061 -0.3027
vn 0.3027 0.8061 -0.5084
vn 0.3662 0.8219 0.4364
vn 0.5084 0.8061 0.3027
vn -0.3027 0.8061 0.5084
vn -0.2098 0.8061 -0.5533
vn 0.2098 0.8061 0.5533
vn -0.5355 0.3431 0.7717
vn -0.4840 0.5383 0.6899
vn -0.6390 0.5515 0.5362
vn -0.7130 0.3656 0.5983
vn -0.7634 0.5383 0.3569
vn -0.8530 0.3431 0.3934
vn -0.0270 0.9509 0.3083
vn 0.1442 0.9745 0.1718
vn -0.1718 0.9745 0.1442
vn -0.1442 0.9745 -0.1718
vn -0.3083 0.9509 -0.0270
vn 0.3083 0.9509 0.0270
vn 0.1718 0.9745 -0.1442
vn 0.6390 0.5515 -0.5362
vn 0.7634 0.5383 -0.3569
vn 0.8530 0.3431 -0.3934
vn 0.7130 0.3656 -0.5983
vn 0.0270 0.9509 -0.3083
vn 0.4840 0.5383 -0.6899
vn 0.5355 0.3431 -0.7717
vn -0.6612 -0.5050 0.5548
vn -0.7562 -0.1601 0.6345
vn -0.8970 -0.1446 0.4177
vn -0.7855 -0.4928 0.3743
vn -0.8109 -0.1446 -0.5671
vn -0.6345 -0.1601 -0.7562
vn -0.5548 -0.5050 -0.6612
vn -0.7086 -0.4928 -0.5050
vn -0.6899 0.5383 -0.4840
vn -0.5362 0.5515 -0.6390
vn -0.5983 0.3656 -0.7130
vn -0.7717 0.3431 -0.5355
vn 0.5050 -0.4928 -0.7086
vn 0.5671 -0.1446 -0.8109
vn 0.7562 -0.1601 -0.6345
vn 0.6612 -0.5050 -0.5548
vn -0.4177 -0.1446 -0.8970
vn -0.3743 -0.4928 -0.7855
vn -0.3569 0.5383 -0.7634
vn -0.3934 0.3431 -0.8530
vn 0.5548 -0.5050 0.6612
vn 0.6345 -0.1601 0.7562
vn 0.4177 -0.1446 0.8970
vn 0.3743 -0.4928 0.7855
vn -0.5050 -0.4928 0.7086
vn -0.5671 -0.1446 0.8109
vn 0.5362 0.5515 0.6390
vn 0.3569 0.5383 0.7634
vn 0.3934 0.3431 0.8530
vn 0.5983 0.3656 0.7130
vn 0.8109 -0.1446 0.5671
vn 0.7086 -0.4928 0.5050
vn 0.8970 -0.1446 -0.4177
vn 0.7855 -0.4928 -0.3743
vn 0.7717 0.3431 0.5355
vn 0.6899 0.5383 0.4840
vn -0.5701 0.7527 -0.3292
vn 0.3292 0.7527 -0.5701
vn -0.3292 0.7527 0.5701
vn 0.5701 0.7527 0.3292
vn -0.7921 0.4042 -0.4573
vn -0.8535 -0.1693 -0.4928
vn 0.7299 -0.5383 0.4214
vn 0.8535 -0.1693 0.4928
vn -0.5502 0.8219 0.1474
vn -0.5901 0.8061 -0.0436
vn -0.7127 0.5681 -0.4115
vn 0.4573 0.4042 -0.7921
vn 0.4115 0.5681 -0.7127
vn -0.4573 0.4042 0.7921
vn -0.4115 0.5681 0.7127
vn 0.4214 -0.5383 -0.7299
vn 0.4928 -0.1693 -0.8535
vn 0.5901 0.8061 0.0436
vn 0.5502 0.8219 -0.1474
vn -0.4214 -0.5383 0.7299
vn -0.4928 -0.1693 0.8535
vn 0.7921 0.4042 0.4573
vn 0.7127 0.5681 0.4115
vn -0.7299 -0.5383 -0.4214
vn -0.1474 0.8219 -0.5502
vn -0.3329 0.8061 -0.4892
vn 0.4893 0.8061 -0.3329
vn 0.1474 0.8219 0.5502
vn 0.3329 0.8061 0.4892
vn -0.4893 0.8061 0.3329
vn 0.0436 0.8061 -0.5901
vn -0.0436 0.8061 0.5901
vn -0.8115 0.3431 0.4731
vn -0.7302 0.5383 0.4207
vn -0.8057 0.5515 0.2159
vn -0.8990 0.3656 0.2409
vn -0.8427 0.5383 0.0008
vn -0.9393 0.3431 -0.0040
vn -0.1548 0.9509 0.2681
vn 0.0581 0.9745 0.2167
vn -0.2167 0.9745 0.0581
vn -0.0581 0.9745 -0.2167
vn -0.2681 0.9509 -0.1548
vn 0.2681 0.9509 0.1548
vn 0.2167 0.9745 -0.0581
vn 0.8058 0.5515 -0.2159
vn 0.8427 0.5383 -0.0008
vn 0.9393 0.3431 0.0040
vn 0.8990 0.3656 -0.2409
vn 0.1548 0.9509 -0.2681
vn 0.7302 0.5383 -0.4207
vn 0.8115 0.3431 -0.4731
vn -0.8337 -0.5050 0.2234
vn -0.9535 -0.1601 0.2555
vn -0.9895 -0.1446 -0.0006
vn -0.8701 -0.4928 0.0073
vn -0.4952 -0.1446 -0.8566
vn -0.2555 -0.1601 -0.9535
vn -0.2234 -0.5050 -0.8337
vn -0.4287 -0.4928 -0.7572
vn -0.4207 0.5383 -0.7302
vn -0.2159 0.5515 -0.8058
vn -0.2409 0.3656 -0.8990
vn -0.4731 0.3431 -0.8115
vn 0.7572 -0.4928 -0.4287
vn 0.8566 -0.1446 -0.4952
vn 0.9535 -0.1601 -0.2555
vn 0.8337 -0.5050 -0.2234
vn 0.0006 -0.1446 -0.9895
vn -0.0073 -0.4928 -0.8701
vn -0.0008 0.5383 -0.8427
vn 0.0040 0.3431 -0.9393
vn 0.2234 -0.5050 0.8337
vn 0.2555 -0.1601 0.9535
vn -0.0006 -0.1446 0.9895
vn 0.0073 -0.4928 0.8701
vn -0.7572 -0.4928 0.4287
vn -0.8566 -0.1446 0.4952
vn 0.2159 0.5515 0.8058
vn 0.0008 0.5383 0.8427
vn -0.0040 0.3431 0.9393
vn 0.2409 0.3656 0.8990
vn 0.4952 -0.1446 0.8566
vn 0.4287 -0.4928 0.7572
vn 0.9895 -0.1446 0.0006
vn 0.8701 -0.4928 -0.0073
vn 0.4731 0.3431 0.8115
vn 0.4207 0.5383 0.7302
vn -0.0000 0.7527 0.6583
vn -0.6583 0.7527 -0.0000
vn 0.6583 0.7527 -0.0000
vn -0.0000 0.7527 -0.6583
vn -0.0000 0.4042 0.9147
vn -0.0000 -0.1693 0.9856
vn -0.0000 -0.5383 -0.8428
vn -0.0000 -0.1693 -0.9856
vn 0.4028 0.8219 0.4028
vn 0.2573 0.8061 0.5329
vn -0.0000 0.5681 0.8230
vn -0.9147 0.4042 -0.0000
vn -0.8230 0.5681 -0.0000
vn 0.9147 0.4042 -0.0000
vn 0.8230 0.5681 -0.0000
vn -0.8428 -0.5383 -0.0000
vn -0.9856 -0.1693 -0.0000
vn -0.2573 0.8061 -0.5329
vn -0.4028 0.8219 -0.4028
vn 0.8428 -0.5383 -0.0000
vn 0.9856 -0.1693 -0.0000
vn -0.0000 0.4042 -0.9147
vn -0.0000 0.5681 -0.8230
vn -0.0000 -0.5383 0.8428
vn -0.4028 0.8219 0.4028
vn -0.2573 0.8061 0.5329
vn -0.5329 0.8061 -0.2573
vn 0.4028 0.8219 -0.4028
vn 0.2573 0.8061 -0.5329
vn 0.5329 0.8061 0.2573
vn -0.5329 0.8061 0.2573
vn 0.5329 0.8061 -0.2573
vn 0.8154 0.3431 0.4662
vn 0.7294 0.5383 0.4221
vn 0.5898 0.5515 0.5898
vn 0.6581 0.3656 0.6581
vn 0.4221 0.5383 0.7294
vn 0.4662 0.3431 0.8154
vn 0.3095 0.9509 -0.0000
vn 0.1586 0.9745 -0.1586
vn 0.1586 0.9745 0.1586
vn -0.1586 0.9745 0.1586
vn -0.0000 0.9509 0.3095
vn -0.0000 0.9509 -0.3095
vn -0.1586 0.9745 -0.1586
vn -0.5899 0.5515 -0.5898
vn -0.4221 0.5383 -0.7294
vn -0.4662 0.3431 -0.8154
vn -0.6581 0.3656 -0.6582
vn -0.3095 0.9509 -0.0000
vn -0.7294 0.5383 -0.4221
vn -0.8154 0.3431 -0.4662
vn 0.6103 -0.5050 0.6103
vn 0.6980 -0.1601 0.6980
vn 0.4942 -0.1446 0.8572
vn 0.4414 -0.4928 0.7499
vn -0.4942 -0.1446 0.8572
vn -0.6980 -0.1601 0.6980
vn -0.6103 -0.5050 0.6103
vn -0.4414 -0.4928 0.7499
vn -0.4221 0.5383 0.7294
vn -0.5899 0.5515 0.5898
vn -0.6582 0.3656 0.6581
vn -0.4662 0.3431 0.8154
vn -0.7499 -0.4928 -0.4414
vn -0.8572 -0.1446 -0.4942
vn -0.6980 -0.1601 -0.6980
vn -0.6103 -0.5050 -0.6103
vn -0.8572 -0.1446 0.4942
vn -0.7499 -0.4928 0.4414
vn -0.7294 0.5383 0.4221
vn -0.8154 0.3431 0.4662
vn 0.6103 -0.5050 -0.6103
vn 0.6980 -0.1601 -0.6980
vn 0.8572 -0.1446 -0.4942
vn 0.7499 -0.4928 -0.4414
vn 0.7499 -0.4928 0.4414
vn 0.8572 -0.1446 0.4942
vn 0.5899 0.5515 -0.5899
vn 0.7294 0.5383 -0.4221
vn 0.8154 0.3431 -0.4662
vn 0.6582 0.3656 -0.6582
vn 0.4942 -0.1446 -0.8572
vn 0.4414 -0.4928 -0.7499
vn -0.4942 -0.1446 -0.8572
vn -0.4414 -0.4928 -0.7499
vn 0.4662 0.3431 -0.8154
vn 0.4221 0.5383 -0.7294
vn -0.2558 0.8789 0.4026
vn -0.8525 0.4854 -0.1941
vn 0.4026 0.8789 -0.2558
vn -0.1941 0.4855 -0.8524
vn -0.1636 0.6397 0.7510
vn 0.0044 0.1411 0.9900
vn 0.2003 -0.7397 -0.6424
vn 0.0968 -0.4479 -0.8888
vn 0.1195 0.9856 0.1195
vn -0.0206 0.9667 0.2550
vn -0.2083 0.7608 0.6147
vn -0.9926 0.0930 -0.0779
vn -0.9542 0.2689 -0.1312
vn 0.7510 0.6397 -0.1636
vn 0.6147 0.7608 -0.2083
vn -0.6424 -0.7397 0.2003
vn -0.8888 -0.4479 0.0967
vn -0.4611 0.4945 -0.7368
vn -0.6107 0.5041 -0.6107
vn 0.9641 -0.2360 0.1214
vn 0.9900 0.1411 0.0044
vn -0.0779 0.0930 -0.9926
vn -0.1312 0.2689 -0.9542
vn 0.1214 -0.2360 0.9641
vn -0.6484 0.7449 0.1572
vn -0.5111 0.8130 0.2791
vn -0.7368 0.4945 -0.4612
vn 0.1572 0.7449 -0.6484
vn 0.0293 0.6482 -0.7609
vn 0.2550 0.9667 -0.0206
vn -0.7609 0.6482 0.0293
vn 0.2791 0.8130 -0.5111
vn 0.6529 0.6940 0.3036
vn 0.5146 0.8320 0.2073
vn 0.3698 0.8524 0.3698
vn 0.4872 0.7247 0.4872
vn 0.2073 0.8320 0.5146
vn 0.3036 0.6940 0.6529
vn 0.0109 0.9543 -0.2987
vn -0.1326 0.8832 -0.4498
vn -0.2988 0.9063 -0.2988
vn -0.1475 0.9780 -0.1475
vn -0.4498 0.8832 -0.1326
vn -0.2987 0.9543 0.0109
vn -0.2697 0.7693 -0.5792
vn -0.4350 0.7884 -0.4350
vn -0.6994 0.1473 -0.6994
vn -0.5290 0.1438 -0.8364
vn -0.5087 -0.0720 -0.8579
vn -0.7057 -0.0620 -0.7057
vn -0.5792 0.7693 -0.2697
vn -0.8364 0.1438 -0.5290
vn -0.8579 -0.0720 -0.5087
vn 0.7041 -0.0929 0.7040
vn 0.6804 0.2720 0.6804
vn 0.4742 0.2728 0.8371
vn 0.5328 -0.0906 0.8414
vn -0.4680 -0.0226 0.8834
vn -0.6501 -0.1451 0.7458
vn -0.4594 -0.4577 0.7612
vn -0.3086 -0.3544 0.8827
vn -0.5973 0.5797 0.5542
vn -0.7547 0.4998 0.4250
vn -0.7674 0.3314 0.5489
vn -0.5851 0.4153 0.6965
vn -0.5468 -0.8026 -0.2383
vn -0.7507 -0.5350 -0.3877
vn -0.5847 -0.5623 -0.5847
vn -0.4022 -0.8224 -0.4022
vn -0.7970 -0.2396 0.5545
vn -0.5882 -0.5388 0.6031
vn -0.8759 0.3960 0.2756
vn -0.9016 0.2066 0.3800
vn 0.7612 -0.4577 -0.4594
vn 0.7458 -0.1451 -0.6501
vn 0.8834 -0.0226 -0.4680
vn 0.8827 -0.3544 -0.3086
vn 0.8414 -0.0906 0.5328
vn 0.8371 0.2728 0.4742
vn 0.4250 0.4998 -0.7547
vn 0.5542 0.5797 -0.5973
vn 0.6965 0.4153 -0.5851
vn 0.5489 0.3314 -0.7674
vn 0.5545 -0.2396 -0.7970
vn 0.6031 -0.5388 -0.5882
vn -0.3877 -0.5350 -0.7507
vn -0.2383 -0.8026 -0.5468
vn 0.3800 0.2066 -0.9016
vn 0.2756 0.3960 -0.8759
vn -0.2782 0.7527 0.5966
vn -0.5967 0.7527 -0.2782
vn 0.5966 0.7527 0.2782
vn 0.2782 0.7527 -0.5967
vn -0.3866 0.4042 0.8290
vn -0.4165 -0.1693 0.8932
vn 0.3562 -0.5383 -0.7638
vn 0.4165 -0.1693 -0.8932
vn 0.1948 0.8219 0.5353
vn 0.0080 0.8061 0.5917
vn -0.3478 0.5681 0.7459
vn -0.8290 0.4042 -0.3865
vn -0.7459 0.5681 -0.3478
vn 0.8290 0.4042 0.3866
vn 0.7459 0.5681 0.3478
vn -0.7638 -0.5383 -0.3562
vn -0.8932 -0.1693 -0.4165
vn -0.0080 0.8061 -0.5917
vn -0.1948 0.8219 -0.5353
vn 0.7638 -0.5383 0.3562
vn 0.8932 -0.1693 0.4165
vn 0.3866 0.4042 -0.8290
vn 0.3478 0.5681 -0.7459
vn -0.3562 -0.5383 0.7638
vn -0.5353 0.8219 0.1948
vn -0.4584 0.8061 0.3742
vn -0.3742 0.8061 -0.4584
vn 0.5353 0.8219 -0.1948
vn 0.4584 0.8061 -0.3742
vn 0.3742 0.8061 0.4584
vn -0.5917 0.8061 0.0080
vn 0.5917 0.8061 -0.0080
vn 0.5420 0.3431 0.7671
vn 0.4827 0.5383 0.6908
vn 0.2853 0.5515 0.7839
vn 0.3183 0.3656 0.8746
vn 0.0743 0.5383 0.8395
vn 0.0779 0.3431 0.9361
vn 0.2805 0.9509 0.1308
vn 0.2108 0.9745 -0.0767
vn 0.0767 0.9745 0.2108
vn -0.2108 0.9745 0.0767
vn -0.1308 0.9509 0.2805
vn 0.1308 0.9509 -0.2805
vn -0.0767 0.9745 -0.2108
vn -0.2853 0.5515 -0.7839
vn -0.0743 0.5383 -0.8395
vn -0.0779 0.3431 -0.9361
vn -0.3183 0.3656 -0.8746
vn -0.2805 0.9509 -0.1308
vn -0.4827 0.5383 -0.6908
vn -0.5420 0.3431 -0.7671
vn 0.2952 -0.5050 0.8111
vn 0.3376 -0.1601 0.9276
vn 0.0857 -0.1446 0.9858
vn 0.0831 -0.4928 0.8662
vn -0.8102 -0.1446 0.5680
vn -0.9276 -0.1601 0.3376
vn -0.8111 -0.5050 0.2952
vn -0.7169 -0.4928 0.4931
vn -0.6908 0.5383 0.4827
vn -0.7839 0.5515 0.2853
vn -0.8746 0.3656 0.3183
vn -0.7671 0.3431 0.5420
vn -0.4931 -0.4928 -0.7169
vn -0.5680 -0.1446 -0.8102
vn -0.3376 -0.1601 -0.9276
vn -0.2952 -0.5050 -0.8111
vn -0.9858 -0.1446 0.0857
vn -0.8662 -0.4928 0.0831
vn -0.8395 0.5383 0.0743
vn -0.9361 0.3431 0.0779
vn 0.8111 -0.5050 -0.2952
vn 0.9276 -0.1601 -0.3376
vn 0.9858 -0.1446 -0.0857
vn 0.8662 -0.4928 -0.0831
vn 0.4931 -0.4928 0.7169
vn 0.5680 -0.1446 0.8102
vn 0.7839 0.5515 -0.2853
vn 0.8395 0.5383 -0.0743
vn 0.9361 0.3431 -0.0779
vn 0.8746 0.3656 -0.3183
vn 0.8102 -0.1446 -0.5680
vn 0.7169 -0.4928 -0.4931
vn -0.0857 -0.1446 -0.9858
vn -0.0831 -0.4928 -0.8662
vn 0.7671 0.3431 -0.5420
vn 0.6908 0.5383 -0.4827
vn -0.2720 0.6062 0.7473
vn -0.7473 0.6062 -0.2720
vn 0.7473 0.6062 0.2720
vn 0.2720 0.6062 -0.7473
vn -0.3275 0.2882 0.8998
vn -0.3394 -0.1242 0.9324
vn 0.3147 -0.3918 -0.8646
vn 0.3394 -0.1242 -0.9324
vn 0.3046 0.6932 0.6532
vn 0.0744 0.6723 0.7365
vn -0.3107 0.4180 0.8536
vn -0.8998 0.2882 -0.3275
vn -0.8536 0.4180 -0.3107
vn 0.8998 0.2882 0.3275
vn 0.8536 0.4180 0.3107
vn -0.8646 -0.3918 -0.3147
vn -0.9324 -0.1242 -0.3394
vn -0.0744 0.6723 -0.7365
vn -0.3046 0.6932 -0.6532
vn 0.8646 -0.3918 0.3147
vn 0.9324 -0.1242 0.3394
vn 0.3275 0.2882 -0.8998
vn 0.3107 0.4180 -0.8536
vn -0.3147 -0.3918 0.8646
vn -0.6532 0.6932 0.3046
vn -0.5304 0.6723 0.5164
vn -0.5164 0.6723 -0.5304
vn 0.6532 0.6932 -0.3046
vn 0.5304 0.6723 -0.5164
vn 0.5164 0.6723 0.5304
vn -0.7365 0.6723 0.0744
vn 0.7365 0.6723 -0.0744
vn 0.6257 0.2471 0.7399
vn 0.5907 0.3918 0.7054
vn 0.3867 0.4033 0.8293
vn 0.4079 0.2615 0.8748
vn 0.1606 0.3918 0.9059
vn 0.1645 0.2471 0.9549
vn 0.4123 0.8986 0.1501
vn 0.2958 0.9452 -0.1379
vn 0.1379 0.9452 0.2958
vn -0.2958 0.9452 0.1379
vn -0.1501 0.8986 0.4123
vn 0.1501 0.8986 -0.4123
vn -0.1379 0.9452 -0.2958
vn -0.3867 0.4033 -0.8293
vn -0.1606 0.3918 -0.9059
vn -0.1645 0.2471 -0.9549
vn -0.4079 0.2615 -0.8748
vn -0.4123 0.8986 -0.1501
vn -0.5907 0.3918 -0.7054
vn -0.6257 0.2471 -0.7399
vn 0.3937 -0.3634 0.8444
vn 0.4197 -0.1175 0.9000
vn 0.1724 -0.1086 0.9790
vn 0.1702 -0.3532 0.9199
vn -0.7614 -0.1086 0.6391
vn -0.9000 -0.1175 0.4197
vn -0.8444 -0.3634 0.3937
vn -0.7217 -0.3532 0.5953
vn -0.7054 0.3918 0.5907
vn -0.8293 0.4033 0.3867
vn -0.8748 0.2615 0.4079
vn -0.7399 0.2471 0.6257
vn -0.5953 -0.3532 -0.7217
vn -0.6391 -0.1086 -0.7614
vn -0.4197 -0.1175 -0.9000
vn -0.3937 -0.3634 -0.8444
vn -0.9790 -0.1086 0.1724
vn -0.9199 -0.3532 0.1702
vn -0.9059 0.3918 0.1606
vn -0.9549 0.2471 0.1645
vn 0.8444 -0.3634 -0.3937
vn 0.9000 -0.1175 -0.4197
vn 0.9790 -0.1086 -0.1724
vn 0.9199 -0.3532 -0.1702
vn 0.5953 -0.3532 0.7217
vn 0.6391 -0.1086 0.7614
vn 0.8293 0.4033 -0.3867
vn 0.9059 0.3918 -0.1606
vn 0.9549 0.2471 -0.1645
vn 0.8748 0.2615 -0.4079
vn 0.7614 -0.1086 -0.6391
vn 0.7217 -0.3532 -0.5953
vn -0.1724 -0.1086 -0.9790
vn -0.1702 -0.3532 -0.9199
vn 0.7399 0.2471 -0.6257
vn 0.7054 0.3918 -0.5907
vn -0.0000 0.5362 0.8441
vn -0.8441 0.5362 -0.0000
vn 0.8441 0.5362 -0.0000
vn -0.0000 0.5362 -0.8441
vn -0.0000 0.2447 0.9696
vn -0.0000 -0.1061 0.9944
vn -0.0000 -0.3344 -0.9424
vn -0.0000 -0.1061 -0.9944
vn 0.5517 0.6254 0.5517
vn 0.3467 0.6035 0.7181
vn -0.0000 0.3581 0.9337
vn -0.9696 0.2447 -0.0000
vn -0.9337 0.3581 -0.0000
vn 0.9696 0.2447 -0.0000
vn 0.9337 0.3581 -0.0000
vn -0.9424 -0.3344 -0.0000
vn -0.9944 -0.1061 -0.0000
vn -0.3467 0.6035 -0.7181
vn -0.5517 0.6254 -0.5517
vn 0.9424 -0.3344 -0.0000
vn 0.9944 -0.1061 -0.0000
vn -0.0000 0.2447 -0.9696
vn -0.0000 0.3581 -0.9337
vn -0.0000 -0.3344 0.9424
vn -0.5517 0.6254 0.5517
vn -0.3467 0.6035 0.7181
vn -0.7181 0.6035 -0.3467
vn 0.5517 0.6254 -0.5517
vn 0.3467 0.6035 -0.7181
vn 0.7181 0.6035 0.3467
vn -0.7181 0.6035 0.3467
vn 0.7181 0.6035 -0.3467
vn 0.8484 0.2108 0.4856
vn 0.8157 0.3344 0.4720
vn 0.6638 0.3448 0.6638
vn 0.6894 0.2224 0.6894
vn 0.4720 0.3344 0.8157
vn 0.4856 0.2108 0.8484
vn 0.5055 0.8628 -0.0000
vn 0.2706 0.9239 -0.2706
vn 0.2706 0.9239 0.2706
vn -0.2706 0.9239 0.2706
vn -0.0000 0.8628 0.5055
vn -0.0000 0.8628 -0.5055
vn -0.2706 0.9239 -0.2706
vn -0.6638 0.3448 -0.6638
vn -0.4720 0.3344 -0.8157
vn -0.4856 0.2108 -0.8484
vn -0.6894 0.2224 -0.6894
vn -0.5055 0.8628 -0.0000
vn -0.8157 0.3344 -0.4720
vn -0.8484 0.2108 -0.4856
vn 0.6725 -0.3091 0.6725
vn 0.7035 -0.1006 0.7035
vn 0.4977 -0.0937 0.8623
vn 0.4839 -0.3001 0.8221
vn -0.4977 -0.0937 0.8623
vn -0.7035 -0.1006 0.7035
vn -0.6725 -0.3091 0.6725
vn -0.4839 -0.3001 0.8221
vn -0.4720 0.3344 0.8157
vn -0.6638 0.3448 0.6638
vn -0.6894 0.2224 0.6894
vn -0.4856 0.2108 0.8484
vn -0.8221 -0.3001 -0.4839
vn -0.8623 -0.0937 -0.4977
vn -0.7035 -0.1006 -0.7035
vn -0.6725 -0.3091 -0.6725
vn -0.8623 -0.0937 0.4977
vn -0.8221 -0.3001 0.4839
vn -0.8157 0.3344 0.4720
vn -0.8484 0.2108 0.4856
vn 0.6725 -0.3091 -0.6725
vn 0.7035 -0.1006 -0.7035
vn 0.8623 -0.0937 -0.4977
vn 0.8221 -0.3001 -0.4839
vn 0.8221 -0.3001 0.4839
vn 0.8623 -0.0937 0.4977
vn 0.6638 0.3448 -0.6638
vn 0.8157 0.3344 -0.4720
vn 0.8484 0.2108 -0.4856
vn 0.6894 0.2224 -0.6894
vn 0.4977 -0.0937 -0.8623
vn 0.4839 -0.3001 -0.8221
vn -0.4977 -0.0937 -0.8623
vn -0.4839 -0.3001 -0.8221
vn 0.4856 0.2108 -0.8484
vn 0.4720 0.3344 -0.8157
vn 0.5426 0.5362 0.6466
vn -0.6466 0.5362 0.5426
vn 0.6466 0.5362 -0.5426
vn -0.5426 0.5362 -0.6466
vn 0.6232 0.2447 0.7428
vn 0.6392 -0.1061 0.7617
vn -0.6058 -0.3344 -0.7219
vn -0.6392 -0.1061 -0.7617
vn 0.7773 0.6254 0.0680
vn 0.7271 0.6035 0.3272
vn 0.6002 0.3581 0.7153
vn -0.7428 0.2447 0.6232
vn -0.7153 0.3581 0.6002
vn 0.7428 0.2447 -0.6232
vn 0.7153 0.3581 -0.6002
vn -0.7219 -0.3344 0.6058
vn -0.7617 -0.1061 0.6392
vn -0.7271 0.6035 -0.3272
vn -0.7773 0.6254 -0.0680
vn 0.7219 -0.3344 -0.6058
vn 0.7617 -0.1061 -0.6392
vn -0.6232 0.2447 -0.7428
vn -0.6002 0.3581 -0.7153
vn 0.6058 -0.3344 0.7219
vn -0.0680 0.6254 0.7773
vn 0.1960 0.6035 0.7729
vn -0.7729 0.6035 0.1960
vn 0.0680 0.6254 -0.7773
vn -0.1960 0.6035 -0.7729
vn 0.7729 0.6035 -0.1960
vn -0.3272 0.6035 0.7271
vn 0.3272 0.6035 -0.7271
vn 0.9620 0.2108 -0.1734
vn 0.9283 0.3344 -0.1628
vn 0.9351 0.3448 0.0818
vn 0.9712 0.2224 0.0850
vn 0.8859 0.3344 0.3215
vn 0.9173 0.2108 0.3378
vn 0.3873 0.8628 -0.3249
vn 0.0334 0.9239 -0.3813
vn 0.3813 0.9239 0.0334
vn -0.0334 0.9239 0.3813
vn 0.3249 0.8628 0.3873
vn -0.3249 0.8628 -0.3873
vn -0.3813 0.9239 -0.0334
vn -0.9351 0.3448 -0.0818
vn -0.8859 0.3344 -0.3215
vn -0.9173 0.2108 -0.3378
vn -0.9712 0.2224 -0.0850
vn -0.3873 0.8628 0.3249
vn -0.9283 0.3344 0.1628
vn -0.9620 0.2108 0.1734
vn 0.9474 -0.3091 0.0829
vn 0.9911 -0.1006 0.0867
vn 0.9355 -0.0937 0.3406
vn 0.8991 -0.3001 0.3187
vn 0.1730 -0.0937 0.9805
vn -0.0867 -0.1006 0.9911
vn -0.0829 -0.3091 0.9474
vn 0.1578 -0.3001 0.9408
vn 0.1628 0.3344 0.9283
vn -0.0818 0.3448 0.9351
vn -0.0850 0.2224 0.9712
vn 0.1734 0.2108 0.9620
vn -0.9408 -0.3001 0.1578
vn -0.9805 -0.0937 0.1730
vn -0.9911 -0.1006 -0.0867
vn -0.9474 -0.3091 -0.0829
vn -0.3406 -0.0937 0.9355
vn -0.3187 -0.3001 0.8991
vn -0.3215 0.3344 0.8859
vn -0.3378 0.2108 0.9173
vn 0.0829 -0.3091 -0.9474
vn 0.0867 -0.1006 -0.9911
vn 0.3406 -0.0937 -0.9355
vn 0.3187 -0.3001 -0.8991
vn 0.9408 -0.3001 -0.1578
vn 0.9805 -0.0937 -0.1730
vn 0.0818 0.3448 -0.9351
vn 0.3215 0.3344 -0.8859
vn 0.3378 0.2108 -0.9173
vn 0.0850 0.2224 -0.9712
vn -0.1730 -0.0937 -0.9805
vn -0.1578 -0.3001 -0.9408
vn -0.9355 -0.0937 -0.3406
vn -0.8991 -0.3001 -0.3187
vn -0.1734 0.2108 -0.9620
vn -0.1628 0.3344 -0.9283
vn -0.2782 0.7527 0.5967
vn -0.5966 0.7527 -0.2782
vn 0.2782 0.7527 -0.5966
vn -0.8290 0.4042 -0.3866
vn -0.1998 0.5481 0.8122
vn -0.4989 0.8666 -0.0099
vn 0.6751 0.5481 0.4938
vn 0.3759 0.8666 -0.3283
vn -0.3526 0.1586 0.9222
vn -0.4507 -0.3974 0.7993
vn 0.3055 -0.3020 -0.9030
vn 0.4111 0.0793 -0.9081
vn 0.2792 0.5775 0.7672
vn 0.0907 0.5664 0.8191
vn -0.2934 0.3348 0.8955
vn -0.7684 0.6010 -0.2200
vn -0.6674 0.7328 -0.1323
vn 0.8629 0.1586 0.4798
vn 0.8003 0.3348 0.4974
vn -0.8145 -0.3020 -0.4954
vn -0.8987 0.0793 -0.4314
vn 0.0979 0.9486 -0.3009
vn -0.0869 0.9672 -0.2389
vn 0.6886 -0.7096 0.1494
vn 0.8591 -0.3974 0.3226
vn 0.4472 0.6010 -0.6624
vn 0.4263 0.7328 -0.5303
vn -0.4314 -0.7096 0.5570
vn -0.4392 0.7723 0.4590
vn -0.3681 0.6909 0.6223
vn -0.2684 0.9486 -0.1676
vn 0.6314 0.7723 0.0693
vn 0.5567 0.8242 -0.1041
vn 0.4570 0.5664 0.6858
vn -0.4934 0.8242 0.2781
vn 0.6820 0.6909 0.2401
vn 0.5634 0.0125 0.8261
vn 0.5289 0.2274 0.8177
vn 0.3326 0.2329 0.9138
vn 0.3419 0.0252 0.9394
vn 0.1204 0.2274 0.9663
vn 0.0994 0.0125 0.9950
vn 0.3872 0.8187 0.4240
vn 0.3248 0.9157 0.2365
vn 0.1170 0.9397 0.3214
vn 0.1861 0.8390 0.5113
vn -0.0968 0.9157 0.3899
vn -0.0241 0.8187 0.5737
vn 0.2466 0.9684 0.0375
vn 0.0419 0.9925 0.1151
vn -0.2036 0.8035 -0.5593
vn 0.0055 0.7843 -0.6203
vn -0.0191 0.6324 -0.7744
vn -0.2564 0.6619 -0.7044
vn -0.1648 0.9684 0.1872
vn -0.4029 0.7843 -0.4716
vn -0.4832 0.6324 -0.6055
vn 0.2183 -0.7697 0.5999
vn 0.2985 -0.4881 0.8202
vn 0.0490 -0.4628 0.8851
vn 0.0081 -0.7512 0.6600
vn -0.8324 -0.2237 0.5070
vn -0.9463 -0.1505 0.2861
vn -0.8702 -0.4745 0.1329
vn -0.7791 -0.5377 0.3224
vn -0.6323 0.4315 0.6434
vn -0.7194 0.5182 0.4626
vn -0.8319 0.3436 0.4358
vn -0.7321 0.2380 0.6383
vn -0.5334 -0.1750 -0.8276
vn -0.5652 0.1909 -0.8025
vn -0.3360 0.1871 -0.9231
vn -0.3365 -0.1793 -0.9245
vn -0.9974 -0.0481 0.0537
vn -0.9193 -0.3885 -0.0629
vn -0.7720 0.5802 0.2596
vn -0.8908 0.4069 0.2022
vn 0.7520 -0.4745 -0.4575
vn 0.9088 -0.1505 -0.3891
vn 0.9636 -0.2237 -0.1467
vn 0.8040 -0.5377 -0.2538
vn 0.4181 -0.7512 0.5108
vn 0.5314 -0.4628 0.7096
vn 0.8484 0.5182 -0.1081
vn 0.8980 0.4315 0.0864
vn 0.9711 0.2380 0.0184
vn 0.9174 0.3436 -0.2008
vn 0.7986 -0.0481 -0.6000
vn 0.6638 -0.3885 -0.6391
vn -0.0829 0.1909 -0.9781
vn -0.1234 -0.1750 -0.9768
vn 0.8124 0.4069 -0.4177
vn 0.7583 0.5802 -0.2974
vn -0.3012 0.7904 0.5334
vn -0.6185 0.7093 -0.3382
vn 0.5737 0.7904 0.2149
vn 0.2564 0.7093 -0.6566
vn -0.3994 0.4590 0.7936
vn -0.4124 -0.1079 0.9046
vn 0.3730 -0.5882 -0.7176
vn 0.4225 -0.2294 -0.8769
vn 0.1696 0.8684 0.4660
vn -0.0168 0.8517 0.5237
vn -0.3655 0.6166 0.6973
vn -0.8402 0.3463 -0.4173
vn -0.7621 0.5152 -0.3923
vn 0.8161 0.4590 0.3511
vn 0.7282 0.6166 0.2992
vn -0.7470 -0.5882 -0.3100
vn -0.8873 -0.2294 -0.4002
vn -0.0313 0.7544 -0.6557
vn -0.2186 0.7691 -0.6006
vn 0.7791 -0.4843 0.3981
vn 0.8974 -0.1079 0.4279
vn 0.3754 0.3463 -0.8598
vn 0.3316 0.5152 -0.7903
vn -0.3409 -0.4843 0.8058
vn -0.5598 0.8188 0.1275
vn -0.4826 0.8201 0.3075
vn -0.3975 0.7544 -0.5224
vn 0.5108 0.8188 -0.2621
vn 0.4346 0.7861 -0.4395
vn 0.3495 0.8517 0.3904
vn -0.6155 0.7861 -0.0574
vn 0.5674 0.8200 -0.0747
vn 0.5306 0.4208 0.7358
vn 0.4656 0.6072 0.6438
vn 0.2678 0.6221 0.7357
vn 0.3062 0.4453 0.8414
vn 0.0572 0.6072 0.7925
vn 0.0665 0.4208 0.9047
vn 0.2519 0.9663 0.0521
vn 0.1817 0.9708 -0.1565
vn -0.0298 0.9962 -0.0819
vn 0.0474 0.9904 0.1302
vn -0.2398 0.9708 -0.0031
vn -0.1594 0.9663 0.2019
vn 0.1027 0.9282 -0.3576
vn -0.1055 0.9513 -0.2898
vn -0.3007 0.4767 -0.8261
vn -0.0892 0.4653 -0.8806
vn -0.0870 0.2628 -0.9609
vn -0.3280 0.2831 -0.9012
vn -0.3086 0.9282 -0.2079
vn -0.4977 0.4653 -0.7320
vn -0.5510 0.2628 -0.7920
vn 0.3091 -0.4278 0.8494
vn 0.3411 -0.0735 0.9372
vn 0.0887 -0.0608 0.9942
vn 0.0967 -0.4175 0.9035
vn -0.8062 -0.1217 0.5789
vn -0.9228 -0.1595 0.3507
vn -0.7960 -0.5030 0.3366
vn -0.7025 -0.4719 0.5327
vn -0.7071 0.5552 0.4378
vn -0.8003 0.5494 0.2401
vn -0.8855 0.3642 0.2884
vn -0.7777 0.3633 0.5130
vn -0.4773 -0.5643 -0.6736
vn -0.5625 -0.2274 -0.7949
vn -0.3315 -0.2456 -0.9109
vn -0.2790 -0.5783 -0.7666
vn -0.9811 -0.1665 0.0984
vn -0.8512 -0.5099 0.1242
vn -0.8552 0.5173 0.0310
vn -0.9460 0.3203 0.0507
vn 0.8261 -0.5031 -0.2539
vn 0.9323 -0.1595 -0.3245
vn 0.9897 -0.1217 -0.0747
vn 0.8806 -0.4719 -0.0435
vn 0.5067 -0.4175 0.7543
vn 0.5711 -0.0608 0.8186
vn 0.7674 0.5494 -0.3305
vn 0.8231 0.5552 -0.1191
vn 0.9255 0.3633 -0.1069
vn 0.8637 0.3642 -0.3483
vn 0.8149 -0.1665 -0.5553
vn 0.7319 -0.5099 -0.4520
vn -0.0801 -0.2274 -0.9705
vn -0.0673 -0.5643 -0.8228
vn 0.7572 0.3203 -0.5692
vn 0.6750 0.5173 -0.5260
vn 0.0734 -0.5383 -0.8396
vn 0.2099 0.8061 0.5533
vn -0.0717 0.5681 0.8198
vn 0.8199 0.5681 0.0717
vn -0.8396 -0.5383 -0.0735
vn 0.8396 -0.5383 0.0734
vn 0.0717 0.5681 -0.8199
vn -0.0734 -0.5383 0.8396
vn -0.2269 0.9146 0.3347
vn -0.5345 0.6737 -0.5104
vn 0.6490 0.7584 0.0604
vn 0.3414 0.5174 -0.7847
vn -0.3641 0.6604 0.6568
vn -0.4383 0.1362 0.8885
vn 0.3229 -0.7662 -0.5556
vn 0.4126 -0.4583 -0.7873
vn 0.2507 0.9293 0.2714
vn 0.0625 0.9441 0.3236
vn -0.3121 0.7886 0.5298
vn -0.7914 0.3256 -0.5173
vn -0.6966 0.4874 -0.5266
vn 0.8529 0.4434 0.2757
vn 0.7829 0.5934 0.1870
vn -0.7984 -0.5663 -0.2045
vn -0.8987 -0.2245 -0.3767
vn 0.0600 0.5895 -0.8055
vn -0.1257 0.6344 -0.7627
vn 0.7166 -0.4578 0.5262
vn 0.8730 -0.0975 0.4779
vn 0.4255 0.1086 -0.8984
vn 0.3984 0.2922 -0.8694
vn -0.4047 -0.2578 0.8774
vn -0.4734 0.8774 -0.0779
vn -0.4000 0.9110 0.1005
vn -0.3067 0.6549 -0.6907
vn 0.5984 0.6863 -0.4135
vn 0.5225 0.6227 -0.5825
vn 0.4292 0.8788 0.2088
vn -0.5288 0.8101 -0.2533
vn 0.6513 0.7236 -0.2287
vn 0.5578 0.5195 0.6473
vn 0.5144 0.6864 0.5141
vn 0.3175 0.7405 0.5923
vn 0.3353 0.5887 0.7355
vn 0.1054 0.7593 0.6422
vn 0.0932 0.6024 0.7928
vn 0.3505 0.9245 -0.1500
vn 0.2851 0.8894 -0.3574
vn 0.0760 0.9513 -0.2989
vn 0.1482 0.9851 -0.0877
vn -0.1370 0.9646 -0.2252
vn -0.0613 0.9979 -0.0211
vn 0.2059 0.8112 -0.5474
vn -0.0000 0.8690 -0.4949
vn -0.2337 0.3087 -0.9220
vn -0.0236 0.2649 -0.9640
vn -0.0410 0.0504 -0.9979
vn -0.2797 0.1069 -0.9541
vn -0.2059 0.8846 -0.4184
vn -0.4325 0.3378 -0.8359
vn -0.5056 0.1332 -0.8524
vn 0.2468 -0.2570 0.9344
vn 0.3139 0.1032 0.9438
vn 0.0633 0.1528 0.9862
vn 0.0356 -0.2142 0.9761
vn -0.8252 0.0891 0.5577
vn -0.9408 0.0132 0.3387
vn -0.8504 -0.3356 0.4052
vn -0.7579 -0.2710 0.5935
vn -0.6533 0.7049 0.2762
vn -0.7429 0.6645 0.0809
vn -0.8479 0.5039 0.1649
vn -0.7449 0.5423 0.3886
vn -0.5210 -0.6502 -0.5530
vn -0.5682 -0.3419 -0.7485
vn -0.3383 -0.4078 -0.8481
vn -0.3235 -0.7038 -0.6325
vn -0.9948 -0.0437 0.0918
vn -0.9020 -0.3840 0.1974
vn -0.7969 0.5924 -0.1183
vn -0.9081 0.4145 -0.0597
vn 0.7737 -0.6251 -0.1033
vn 0.9165 -0.3179 -0.2429
vn 0.9728 -0.2315 -0.0053
vn 0.8271 -0.5536 0.0972
vn 0.4461 -0.2874 0.8476
vn 0.5462 0.0667 0.8350
vn 0.8267 0.3847 -0.4106
vn 0.8787 0.4318 -0.2035
vn 0.9602 0.2383 -0.1454
vn 0.9034 0.1917 -0.3835
vn 0.8033 -0.3643 -0.4712
vn 0.6829 -0.6665 -0.2989
vn -0.0852 -0.4280 -0.8998
vn -0.1105 -0.7234 -0.6815
vn 0.7971 0.1105 -0.5937
vn 0.7351 0.3193 -0.5980
vt 0.123980 0.370833
vt 0.124154 0.370401
vt 0.124227 0.370452
vt 0.128457 0.373413
vt 0.128110 0.373725
vt 0.128384 0.373362
vt 0.129547 0.361188
vt 0.137781 0.348717
vt 0.137855 0.348769
vt 0.129622 0.361240
vt 0.148216 0.346205
vt 0.144098 0.353141
vt 0.144172 0.353192
vt 0.148290 0.346256
vt 0.124802 0.374055
vt 0.125071 0.373671
vt 0.135270 0.365195
vt 0.135195 0.365143
vt 0.142891 0.342476
vt 0.142964 0.342527
vt 0.122620 0.371955
vt 0.122442 0.372402
vt 0.127521 0.375387
vt 0.127162 0.375707
vt 0.132408 0.363191
vt 0.122052 0.377982
vt 0.145590 0.344366
vt 0.140977 0.350955
vt 0.136955 0.348138
vt 0.142229 0.342012
vt 0.128742 0.360624
vt 0.148952 0.346720
vt 0.144999 0.353771
vt 0.136075 0.365759
vt 0.120580 0.375689
vt 0.120754 0.375257
vt 0.120827 0.375308
vt 0.125057 0.378270
vt 0.124710 0.378581
vt 0.124984 0.378219
vt 0.126146 0.366044
vt 0.140537 0.344782
vt 0.140610 0.344833
vt 0.126221 0.366097
vt 0.150972 0.342269
vt 0.146854 0.349205
vt 0.146928 0.349257
vt 0.151045 0.342321
vt 0.121401 0.378911
vt 0.121670 0.378527
vt 0.131869 0.370051
vt 0.131794 0.369999
vt 0.145646 0.338540
vt 0.145720 0.338592
vt 0.129008 0.368048
vt 0.148346 0.340430
vt 0.143732 0.347019
vt 0.125503 0.365594
vt 0.139859 0.344307
vt 0.132513 0.370502
vt 0.147605 0.349731
vt 0.151565 0.342685
vt 0.145126 0.338176
vt 0.119462 0.376830
vt 0.119636 0.376390
vt 0.124020 0.380022
vt 0.124374 0.379708
vt 0.119296 0.381917
vt 0.341177 0.239373
vt 0.341029 0.238869
vt 0.341154 0.238869
vt 0.348383 0.238869
vt 0.348235 0.239373
vt 0.348259 0.238869
vt 0.339816 0.227047
vt 0.339245 0.210449
vt 0.339371 0.210449
vt 0.339944 0.227047
vt 0.349194 0.201512
vt 0.350042 0.210449
vt 0.350168 0.210449
vt 0.349320 0.201512
vt 0.344706 0.241782
vt 0.344706 0.241262
vt 0.349596 0.227047
vt 0.349469 0.227047
vt 0.340093 0.201512
vt 0.340218 0.201512
vt 0.340518 0.241262
vt 0.340673 0.241782
vt 0.348894 0.241262
vt 0.348740 0.241782
vt 0.344706 0.227047
vt 0.344706 0.247109
vt 0.344706 0.201512
vt 0.344706 0.210449
vt 0.337832 0.210449
vt 0.338961 0.201512
vt 0.338440 0.227047
vt 0.350451 0.201512
vt 0.351580 0.210449
vt 0.350973 0.227047
s 1
f 20/1/1 21/2/1 22/3/1
f 27/2/2 28/1/2 29/3/2
f 34/4/3 35/5/3 36/6/3
f 47/5/4 48/4/4 49/6/4
f 24/7/5 52/8/6 53/9/6 23/10/5
f 39/11/7 43/12/8 44/13/8 40/14/7
f 15/15/9 20/1/10 22/3/10 14/16/9
f 21/2/11 24/7/5 23/10/5 22/3/11
f 31/7/12 27/2/13 29/3/13 30/10/12
f 38/17/14 34/4/15 36/6/15 37/18/14
f 25/19/16 45/8/17 46/9/17 26/20/16
f 49/6/18 16/16/19 17/15/19 47/5/18
f 32/14/20 41/13/21 42/12/21 33/11/20
f 51/18/22 49/6/23 48/4/23 50/17/22
f 52/8/6 19/19/24 18/20/24 53/9/6
f 55/21/25 21/2/26 20/1/26 54/22/25
f 45/8/17 31/7/12 30/10/12 46/9/17
f 16/16/19 29/3/27 28/1/27 17/15/19
f 43/12/8 51/18/22 50/17/22 44/13/8
f 57/23/28 48/4/29 47/5/29 56/24/28
f 41/13/21 38/17/14 37/18/14 42/12/21
f 14/16/9 36/6/30 35/5/30 15/15/9
f 27/2/31 55/21/25 54/22/25 28/1/31
f 34/4/32 57/23/28 56/24/28 35/5/32
f 37/18/33 36/6/34 14/16/35 3/25/36
f 14/16/35 22/3/37 23/10/38 3/25/36
f 35/5/39 56/24/40 7/26/41 15/15/42
f 7/26/41 54/22/43 20/1/44 15/15/42
f 56/24/40 47/5/45 17/15/46 7/26/41
f 16/16/47 49/6/48 51/18/49 4/25/50
f 28/1/51 54/22/43 7/26/41 17/15/46
f 29/3/52 16/16/47 4/25/50 30/10/53
f 2/27/54 10/28/55 53/9/56 18/20/57
f 52/8/58 5/29/59 12/30/60 19/19/61
f 21/2/62 55/21/63 9/31/64 24/7/65
f 24/7/65 9/31/64 5/29/59 52/8/58
f 10/28/55 3/25/36 23/10/38 53/9/56
f 26/20/66 46/9/67 8/28/68 1/27/69
f 12/30/60 5/29/59 45/8/70 25/19/71
f 55/21/63 27/2/72 31/7/73 9/31/64
f 5/29/59 9/31/64 31/7/73 45/8/70
f 46/9/67 30/10/53 4/25/50 8/28/68
f 13/32/74 6/33/75 41/13/76 32/14/77
f 33/11/78 42/12/79 10/28/55 2/27/54
f 57/23/80 34/4/81 38/17/82 11/34/83
f 6/33/75 11/34/83 38/17/82 41/13/76
f 42/12/79 37/18/33 3/25/36 10/28/55
f 44/13/84 6/33/75 13/32/74 40/14/85
f 1/27/69 8/28/68 43/12/86 39/11/87
f 8/28/68 4/25/50 51/18/49 43/12/86
f 50/17/88 11/34/83 6/33/75 44/13/84
f 48/4/89 57/23/80 11/34/83 50/17/88
f 70/35/90 71/36/90 72/37/90
f 77/36/91 78/35/91 79/37/91
f 84/38/92 85/39/92 86/40/92
f 97/39/93 98/38/93 99/40/93
f 74/41/94 102/42/95 103/43/95 73/44/94
f 89/45/96 93/46/97 94/47/97 90/48/96
f 65/49/98 70/35/99 72/37/99 64/50/98
f 71/36/100 74/41/94 73/44/94 72/37/100
f 81/41/101 77/36/102 79/37/102 80/44/101
f 88/51/103 84/38/104 86/40/104 87/52/103
f 75/53/105 95/42/106 96/43/106 76/54/105
f 99/40/107 66/50/108 67/49/108 97/39/107
f 82/48/109 91/47/110 92/46/110 83/45/109
f 101/52/111 99/40/112 98/38/112 100/51/111
f 102/42/95 69/53/113 68/54/113 103/43/95
f 95/42/106 81/41/101 80/44/101 96/43/106
f 66/50/108 79/37/114 78/35/114 67/49/108
f 93/46/97 101/52/111 100/51/111 94/47/97
f 91/47/110 88/51/103 87/52/103 92/46/110
f 64/50/98 86/40/115 85/39/115 65/49/98
f 87/52/116 86/40/117 64/50/118 60/55/119
f 64/50/118 72/37/120 73/44/121 60/55/119
f 66/50/122 99/40/123 101/52/124 61/55/125
f 79/37/126 66/50/122 61/55/125 80/44/127
f 59/56/128 63/57/129 103/43/130 68/54/131
f 63/57/129 60/55/119 73/44/121 103/43/130
f 76/54/132 96/43/133 62/57/134 58/56/135
f 96/43/133 80/44/127 61/55/125 62/57/134
f 83/45/136 92/46/137 63/57/129 59/56/128
f 92/46/137 87/52/116 60/55/119 63/57/129
f 58/56/135 62/57/134 93/46/138 89/45/139
f 62/57/134 61/55/125 101/52/124 93/46/138
f 111/58/140 104/59/141 105/59/142 110/58/143
f 113/60/144 106/61/145 107/61/146 112/60/147
f 106/61/145 117/62/148 116/62/149 107/61/146
f 104/59/141 115/63/150 114/63/151 105/59/142
f 119/64/152 120/65/153 121/65/154 118/64/155
f 123/66/156 124/67/157 125/67/158 122/66/159
f 122/66/160 108/68/161 109/68/162 123/66/163
f 108/68/161 119/64/164 118/64/165 109/68/162
f 120/65/166 111/58/140 110/58/143 121/65/167
f 112/60/147 125/67/168 124/67/169 113/60/144
f 104/59/141 111/58/140 81/41/170 95/42/171
f 102/42/172 105/59/142 114/63/151 69/53/173
f 74/41/174 110/58/143 105/59/142 102/42/172
f 115/63/150 104/59/141 95/42/171 75/53/175
f 100/51/176 112/60/147 107/61/146 94/47/177
f 106/61/145 113/60/144 88/51/178 91/47/179
f 94/47/177 107/61/146 116/62/149 90/48/180
f 117/62/148 106/61/145 91/47/179 82/48/181
f 122/66/160 97/39/182 67/49/183 108/68/161
f 85/39/184 123/66/163 109/68/162 65/49/185
f 109/68/162 118/64/165 70/35/186 65/49/185
f 78/35/187 119/64/164 108/68/161 67/49/183
f 120/65/166 77/36/188 81/41/170 111/58/140
f 71/36/189 121/65/167 110/58/143 74/41/174
f 124/67/169 84/38/190 88/51/178 113/60/144
f 98/38/191 125/67/168 112/60/147 100/51/176
f 77/36/192 120/65/153 119/64/152 78/35/192
f 121/65/154 71/36/193 70/35/193 118/64/155
f 84/38/194 124/67/157 123/66/156 85/39/194
f 125/67/158 98/38/195 97/39/195 122/66/159
f 138/35/196 139/36/196 140/37/196
f 145/36/197 146/35/197 147/37/197
f 152/38/198 153/39/198 154/40/198
f 165/39/199 166/38/199 167/40/199
f 142/41/200 170/42/201 171/43/201 141/44/200
f 157/45/202 161/46/203 162/47/203 158/48/202
f 133/49/204 138/35/205 140/37/205 132/50/204
f 139/36/206 142/41/200 141/44/200 140/37/206
f 149/41/207 145/36/208 147/37/208 148/44/207
f 156/51/209 152/38/210 154/40/210 155/52/209
f 143/53/211 163/42/212 164/43/212 144/54/211
f 167/40/213 134/50/214 135/49/214 165/39/213
f 150/48/215 159/47/216 160/46/216 151/45/215
f 169/52/217 167/40/218 166/38/218 168/51/217
f 170/42/201 137/53/219 136/54/219 171/43/201
f 163/42/212 149/41/207 148/44/207 164/43/212
f 134/50/214 147/37/220 146/35/220 135/49/214
f 161/46/203 169/52/217 168/51/217 162/47/203
f 159/47/216 156/51/209 155/52/209 160/46/216
f 132/50/204 154/40/221 153/39/221 133/49/204
f 155/52/222 154/40/223 132/50/224 128/55/225
f 132/50/224 140/37/226 141/44/227 128/55/225
f 134/50/228 167/40/229 169/52/230 129/55/231
f 147/37/232 134/50/228 129/55/231 148/44/233
f 127/56/234 131/57/235 171/43/236 136/54/237
f 131/57/235 128/55/225 141/44/227 171/43/236
f 144/54/238 164/43/239 130/57/240 126/56/241
f 164/43/239 148/44/233 129/55/231 130/57/240
f 151/45/242 160/46/243 131/57/235 127/56/234
f 160/46/243 155/52/222 128/55/225 131/57/235
f 126/56/241 130/57/240 161/46/244 157/45/245
f 130/57/240 129/55/231 169/52/230 161/46/244
f 179/58/246 172/59/247 173/59/248 178/58/249
f 181/60/250 174/61/251 175/61/252 180/60/253
f 174/61/251 185/62/254 184/62/255 175/61/252
f 172/59/247 183/63/256 182/63/257 173/59/248
f 187/64/258 188/65/259 189/65/260 186/64/261
f 191/66/262 192/67/263 193/67/264 190/66/265
f 190/66/266 176/68/267 177/68/268 191/66/269
f 176/68/267 187/64/270 186/64/271 177/68/268
f 188/65/272 179/58/246 178/58/249 189/65/273
f 180/60/253 193/67/274 192/67/275 181/60/250
f 172/59/247 179/58/246 149/41/276 163/42/277
f 170/42/278 173/59/248 182/63/257 137/53/279
f 142/41/280 178/58/249 173/59/248 170/42/278
f 183/63/256 172/59/247 163/42/277 143/53/281
f 168/51/282 180/60/253 175/61/252 162/47/283
f 174/61/251 181/60/250 156/51/284 159/47/285
f 162/47/283 175/61/252 184/62/255 158/48/286
f 185/62/254 174/61/251 159/47/285 150/48/287
f 190/66/266 165/39/288 135/49/289 176/68/267
f 153/39/290 191/66/269 177/68/268 133/49/291
f 177/68/268 186/64/271 138/35/292 133/49/291
f 146/35/293 187/64/270 176/68/267 135/49/289
f 188/65/272 145/36/294 149/41/276 179/58/246
f 139/36/295 189/65/273 178/58/249 142/41/280
f 192/67/275 152/38/296 156/51/284 181/60/250
f 166/38/297 193/67/274 180/60/253 168/51/282
f 145/36/298 188/65/259 187/64/258 146/35/298
f 189/65/260 139/36/299 138/35/299 186/64/261
f 152/38/300 192/67/263 191/66/262 153/39/300
f 193/67/264 166/38/301 165/39/301 190/66/265
f 213/1/302 214/2/302 215/3/302
f 220/2/303 221/1/303 222/3/303
f 227/4/304 228/5/304 229/6/304
f 240/5/305 241/4/305 242/6/305
f 217/7/306 245/8/307 246/9/307 216/10/306
f 232/11/308 236/12/309 237/13/309 233/14/308
f 208/15/310 213/1/311 215/3/311 207/16/310
f 214/2/312 217/7/306 216/10/306 215/3/312
f 224/7/313 220/2/314 222/3/314 223/10/313
f 231/17/315 227/4/316 229/6/316 230/18/315
f 218/19/317 238/8/318 239/9/318 219/20/317
f 242/6/319 209/16/320 210/15/320 240/5/319
f 225/14/321 234/13/322 235/12/322 226/11/321
f 244/18/323 242/6/324 241/4/324 243/17/323
f 245/8/307 212/19/325 211/20/325 246/9/307
f 248/21/326 214/2/327 213/1/327 247/22/326
f 238/8/318 224/7/313 223/10/313 239/9/318
f 209/16/320 222/3/328 221/1/328 210/15/320
f 236/12/309 244/18/323 243/17/323 237/13/309
f 250/23/329 241/4/330 240/5/330 249/24/329
f 234/13/322 231/17/315 230/18/315 235/12/322
f 207/16/310 229/6/331 228/5/331 208/15/310
f 220/2/332 248/21/326 247/22/326 221/1/332
f 227/4/333 250/23/329 249/24/329 228/5/333
f 230/18/334 229/6/335 207/16/336 196/25/337
f 207/16/336 215/3/338 216/10/339 196/25/337
f 228/5/340 249/24/341 200/26/41 208/15/342
f 200/26/41 247/22/343 213/1/344 208/15/342
f 249/24/341 240/5/345 210/15/346 200/26/41
f 209/16/347 242/6/348 244/18/349 197/25/350
f 221/1/351 247/22/343 200/26/41 210/15/346
f 222/3/352 209/16/347 197/25/350 223/10/353
f 195/27/354 203/28/355 246/9/356 211/20/357
f 245/8/358 198/29/359 205/30/360 212/19/361
f 214/2/362 248/21/363 202/31/364 217/7/365
f 217/7/365 202/31/364 198/29/359 245/8/358
f 203/28/355 196/25/337 216/10/339 246/9/356
f 219/20/366 239/9/367 201/28/368 194/27/369
f 205/30/360 198/29/359 238/8/370 218/19/371
f 248/21/363 220/2/372 224/7/373 202/31/364
f 198/29/359 202/31/364 224/7/373 238/8/370
f 239/9/367 223/10/353 197/25/350 201/28/368
f 206/32/374 199/33/375 234/13/376 225/14/377
f 226/11/378 235/12/379 203/28/355 195/27/354
f 250/23/380 227/4/381 231/17/382 204/34/383
f 199/33/375 204/34/383 231/17/382 234/13/376
f 235/12/379 230/18/334 196/25/337 203/28/355
f 237/13/384 199/33/375 206/32/374 233/14/385
f 194/27/369 201/28/368 236/12/386 232/11/387
f 201/28/368 197/25/350 244/18/349 236/12/386
f 243/17/388 204/34/383 199/33/375 237/13/384
f 241/4/389 250/23/380 204/34/383 243/17/388
f 270/1/390 271/2/390 272/3/390
f 277/2/391 278/1/391 279/3/391
f 284/4/392 285/5/392 286/6/392
f 297/5/393 298/4/393 299/6/393
f 274/7/394 302/8/395 303/9/395 273/10/394
f 289/11/396 293/12/397 294/13/397 290/14/396
f 265/15/398 270/1/399 272/3/399 264/16/398
f 271/2/400 274/7/394 273/10/394 272/3/400
f 281/7/401 277/2/402 279/3/402 280/10/401
f 288/17/403 284/4/404 286/6/404 287/18/403
f 275/19/405 295/8/406 296/9/406 276/20/405
f 299/6/407 266/16/408 267/15/408 297/5/407
f 282/14/409 291/13/410 292/12/410 283/11/409
f 301/18/411 299/6/412 298/4/412 300/17/411
f 302/8/395 269/19/413 268/20/413 303/9/395
f 305/21/414 271/2/415 270/1/415 304/22/414
f 295/8/406 281/7/401 280/10/401 296/9/406
f 266/16/408 279/3/416 278/1/416 267/15/408
f 293/12/397 301/18/411 300/17/411 294/13/397
f 307/23/417 298/4/418 297/5/418 306/24/417
f 291/13/410 288/17/403 287/18/403 292/12/410
f 264/16/398 286/6/419 285/5/419 265/15/398
f 277/2/420 305/21/414 304/22/414 278/1/420
f 284/4/421 307/23/417 306/24/417 285/5/421
f 287/18/422 286/6/423 264/16/424 253/25/425
f 264/16/424 272/3/426 273/10/427 253/25/425
f 285/5/428 306/24/429 257/26/41 265/15/430
f 257/26/41 304/22/431 270/1/432 265/15/430
f 306/24/429 297/5/433 267/15/434 257/26/41
f 266/16/435 299/6/436 301/18/437 254/25/438
f 278/1/439 304/22/431 257/26/41 267/15/434
f 279/3/440 266/16/435 254/25/438 280/10/441
f 252/27/442 260/28/443 303/9/444 268/20/445
f 302/8/446 255/29/447 262/30/448 269/19/449
f 271/2/450 305/21/451 259/31/452 274/7/453
f 274/7/453 259/31/452 255/29/447 302/8/446
f 260/28/443 253/25/425 273/10/427 303/9/444
f 276/20/454 296/9/455 258/28/456 251/27/457
f 262/30/448 255/29/447 295/8/458 275/19/459
f 305/21/451 277/2/460 281/7/461 259/31/452
f 255/29/447 259/31/452 281/7/461 295/8/458
f 296/9/455 280/10/441 254/25/438 258/28/456
f 263/32/462 256/33/463 291/13/464 282/14/465
f 283/11/466 292/12/467 260/28/443 252/27/442
f 307/23/468 284/4/469 288/17/470 261/34/471
f 256/33/463 261/34/471 288/17/470 291/13/464
f 292/12/467 287/18/422 253/25/425 260/28/443
f 294/13/472 256/33/463 263/32/462 290/14/473
f 251/27/457 258/28/456 293/12/474 289/11/475
f 258/28/456 254/25/438 301/18/437 293/12/474
f 300/17/476 261/34/471 256/33/463 294/13/472
f 298/4/477 307/23/468 261/34/471 300/17/476
f 327/69/478 328/70/478 329/71/478
f 334/70/479 335/69/479 336/71/479
f 341/72/480 342/73/480 343/74/480
f 354/73/481 355/72/481 356/74/481
f 331/75/482 359/76/483 360/77/483 330/78/482
f 346/79/484 350/80/485 351/81/485 347/82/484
f 322/83/486 327/69/487 329/71/487 321/84/486
f 328/70/488 331/75/482 330/78/482 329/71/488
f 338/75/489 334/70/490 336/71/490 337/78/489
f 345/85/491 341/72/492 343/74/492 344/86/491
f 332/87/493 352/76/494 353/77/494 333/88/493
f 356/74/495 323/84/496 324/83/496 354/73/495
f 339/82/497 348/81/498 349/80/498 340/79/497
f 358/86/499 356/74/500 355/72/500 357/85/499
f 359/76/483 326/87/501 325/88/501 360/77/483
f 362/89/502 328/70/503 327/69/503 361/90/502
f 352/76/494 338/75/489 337/78/489 353/77/494
f 323/84/496 336/71/504 335/69/504 324/83/496
f 350/80/485 358/86/499 357/85/499 351/81/485
f 364/91/505 355/72/506 354/73/506 363/92/505
f 348/81/498 345/85/491 344/86/491 349/80/498
f 321/84/486 343/74/507 342/73/507 322/83/486
f 334/70/508 362/89/502 361/90/502 335/69/508
f 341/72/509 364/91/505 363/92/505 342/73/509
f 344/86/510 343/74/511 321/84/512 310/93/513
f 321/84/512 329/71/514 330/78/515 310/93/513
f 342/73/516 363/92/517 314/94/41 322/83/518
f 314/94/41 361/90/519 327/69/520 322/83/518
f 363/92/517 354/73/521 324/83/522 314/94/41
f 323/84/523 356/74/524 358/86/525 311/93/526
f 335/69/527 361/90/519 314/94/41 324/83/522
f 336/71/528 323/84/523 311/93/526 337/78/529
f 309/95/530 317/96/531 360/77/532 325/88/533
f 359/76/534 312/97/535 319/98/536 326/87/537
f 328/70/538 362/89/539 316/99/540 331/75/541
f 331/75/541 316/99/540 312/97/535 359/76/534
f 317/96/531 310/93/513 330/78/515 360/77/532
f 333/88/542 353/77/543 315/96/544 308/95/545
f 319/98/536 312/97/535 352/76/546 332/87/547
f 362/89/539 334/70/548 338/75/549 316/99/540
f 312/97/535 316/99/540 338/75/549 352/76/546
f 353/77/543 337/78/529 311/93/526 315/96/544
f 320/100/550 313/101/551 348/81/552 339/82/553
f 340/79/554 349/80/555 317/96/531 309/95/530
f 364/91/556 341/72/557 345/85/558 318/102/559
f 313/101/551 318/102/559 345/85/558 348/81/552
f 349/80/555 344/86/510 310/93/513 317/96/531
f 351/81/560 313/101/551 320/100/550 347/82/561
f 308/95/545 315/96/544 350/80/562 346/79/563
f 315/96/544 311/93/526 358/86/525 350/80/562
f 357/85/564 318/102/559 313/101/551 351/81/560
f 355/72/565 364/91/556 318/102/559 357/85/564
f 384/69/566 385/70/566 386/71/566
f 391/70/567 392/69/567 393/71/567
f 398/72/568 399/73/568 400/74/568
f 411/73/569 412/72/569 413/74/569
f 388/75/570 416/76/571 417/77/571 387/78/570
f 403/79/572 407/80/573 408/81/573 404/82/572
f 379/83/574 384/69/575 386/71/575 378/84/574
f 385/70/576 388/75/570 387/78/570 386/71/576
f 395/75/577 391/70/578 393/71/578 394/78/577
f 402/85/579 398/72/580 400/74/580 401/86/579
f 389/87/581 409/76/582 410/77/582 390/88/581
f 413/74/583 380/84/584 381/83/584 411/73/583
f 396/82/585 405/81/586 406/80/586 397/79/585
f 415/86/587 413/74/588 412/72/588 414/85/587
f 416/76/571 383/87/589 382/88/589 417/77/571
f 419/89/590 385/70/591 384/69/591 418/90/590
f 409/76/582 395/75/577 394/78/577 410/77/582
f 380/84/584 393/71/592 392/69/592 381/83/584
f 407/80/573 415/86/587 414/85/587 408/81/573
f 421/91/593 412/72/594 411/73/594 420/92/593
f 405/81/586 402/85/579 401/86/579 406/80/586
f 378/84/574 400/74/595 399/73/595 379/83/574
f 391/70/596 419/89/590 418/90/590 392/69/596
f 398/72/597 421/91/593 420/92/593 399/73/597
f 401/86/598 400/74/599 378/84/600 367/93/601
f 378/84/600 386/71/602 387/78/603 367/93/601
f 399/73/604 420/92/605 371/94/606 379/83/607
f 371/94/606 418/90/608 384/69/609 379/83/607
f 420/92/605 411/73/610 381/83/611 371/94/606
f 380/84/612 413/74/613 415/86/614 368/93/615
f 392/69/616 418/90/608 371/94/606 381/83/611
f 393/71/617 380/84/612 368/93/615 394/78/618
f 366/95/619 374/96/620 417/77/621 382/88/622
f 416/76/623 369/97/624 376/98/625 383/87/626
f 385/70/627 419/89/628 373/99/629 388/75/630
f 388/75/630 373/99/629 369/97/624 416/76/623
f 374/96/620 367/93/601 387/78/603 417/77/621
f 390/88/631 410/77/632 372/96/633 365/95/634
f 376/98/625 369/97/624 409/76/635 389/87/636
f 419/89/628 391/70/637 395/75/638 373/99/629
f 369/97/624 373/99/629 395/75/638 409/76/635
f 410/77/632 394/78/618 368/93/615 372/96/633
f 377/100/639 370/101/640 405/81/641 396/82/642
f 397/79/643 406/80/644 374/96/620 366/95/619
f 421/91/645 398/72/646 402/85/647 375/102/648
f 370/101/640 375/102/648 402/85/647 405/81/641
f 406/80/644 401/86/598 367/93/601 374/96/620
f 408/81/649 370/101/640 377/100/639 404/82/650
f 365/95/634 372/96/633 407/80/651 403/79/652
f 372/96/633 368/93/615 415/86/614 407/80/651
f 414/85/653 375/102/648 370/101/640 408/81/649
f 412/72/654 421/91/645 375/102/648 414/85/653
f 441/69/655 442/70/655 443/71/655
f 448/70/656 449/69/656 450/71/656
f 455/72/657 456/73/657 457/74/657
f 468/73/658 469/72/658 470/74/658
f 445/75/659 473/76/660 474/77/660 444/78/659
f 460/79/661 464/80/662 465/81/662 461/82/661
f 436/83/663 441/69/664 443/71/664 435/84/663
f 442/70/665 445/75/659 444/78/659 443/71/665
f 452/75/666 448/70/667 450/71/667 451/78/666
f 459/85/668 455/72/669 457/74/669 458/86/668
f 446/87/670 466/76/671 467/77/671 447/88/670
f 470/74/672 437/84/673 438/83/673 468/73/672
f 453/82/674 462/81/675 463/80/675 454/79/674
f 472/86/676 470/74/677 469/72/677 471/85/676
f 473/76/660 440/87/678 439/88/678 474/77/660
f 476/89/679 442/70/680 441/69/680 475/90/679
f 466/76/671 452/75/666 451/78/666 467/77/671
f 437/84/673 450/71/681 449/69/681 438/83/673
f 464/80/662 472/86/676 471/85/676 465/81/662
f 478/91/682 469/72/683 468/73/683 477/92/682
f 462/81/675 459/85/668 458/86/668 463/80/675
f 435/84/663 457/74/684 456/73/684 436/83/663
f 448/70/685 476/89/679 475/90/679 449/69/685
f 455/72/686 478/91/682 477/92/682 456/73/686
f 458/86/687 457/74/688 435/84/689 424/93/690
f 435/84/689 443/71/691 444/78/692 424/93/690
f 456/73/693 477/92/694 428/94/41 436/83/695
f 428/94/41 475/90/696 441/69/697 436/83/695
f 477/92/694 468/73/698 438/83/699 428/94/41
f 437/84/700 470/74/701 472/86/702 425/93/703
f 449/69/704 475/90/696 428/94/41 438/83/699
f 450/71/705 437/84/700 425/93/703 451/78/706
f 423/95/707 431/96/708 474/77/709 439/88/710
f 473/76/711 426/97/712 433/98/713 440/87/714
f 442/70/715 476/89/716 430/99/717 445/75/718
f 445/75/718 430/99/717 426/97/712 473/76/711
f 431/96/708 424/93/690 444/78/692 474/77/709
f 447/88/719 467/77/720 429/96/721 422/95/722
f 433/98/713 426/97/712 466/76/723 446/87/724
f 476/89/716 448/70/725 452/75/726 430/99/717
f 426/97/712 430/99/717 452/75/726 466/76/723
f 467/77/720 451/78/706 425/93/703 429/96/721
f 434/100/727 427/101/728 462/81/729 453/82/730
f 454/79/731 463/80/732 431/96/708 423/95/707
f 478/91/733 455/72/734 459/85/735 432/102/736
f 427/101/728 432/102/736 459/85/735 462/81/729
f 463/80/732 458/86/687 424/93/690 431/96/708
f 465/81/737 427/101/728 434/100/727 461/82/738
f 422/95/722 429/96/721 464/80/739 460/79/740
f 429/96/721 425/93/703 472/86/702 464/80/739
f 471/85/741 432/102/736 427/101/728 465/81/737
f 469/72/742 478/91/733 432/102/736 471/85/741
f 498/69/743 499/70/743 500/71/743
f 505/70/744 506/69/744 507/71/744
f 512/72/745 513/73/745 514/74/745
f 525/73/746 526/72/746 527/74/746
f 502/75/747 530/76/748 531/77/748 501/78/747
f 517/79/749 521/80/750 522/81/750 518/82/749
f 493/83/751 498/69/752 500/71/752 492/84/751
f 499/70/753 502/75/747 501/78/747 500/71/753
f 509/75/754 505/70/755 507/71/755 508/78/754
f 516/85/756 512/72/757 514/74/757 515/86/756
f 503/87/758 523/76/759 524/77/759 504/88/758
f 527/74/760 494/84/761 495/83/761 525/73/760
f 510/82/762 519/81/763 520/80/763 511/79/762
f 529/86/764 527/74/765 526/72/765 528/85/764
f 530/76/748 497/87/766 496/88/766 531/77/748
f 533/89/767 499/70/768 498/69/768 532/90/767
f 523/76/759 509/75/754 508/78/754 524/77/759
f 494/84/761 507/71/769 506/69/769 495/83/761
f 521/80/750 529/86/764 528/85/764 522/81/750
f 535/91/770 526/72/771 525/73/771 534/92/770
f 519/81/763 516/85/756 515/86/756 520/80/763
f 492/84/751 514/74/772 513/73/772 493/83/751
f 505/70/773 533/89/767 532/90/767 506/69/773
f 512/72/774 535/91/770 534/92/770 513/73/774
f 515/86/775 514/74/776 492/84/777 481/93/778
f 492/84/777 500/71/779 501/78/780 481/93/778
f 513/73/781 534/92/782 485/94/41 493/83/783
f 485/94/41 532/90/784 498/69/785 493/83/783
f 534/92/782 525/73/786 495/83/787 485/94/41
f 494/84/788 527/74/789 529/86/790 482/93/791
f 506/69/792 532/90/784 485/94/41 495/83/787
f 507/71/793 494/84/788 482/93/791 508/78/794
f 480/95/795 488/96/796 531/77/797 496/88/798
f 530/76/799 483/97/800 490/98/801 497/87/802
f 499/70/803 533/89/804 487/99/805 502/75/806
f 502/75/806 487/99/805 483/97/800 530/76/799
f 488/96/796 481/93/778 501/78/780 531/77/797
f 504/88/807 524/77/808 486/96/809 479/95/810
f 490/98/801 483/97/800 523/76/811 503/87/812
f 533/89/804 505/70/813 509/75/814 487/99/805
f 483/97/800 487/99/805 509/75/814 523/76/811
f 524/77/808 508/78/794 482/93/791 486/96/809
f 491/100/815 484/101/816 519/81/817 510/82/818
f 511/79/819 520/80/820 488/96/796 480/95/795
f 535/91/821 512/72/822 516/85/823 489/102/824
f 484/101/816 489/102/824 516/85/823 519/81/817
f 520/80/820 515/86/775 481/93/778 488/96/796
f 522/81/825 484/101/816 491/100/815 518/82/826
f 479/95/810 486/96/809 521/80/827 517/79/828
f 486/96/809 482/93/791 529/86/790 521/80/827
f 528/85/829 489/102/824 484/101/816 522/81/825
f 526/72/830 535/91/821 489/102/824 528/85/829
f 555/69/831 556/70/831 557/71/831
f 562/70/832 563/69/832 564/71/832
f 569/72/833 570/73/833 571/74/833
f 582/73/834 583/72/834 584/74/834
f 559/75/835 587/76/836 588/77/836 558/78/835
f 574/79/837 578/80/838 579/81/838 575/82/837
f 550/83/839 555/69/840 557/71/840 549/84/839
f 556/70/841 559/75/835 558/78/835 557/71/841
f 566/75/842 562/70/843 564/71/843 565/78/842
f 573/85/844 569/72/845 571/74/845 572/86/844
f 560/87/846 580/76/847 581/77/847 561/88/846
f 584/74/848 551/84/849 552/83/849 582/73/848
f 567/82/850 576/81/851 577/80/851 568/79/850
f 586/86/852 584/74/853 583/72/853 585/85/852
f 587/76/836 554/87/854 553/88/854 588/77/836
f 590/89/855 556/70/856 555/69/856 589/90/855
f 580/76/847 566/75/842 565/78/842 581/77/847
f 551/84/849 564/71/857 563/69/857 552/83/849
f 578/80/838 586/86/852 585/85/852 579/81/838
f 592/91/858 583/72/859 582/73/859 591/92/858
f 576/81/851 573/85/844 572/86/844 577/80/851
f 549/84/839 571/74/860 570/73/860 550/83/839
f 562/70/861 590/89/855 589/90/855 563/69/861
f 569/72/862 592/91/858 591/92/858 570/73/862
f 572/86/863 571/74/864 549/84/865 538/93/866
f 549/84/865 557/71/867 558/78/868 538/93/866
f 570/73/869 591/92/870 542/94/41 550/83/871
f 542/94/41 589/90/872 555/69/873 550/83/871
f 591/92/870 582/73/874 552/83/875 542/94/41
f 551/84/876 584/74/877 586/86/878 539/93/879
f 563/69/880 589/90/872 542/94/41 552/83/875
f 564/71/881 551/84/876 539/93/879 565/78/882
f 537/95/883 545/96/884 588/77/885 553/88/886
f 587/76/887 540/97/888 547/98/889 554/87/890
f 556/70/891 590/89/892 544/99/893 559/75/894
f 559/75/894 544/99/893 540/97/888 587/76/887
f 545/96/884 538/93/866 558/78/868 588/77/885
f 561/88/895 581/77/896 543/96/897 536/95/898
f 547/98/889 540/97/888 580/76/899 560/87/900
f 590/89/892 562/70/901 566/75/902 544/99/893
f 540/97/888 544/99/893 566/75/902 580/76/899
f 581/77/896 565/78/882 539/93/879 543/96/897
f 548/100/903 541/101/904 576/81/905 567/82/906
f 568/79/907 577/80/908 545/96/884 537/95/883
f 592/91/909 569/72/910 573/85/911 546/102/912
f 541/101/904 546/102/912 573/85/911 576/81/905
f 577/80/908 572/86/863 538/93/866 545/96/884
f 579/81/913 541/101/904 548/100/903 575/82/914
f 536/95/898 543/96/897 578/80/915 574/79/916
f 543/96/897 539/93/879 586/86/878 578/80/915
f 585/85/917 546/102/912 541/101/904 579/81/913
f 583/72/918 592/91/909 546/102/912 585/85/917
f 612/69/919 613/70/919 614/71/919
f 619/70/920 620/69/920 621/71/920
f 626/72/921 627/73/921 628/74/921
f 639/73/922 640/72/922 641/74/922
f 616/75/923 644/76/924 645/77/924 615/78/923
f 631/79/925 635/80/926 636/81/926 632/82/925
f 607/83/927 612/69/928 614/71/928 606/84/927
f 613/70/929 616/75/923 615/78/923 614/71/929
f 623/75/930 619/70/931 621/71/931 622/78/930
f 630/85/932 626/72/933 628/74/933 629/86/932
f 617/87/934 637/76/935 638/77/935 618/88/934
f 641/74/936 608/84/937 609/83/937 639/73/936
f 624/82/938 633/81/939 634/80/939 625/79/938
f 643/86/940 641/74/941 640/72/941 642/85/940
f 644/76/924 611/87/942 610/88/942 645/77/924
f 647/89/943 613/70/944 612/69/944 646/90/943
f 637/76/935 623/75/930 622/78/930 638/77/935
f 608/84/937 621/71/945 620/69/945 609/83/937
f 635/80/926 643/86/940 642/85/940 636/81/926
f 649/91/946 640/72/947 639/73/947 648/92/946
f 633/81/939 630/85/932 629/86/932 634/80/939
f 606/84/927 628/74/948 627/73/948 607/83/927
f 619/70/949 647/89/943 646/90/943 620/69/949
f 626/72/950 649/91/946 648/92/946 627/73/950
f 629/86/951 628/74/952 606/84/953 595/93/954
f 606/84/953 614/71/955 615/78/956 595/93/954
f 627/73/957 648/92/958 599/94/41 607/83/959
f 599/94/41 646/90/960 612/69/961 607/83/959
f 648/92/958 639/73/962 609/83/963 599/94/41
f 608/84/964 641/74/965 643/86/966 596/93/967
f 620/69/968 646/90/960 599/94/41 609/83/963
f 621/71/969 608/84/964 596/93/967 622/78/970
f 594/95/971 602/96/972 645/77/973 610/88/974
f 644/76/975 597/97/976 604/98/977 611/87/978
f 613/70/979 647/89/980 601/99/981 616/75/982
f 616/75/982 601/99/981 597/97/976 644/76/975
f 602/96/972 595/93/954 615/78/956 645/77/973
f 618/88/983 638/77/984 600/96/985 593/95/986
f 604/98/977 597/97/976 637/76/987 617/87/988
f 647/89/980 619/70/989 623/75/990 601/99/981
f 597/97/976 601/99/981 623/75/990 637/76/987
f 638/77/984 622/78/970 596/93/967 600/96/985
f 605/100/991 598/101/992 633/81/993 624/82/994
f 625/79/995 634/80/996 602/96/972 594/95/971
f 649/91/997 626/72/998 630/85/999 603/102/1000
f 598/101/992 603/102/1000 630/85/999 633/81/993
f 634/80/996 629/86/951 595/93/954 602/96/972
f 636/81/1001 598/101/992 605/100/991 632/82/1002
f 593/95/986 600/96/985 635/80/1003 631/79/1004
f 600/96/985 596/93/967 643/86/966 635/80/1003
f 642/85/1005 603/102/1000 598/101/992 636/81/1001
f 640/72/1006 649/91/997 603/102/1000 642/85/1005
f 669/69/1007 670/70/1007 671/71/1007
f 676/70/1008 677/69/1008 678/71/1008
f 683/72/657 684/73/657 685/74/657
f 696/73/1009 697/72/1009 698/74/1009
f 673/75/659 701/76/660 702/77/660 672/78/659
f 688/79/661 692/80/662 693/81/662 689/82/661
f 664/83/663 669/69/664 671/71/664 663/84/663
f 670/70/665 673/75/659 672/78/659 671/71/665
f 680/75/1010 676/70/667 678/71/667 679/78/1010
f 687/85/668 683/72/669 685/74/669 686/86/668
f 674/87/670 694/76/671 695/77/671 675/88/670
f 698/74/672 665/84/673 666/83/673 696/73/672
f 681/82/674 690/81/675 691/80/675 682/79/674
f 700/86/676 698/74/677 697/72/677 699/85/676
f 701/76/660 668/87/678 667/88/678 702/77/660
f 704/89/679 670/70/680 669/69/680 703/90/679
f 694/76/671 680/75/1010 679/78/1010 695/77/671
f 665/84/673 678/71/681 677/69/681 666/83/673
f 692/80/662 700/86/676 699/85/676 693/81/662
f 706/91/682 697/72/683 696/73/683 705/92/682
f 690/81/675 687/85/668 686/86/668 691/80/675
f 663/84/663 685/74/684 684/73/684 664/83/663
f 676/70/685 704/89/679 703/90/679 677/69/685
f 683/72/686 706/91/682 705/92/682 684/73/686
f 686/86/687 685/74/688 663/84/689 652/93/690
f 663/84/689 671/71/691 672/78/692 652/93/690
f 684/73/693 705/92/694 656/94/41 664/83/695
f 656/94/41 703/90/696 669/69/697 664/83/695
f 705/92/694 696/73/698 666/83/699 656/94/41
f 665/84/700 698/74/701 700/86/702 653/93/703
f 677/69/704 703/90/696 656/94/41 666/83/699
f 678/71/705 665/84/700 653/93/703 679/78/706
f 651/95/707 659/96/708 702/77/709 667/88/710
f 701/76/711 654/97/712 661/98/713 668/87/714
f 670/70/715 704/89/716 658/99/717 673/75/718
f 673/75/718 658/99/717 654/97/712 701/76/711
f 659/96/708 652/93/690 672/78/692 702/77/709
f 675/88/719 695/77/720 657/96/721 650/95/722
f 661/98/713 654/97/712 694/76/723 674/87/724
f 704/89/716 676/70/725 680/75/726 658/99/717
f 654/97/712 658/99/717 680/75/726 694/76/723
f 695/77/720 679/78/706 653/93/703 657/96/721
f 662/100/727 655/101/728 690/81/729 681/82/730
f 682/79/731 691/80/732 659/96/708 651/95/707
f 706/91/733 683/72/734 687/85/735 660/102/736
f 655/101/728 660/102/736 687/85/735 690/81/729
f 691/80/732 686/86/687 652/93/690 659/96/708
f 693/81/737 655/101/728 662/100/727 689/82/738
f 650/95/722 657/96/721 692/80/739 688/79/740
f 657/96/721 653/93/703 700/86/702 692/80/739
f 699/85/741 660/102/736 655/101/728 693/81/737
f 697/72/742 706/91/733 660/102/736 699/85/741
f 726/69/1011 727/70/1011 728/71/1011
f 733/70/1012 734/69/1012 735/71/1012
f 740/72/1013 741/73/1013 742/74/1013
f 753/73/1014 754/72/1014 755/74/1014
f 730/75/1015 758/76/1016 759/77/1016 729/78/1015
f 745/79/1017 749/80/1018 750/81/1018 746/82/1017
f 721/83/1019 726/69/1020 728/71/1020 720/84/1019
f 727/70/1021 730/75/1015 729/78/1015 728/71/1021
f 737/75/1022 733/70/1023 735/71/1023 736/78/1022
f 744/85/1024 740/72/1025 742/74/1025 743/86/1024
f 731/87/1026 751/76/1027 752/77/1027 732/88/1026
f 755/74/1028 722/84/1029 723/83/1029 753/73/1028
f 738/82/1030 747/81/1031 748/80/1031 739/79/1030
f 757/86/1032 755/74/1033 754/72/1033 756/85/1032
f 758/76/1016 725/87/1034 724/88/1034 759/77/1016
f 761/89/1035 727/70/1036 726/69/1036 760/90/1035
f 751/76/1027 737/75/1022 736/78/1022 752/77/1027
f 722/84/1029 735/71/1037 734/69/1037 723/83/1029
f 749/80/1018 757/86/1032 756/85/1032 750/81/1018
f 763/91/1038 754/72/1039 753/73/1039 762/92/1038
f 747/81/1031 744/85/1024 743/86/1024 748/80/1031
f 720/84/1019 742/74/1040 741/73/1040 721/83/1019
f 733/70/1041 761/89/1035 760/90/1035 734/69/1041
f 740/72/1042 763/91/1038 762/92/1038 741/73/1042
f 743/86/1043 742/74/1044 720/84/1045 709/93/1046
f 720/84/1045 728/71/1047 729/78/1048 709/93/1046
f 741/73/1049 762/92/1050 713/94/1051 721/83/1052
f 713/94/1051 760/90/1053 726/69/1054 721/83/1052
f 762/92/1050 753/73/1055 723/83/1056 713/94/1051
f 722/84/1057 755/74/1058 757/86/1059 710/93/1060
f 734/69/1061 760/90/1053 713/94/1051 723/83/1056
f 735/71/1062 722/84/1057 710/93/1060 736/78/1063
f 708/95/1064 716/96/1065 759/77/1066 724/88/1067
f 758/76/1068 711/97/1069 718/98/1070 725/87/1071
f 727/70/1072 761/89/1073 715/99/1074 730/75/1075
f 730/75/1075 715/99/1074 711/97/1069 758/76/1068
f 716/96/1065 709/93/1046 729/78/1048 759/77/1066
f 732/88/1076 752/77/1077 714/96/1078 707/95/1079
f 718/98/1070 711/97/1069 751/76/1080 731/87/1081
f 761/89/1073 733/70/1082 737/75/1083 715/99/1074
f 711/97/1069 715/99/1074 737/75/1083 751/76/1080
f 752/77/1077 736/78/1063 710/93/1060 714/96/1078
f 719/100/1084 712/101/1085 747/81/1086 738/82/1087
f 739/79/1088 748/80/1089 716/96/1065 708/95/1064
f 763/91/1090 740/72/1091 744/85/1092 717/102/1093
f 712/101/1085 717/102/1093 744/85/1092 747/81/1086
f 748/80/1089 743/86/1043 709/93/1046 716/96/1065
f 750/81/1094 712/101/1085 719/100/1084 746/82/1095
f 707/95/1079 714/96/1078 749/80/1096 745/79/1097
f 714/96/1078 710/93/1060 757/86/1059 749/80/1096
f 756/85/1098 717/102/1093 712/101/1085 750/81/1094
f 754/72/1099 763/91/1090 717/102/1093 756/85/1098
f 783/69/1100 784/70/1100 785/71/1100
f 790/70/1101 791/69/1101 792/71/1101
f 797/72/1102 798/73/1102 799/74/1102
f 810/73/1103 811/72/1103 812/74/1103
f 787/75/1104 815/76/1105 816/77/1105 786/78/1104
f 802/79/1106 806/80/1107 807/81/1107 803/82/1106
f 778/83/1108 783/69/1109 785/71/1109 777/84/1108
f 784/70/1110 787/75/1104 786/78/1104 785/71/1110
f 794/75/1111 790/70/1112 792/71/1112 793/78/1111
f 801/85/1113 797/72/1114 799/74/1114 800/86/1113
f 788/87/1115 808/76/1116 809/77/1116 789/88/1115
f 812/74/1117 779/84/1118 780/83/1118 810/73/1117
f 795/82/1119 804/81/1120 805/80/1120 796/79/1119
f 814/86/1121 812/74/1122 811/72/1122 813/85/1121
f 815/76/1105 782/87/1123 781/88/1123 816/77/1105
f 818/89/1124 784/70/1125 783/69/1125 817/90/1124
f 808/76/1116 794/75/1111 793/78/1111 809/77/1116
f 779/84/1118 792/71/1126 791/69/1126 780/83/1118
f 806/80/1107 814/86/1121 813/85/1121 807/81/1107
f 820/91/1127 811/72/1128 810/73/1128 819/92/1127
f 804/81/1120 801/85/1113 800/86/1113 805/80/1120
f 777/84/1108 799/74/1129 798/73/1129 778/83/1108
f 790/70/1130 818/89/1124 817/90/1124 791/69/1130
f 797/72/1131 820/91/1127 819/92/1127 798/73/1131
f 800/86/1132 799/74/1133 777/84/1134 766/93/1135
f 777/84/1134 785/71/1136 786/78/1137 766/93/1135
f 798/73/1138 819/92/1139 770/94/1140 778/83/1141
f 770/94/1140 817/90/1142 783/69/1143 778/83/1141
f 819/92/1139 810/73/1144 780/83/1145 770/94/1140
f 779/84/1146 812/74/1147 814/86/1148 767/93/1149
f 791/69/1150 817/90/1142 770/94/1140 780/83/1145
f 792/71/1151 779/84/1146 767/93/1149 793/78/1152
f 765/95/1153 773/96/1154 816/77/1155 781/88/1156
f 815/76/1157 768/97/1158 775/98/1159 782/87/1160
f 784/70/1161 818/89/1162 772/99/1163 787/75/1164
f 787/75/1164 772/99/1163 768/97/1158 815/76/1157
f 773/96/1154 766/93/1135 786/78/1137 816/77/1155
f 789/88/1165 809/77/1166 771/96/1167 764/95/1168
f 775/98/1159 768/97/1158 808/76/1169 788/87/1170
f 818/89/1162 790/70/1171 794/75/1172 772/99/1163
f 768/97/1158 772/99/1163 794/75/1172 808/76/1169
f 809/77/1166 793/78/1152 767/93/1149 771/96/1167
f 776/100/1173 769/101/1174 804/81/1175 795/82/1176
f 796/79/1177 805/80/1178 773/96/1154 765/95/1153
f 820/91/1179 797/72/1180 801/85/1181 774/102/1182
f 769/101/1174 774/102/1182 801/85/1181 804/81/1175
f 805/80/1178 800/86/1132 766/93/1135 773/96/1154
f 807/81/1183 769/101/1174 776/100/1173 803/82/1184
f 764/95/1168 771/96/1167 806/80/1185 802/79/1186
f 771/96/1167 767/93/1149 814/86/1148 806/80/1185
f 813/85/1187 774/102/1182 769/101/1174 807/81/1183
f 811/72/1188 820/91/1179 774/102/1182 813/85/1187
f 840/69/304 841/70/304 842/71/304
f 847/70/302 848/69/302 849/71/302
f 854/72/305 855/73/305 856/74/305
f 867/73/303 868/72/303 869/74/303
f 844/75/315 872/76/322 873/77/322 843/78/315
f 859/79/1189 863/80/318 864/81/318 860/82/1189
f 835/83/329 840/69/1190 842/71/1190 834/84/329
f 841/70/1191 844/75/315 843/78/315 842/71/1191
f 851/75/306 847/70/312 849/71/312 850/78/306
f 858/85/323 854/72/1192 856/74/1192 857/86/323
f 845/87/1193 865/76/307 866/77/307 846/88/1193
f 869/74/332 836/84/326 837/83/326 867/73/332
f 852/82/1194 861/81/309 862/80/309 853/79/1194
f 871/86/313 869/74/1195 868/72/1195 870/85/313
f 872/76/322 839/87/1196 838/88/1196 873/77/322
f 875/89/310 841/70/331 840/69/331 874/90/310
f 865/76/307 851/75/306 850/78/306 866/77/307
f 836/84/326 849/71/327 848/69/327 837/83/326
f 863/80/318 871/86/313 870/85/313 864/81/318
f 877/91/320 868/72/328 867/73/328 876/92/320
f 861/81/309 858/85/323 857/86/323 862/80/309
f 834/84/329 856/74/330 855/73/330 835/83/329
f 847/70/311 875/89/310 874/90/310 848/69/311
f 854/72/319 877/91/320 876/92/320 855/73/319
f 857/86/388 856/74/389 834/84/380 823/93/383
f 834/84/380 842/71/381 843/78/382 823/93/383
f 855/73/345 876/92/346 827/94/41 835/83/341
f 827/94/41 874/90/342 840/69/340 835/83/341
f 876/92/346 867/73/351 837/83/343 827/94/41
f 836/84/363 869/74/372 871/86/373 824/93/364
f 848/69/344 874/90/342 827/94/41 837/83/343
f 849/71/362 836/84/363 824/93/364 850/78/365
f 822/95/374 830/96/375 873/77/376 838/88/377
f 872/76/379 825/97/355 832/98/354 839/87/378
f 841/70/335 875/89/336 829/99/337 844/75/334
f 844/75/334 829/99/337 825/97/355 872/76/379
f 830/96/375 823/93/383 843/78/382 873/77/376
f 846/88/361 866/77/358 828/96/359 821/95/360
f 832/98/354 825/97/355 865/76/356 845/87/357
f 875/89/336 847/70/338 851/75/339 829/99/337
f 825/97/355 829/99/337 851/75/339 865/76/356
f 866/77/358 850/78/365 824/93/364 828/96/359
f 833/100/369 826/101/368 861/81/386 852/82/387
f 853/79/385 862/80/384 830/96/375 822/95/374
f 877/91/347 854/72/348 858/85/349 831/102/350
f 826/101/368 831/102/350 858/85/349 861/81/386
f 862/80/384 857/86/388 823/93/383 830/96/375
f 864/81/367 826/101/368 833/100/369 860/82/366
f 821/95/360 828/96/359 863/80/370 859/79/371
f 828/96/359 824/93/364 871/86/373 863/80/370
f 870/85/353 831/102/350 826/101/368 864/81/367
f 868/72/352 877/91/347 831/102/350 870/85/353
f 897/69/1197 898/70/1197 899/71/1197
f 904/70/1198 905/69/1198 906/71/1198
f 911/72/1199 912/73/1199 913/74/1199
f 924/73/1200 925/72/1200 926/74/1200
f 901/75/1201 929/76/1202 930/77/1202 900/78/1201
f 916/79/1203 920/80/1204 921/81/1204 917/82/1203
f 892/83/1205 897/69/1206 899/71/1206 891/84/1205
f 898/70/1207 901/75/1201 900/78/1201 899/71/1207
f 908/75/1208 904/70/1209 906/71/1209 907/78/1208
f 915/85/1210 911/72/1211 913/74/1211 914/86/1210
f 902/87/1212 922/76/1213 923/77/1213 903/88/1212
f 926/74/1214 893/84/1215 894/83/1215 924/73/1214
f 909/82/1216 918/81/1217 919/80/1217 910/79/1216
f 928/86/1218 926/74/1219 925/72/1219 927/85/1218
f 929/76/1202 896/87/1220 895/88/1220 930/77/1202
f 932/89/1221 898/70/1222 897/69/1222 931/90/1221
f 922/76/1213 908/75/1208 907/78/1208 923/77/1213
f 893/84/1215 906/71/1223 905/69/1223 894/83/1215
f 920/80/1204 928/86/1218 927/85/1218 921/81/1204
f 934/91/1224 925/72/1225 924/73/1225 933/92/1224
f 918/81/1217 915/85/1210 914/86/1210 919/80/1217
f 891/84/1205 913/74/1226 912/73/1226 892/83/1205
f 904/70/1227 932/89/1221 931/90/1221 905/69/1227
f 911/72/1228 934/91/1224 933/92/1224 912/73/1228
f 914/86/1229 913/74/1230 891/84/1231 880/93/1232
f 891/84/1231 899/71/1233 900/78/1234 880/93/1232
f 912/73/1235 933/92/1236 884/94/1237 892/83/1238
f 884/94/1237 931/90/1239 897/69/1240 892/83/1238
f 933/92/1236 924/73/1241 894/83/1242 884/94/1237
f 893/84/1243 926/74/1244 928/86/1245 881/93/1246
f 905/69/1247 931/90/1239 884/94/1237 894/83/1242
f 906/71/1248 893/84/1243 881/93/1246 907/78/1249
f 879/95/1250 887/96/1251 930/77/1252 895/88/1253
f 929/76/1254 882/97/1255 889/98/1256 896/87/1257
f 898/70/1258 932/89/1259 886/99/1260 901/75/1261
f 901/75/1261 886/99/1260 882/97/1255 929/76/1254
f 887/96/1251 880/93/1232 900/78/1234 930/77/1252
f 903/88/1262 923/77/1263 885/96/1264 878/95/1265
f 889/98/1256 882/97/1255 922/76/1266 902/87/1267
f 932/89/1259 904/70/1268 908/75/1269 886/99/1260
f 882/97/1255 886/99/1260 908/75/1269 922/76/1266
f 923/77/1263 907/78/1249 881/93/1246 885/96/1264
f 890/100/1270 883/101/1271 918/81/1272 909/82/1273
f 910/79/1274 919/80/1275 887/96/1251 879/95/1250
f 934/91/1276 911/72/1277 915/85/1278 888/102/1279
f 883/101/1271 888/102/1279 915/85/1278 918/81/1272
f 919/80/1275 914/86/1229 880/93/1232 887/96/1251
f 921/81/1280 883/101/1271 890/100/1270 917/82/1281
f 878/95/1265 885/96/1264 920/80/1282 916/79/1283
f 885/96/1264 881/93/1246 928/86/1245 920/80/1282
f 927/85/1284 888/102/1279 883/101/1271 921/81/1280
f 925/72/1285 934/91/1276 888/102/1279 927/85/1284
